  0
SECTION
  2
HEADER
  9
$ACADVER
  1
AC1024
  9
$ACADMAINTVER
 70
6
  9
$DWGCODEPAGE
  3
ANSI_1252
  9
$LASTSAVEDBY
  1
ezdxf
  9
$INSBASE
 10
0.0
 20
0.0
 30
0.0
  9
$EXTMIN
 10
1e+20
 20
1e+20
 30
1e+20
  9
$EXTMAX
 10
-1e+20
 20
-1e+20
 30
-1e+20
  9
$LIMMIN
 10
0.0
 20
0.0
  9
$LIMMAX
 10
420.0
 20
297.0
  9
$ORTHOMODE
 70
0
  9
$REGENMODE
 70
1
  9
$FILLMODE
 70
1
  9
$QTEXTMODE
 70
0
  9
$MIRRTEXT
 70
1
  9
$LTSCALE
 40
1.0
  9
$ATTMODE
 70
1
  9
$TEXTSIZE
 40
2.5
  9
$TRACEWID
 40
1.0
  9
$TEXTSTYLE
  7
OpenSans
  9
$CLAYER
  8
0
  9
$CELTYPE
  6
ByLayer
  9
$CECOLOR
 62
256
  9
$CELTSCALE
 40
1.0
  9
$DISPSILH
 70
0
  9
$DIMSCALE
 40
1.0
  9
$DIMASZ
 40
0.175
  9
$DIMEXO
 40
0.125
  9
$DIMDLI
 40
3.75
  9
$DIMRND
 40
0.0
  9
$DIMDLE
 40
0.0
  9
$DIMEXE
 40
0.375
  9
$DIMTP
 40
0.0
  9
$DIMTM
 40
0.0
  9
$DIMTXT
 40
0.25
  9
$DIMCEN
 40
2.5
  9
$DIMTSZ
 40
0.0
  9
$DIMTOL
 70
0
  9
$DIMLIM
 70
0
  9
$DIMTIH
 70
0
  9
$DIMTOH
 70
0
  9
$DIMSE1
 70
0
  9
$DIMSE2
 70
0
  9
$DIMTAD
 70
1
  9
$DIMZIN
 70
12
  9
$DIMBLK
  1
ARCHTICK
  9
$DIMASO
 70
1
  9
$DIMSHO
 70
1
  9
$DIMPOST
  1

  9
$DIMAPOST
  1

  9
$DIMALT
 70
0
  9
$DIMALTD
 70
3
  9
$DIMALTF
 40
0.03937007874
  9
$DIMLFAC
 40
100.0
  9
$DIMTOFL
 70
1
  9
$DIMTVP
 40
0.0
  9
$DIMTIX
 70
0
  9
$DIMSOXD
 70
0
  9
$DIMSAH
 70
0
  9
$DIMBLK1
  1

  9
$DIMBLK2
  1

  9
$DIMSTYLE
  2
EZDXF
  9
$DIMCLRD
 70
0
  9
$DIMCLRE
 70
0
  9
$DIMCLRT
 70
0
  9
$DIMTFAC
 40
0.5
  9
$DIMGAP
 40
0.1
  9
$DIMJUST
 70
0
  9
$DIMSD1
 70
0
  9
$DIMSD2
 70
0
  9
$DIMTOLJ
 70
0
  9
$DIMTZIN
 70
8
  9
$DIMALTZ
 70
0
  9
$DIMALTTZ
 70
0
  9
$DIMUPT
 70
1
  9
$DIMDEC
 70
2
  9
$DIMTDEC
 70
2
  9
$DIMALTU
 70
2
  9
$DIMALTTD
 70
3
  9
$DIMTXSTY
  7
OpenSansCondensed-Light
  9
$DIMAUNIT
 70
0
  9
$DIMADEC
 70
2
  9
$DIMALTRND
 40
0.0
  9
$DIMAZIN
 70
3
  9
$DIMDSEP
 70
46
  9
$DIMATFIT
 70
3
  9
$DIMFRAC
 70
0
  9
$DIMLDRBLK
  1

  9
$DIMLUNIT
 70
2
  9
$DIMLWD
 70
-2
  9
$DIMLWE
 70
-2
  9
$DIMTMOVE
 70
2
  9
$DIMFXL
 40
1.0
  9
$DIMFXLON
 70
0
  9
$DIMJOGANG
 40
0.785398163397
  9
$DIMTFILL
 70
0
  9
$DIMTFILLCLR
 70
0
  9
$DIMARCSYM
 70
0
  9
$DIMLTYPE
  6

  9
$DIMLTEX1
  6

  9
$DIMLTEX2
  6

  9
$DIMTXTDIRECTION
 70
0
  9
$LUNITS
 70
2
  9
$LUPREC
 70
4
  9
$SKETCHINC
 40
1.0
  9
$FILLETRAD
 40
10.0
  9
$AUNITS
 70
0
  9
$AUPREC
 70
2
  9
$MENU
  1
.
  9
$ELEVATION
 40
0.0
  9
$PELEVATION
 40
0.0
  9
$THICKNESS
 40
0.0
  9
$LIMCHECK
 70
0
  9
$CHAMFERA
 40
0.0
  9
$CHAMFERB
 40
0.0
  9
$CHAMFERC
 40
0.0
  9
$CHAMFERD
 40
0.0
  9
$SKPOLY
 70
0
  9
$TDCREATE
 40
2461284.5678935186
  9
$TDUCREATE
 40
2458532.153996898
  9
$TDUPDATE
 40
2461284.5678935186
  9
$TDUUPDATE
 40
2458532.1544311
  9
$TDINDWG
 40
0.0
  9
$TDUSRTIMER
 40
0.0
  9
$USRTIMER
 70
1
  9
$ANGBASE
 50
0.0
  9
$ANGDIR
 70
0
  9
$PDMODE
 70
0
  9
$PDSIZE
 40
0.0
  9
$PLINEWID
 40
0.0
  9
$SPLFRAME
 70
0
  9
$SPLINETYPE
 70
6
  9
$SPLINESEGS
 70
8
  9
$HANDSEED
  5
36E
  9
$SURFTAB1
 70
6
  9
$SURFTAB2
 70
6
  9
$SURFTYPE
 70
6
  9
$SURFU
 70
6
  9
$SURFV
 70
6
  9
$UCSBASE
  2

  9
$UCSNAME
  2

  9
$UCSORG
 10
0.0
 20
0.0
 30
0.0
  9
$UCSXDIR
 10
1.0
 20
0.0
 30
0.0
  9
$UCSYDIR
 10
0.0
 20
1.0
 30
0.0
  9
$UCSORTHOREF
  2

  9
$UCSORTHOVIEW
 70
0
  9
$UCSORGTOP
 10
0.0
 20
0.0
 30
0.0
  9
$UCSORGBOTTOM
 10
0.0
 20
0.0
 30
0.0
  9
$UCSORGLEFT
 10
0.0
 20
0.0
 30
0.0
  9
$UCSORGRIGHT
 10
0.0
 20
0.0
 30
0.0
  9
$UCSORGFRONT
 10
0.0
 20
0.0
 30
0.0
  9
$UCSORGBACK
 10
0.0
 20
0.0
 30
0.0
  9
$PUCSBASE
  2

  9
$PUCSNAME
  2

  9
$PUCSORG
 10
0.0
 20
0.0
 30
0.0
  9
$PUCSXDIR
 10
1.0
 20
0.0
 30
0.0
  9
$PUCSYDIR
 10
0.0
 20
1.0
 30
0.0
  9
$PUCSORTHOREF
  2

  9
$PUCSORTHOVIEW
 70
0
  9
$PUCSORGTOP
 10
0.0
 20
0.0
 30
0.0
  9
$PUCSORGBOTTOM
 10
0.0
 20
0.0
 30
0.0
  9
$PUCSORGLEFT
 10
0.0
 20
0.0
 30
0.0
  9
$PUCSORGRIGHT
 10
0.0
 20
0.0
 30
0.0
  9
$PUCSORGFRONT
 10
0.0
 20
0.0
 30
0.0
  9
$PUCSORGBACK
 10
0.0
 20
0.0
 30
0.0
  9
$USERI1
 70
0
  9
$USERI2
 70
0
  9
$USERI3
 70
0
  9
$USERI4
 70
0
  9
$USERI5
 70
0
  9
$USERR1
 40
0.0
  9
$USERR2
 40
0.0
  9
$USERR3
 40
0.0
  9
$USERR4
 40
0.0
  9
$USERR5
 40
0.0
  9
$WORLDVIEW
 70
1
  9
$SHADEDGE
 70
3
  9
$SHADEDIF
 70
70
  9
$TILEMODE
 70
1
  9
$MAXACTVP
 70
64
  9
$PINSBASE
 10
0.0
 20
0.0
 30
0.0
  9
$PLIMCHECK
 70
0
  9
$PEXTMIN
 10
1e+20
 20
1e+20
 30
1e+20
  9
$PEXTMAX
 10
-1e+20
 20
-1e+20
 30
-1e+20
  9
$PLIMMIN
 10
0.0
 20
0.0
  9
$PLIMMAX
 10
420.0
 20
297.0
  9
$UNITMODE
 70
0
  9
$VISRETAIN
 70
1
  9
$PLINEGEN
 70
0
  9
$PSLTSCALE
 70
1
  9
$TREEDEPTH
 70
3020
  9
$CMLSTYLE
  2
Standard
  9
$CMLJUST
 70
0
  9
$CMLSCALE
 40
20.0
  9
$PROXYGRAPHICS
 70
1
  9
$MEASUREMENT
 70
1
  9
$CELWEIGHT
370
-1
  9
$ENDCAPS
280
0
  9
$JOINSTYLE
280
0
  9
$LWDISPLAY
290
0
  9
$INSUNITS
 70
6
  9
$HYPERLINKBASE
  1

  9
$STYLESHEET
  1

  9
$XEDIT
290
1
  9
$CEPSNTYPE
380
0
  9
$PSTYLEMODE
290
1
  9
$FINGERPRINTGUID
  2
{889C518D-F8EA-46D3-BF15-EECD303DABAD}
  9
$VERSIONGUID
  2
{81EAC1D5-E7AA-4EBD-B939-F042A0736AF0}
  9
$EXTNAMES
290
1
  9
$PSVPSCALE
 40
0.0
  9
$OLESTARTUP
290
0
  9
$SORTENTS
280
127
  9
$INDEXCTL
280
0
  9
$HIDETEXT
280
1
  9
$XCLIPFRAME
280
1
  9
$HALOGAP
280
0
  9
$OBSCOLOR
 70
257
  9
$OBSLTYPE
280
0
  9
$INTERSECTIONDISPLAY
280
0
  9
$INTERSECTIONCOLOR
 70
257
  9
$DIMASSOC
280
2
  9
$PROJECTNAME
  1

  9
$CAMERADISPLAY
290
0
  9
$LENSLENGTH
 40
50.0
  9
$CAMERAHEIGHT
 40
0.0
  9
$STEPSPERSEC
 40
24.0
  9
$STEPSIZE
 40
100.0
  9
$3DDWFPREC
 40
2.0
  9
$PSOLWIDTH
 40
0.005
  9
$PSOLHEIGHT
 40
0.08
  9
$LOFTANG1
 40
1.570796326795
  9
$LOFTANG2
 40
1.570796326795
  9
$LOFTMAG1
 40
0.0
  9
$LOFTMAG2
 40
0.0
  9
$LOFTPARAM
 70
7
  9
$LOFTNORMALS
280
1
  9
$LATITUDE
 40
37.795
  9
$LONGITUDE
 40
-122.394
  9
$NORTHDIRECTION
 40
0.0
  9
$TIMEZONE
 70
-8000
  9
$LIGHTGLYPHDISPLAY
280
1
  9
$TILEMODELIGHTSYNCH
280
1
  9
$CMATERIAL
347
20
  9
$SOLIDHIST
280
0
  9
$SHOWHIST
280
1
  9
$DWFFRAME
280
2
  9
$DGNFRAME
280
2
  9
$REALWORLDSCALE
290
1
  9
$INTERFERECOLOR
 62
256
  9
$CSHADOW
280
0
  9
$SHADOWPLANELOCATION
 40
0.0
  0
ENDSEC
  0
SECTION
  2
CLASSES
  0
CLASS
  1
ACDBDICTIONARYWDFLT
  2
AcDbDictionaryWithDefault
  3
ObjectDBX Classes
 90
0
 91
0
280
0
281
0
  0
CLASS
  1
SUN
  2
AcDbSun
  3
SCENEOE
 90
1153
 91
0
280
0
281
0
  0
CLASS
  1
VISUALSTYLE
  2
AcDbVisualStyle
  3
ObjectDBX Classes
 90
4095
 91
0
280
0
281
0
  0
CLASS
  1
MATERIAL
  2
AcDbMaterial
  3
ObjectDBX Classes
 90
1153
 91
0
280
0
281
0
  0
CLASS
  1
SCALE
  2
AcDbScale
  3
ObjectDBX Classes
 90
1153
 91
0
280
0
281
0
  0
CLASS
  1
TABLESTYLE
  2
AcDbTableStyle
  3
ObjectDBX Classes
 90
4095
 91
0
280
0
281
0
  0
CLASS
  1
MLEADERSTYLE
  2
AcDbMLeaderStyle
  3
ACDB_MLEADERSTYLE_CLASS
 90
4095
 91
0
280
0
281
0
  0
CLASS
  1
DICTIONARYVAR
  2
AcDbDictionaryVar
  3
ObjectDBX Classes
 90
0
 91
0
280
0
281
0
  0
CLASS
  1
CELLSTYLEMAP
  2
AcDbCellStyleMap
  3
ObjectDBX Classes
 90
1152
 91
0
280
0
281
0
  0
CLASS
  1
MENTALRAYRENDERSETTINGS
  2
AcDbMentalRayRenderSettings
  3
SCENEOE
 90
1024
 91
0
280
0
281
0
  0
CLASS
  1
ACDBDETAILVIEWSTYLE
  2
AcDbDetailViewStyle
  3
ObjectDBX Classes
 90
1025
 91
0
280
0
281
0
  0
CLASS
  1
ACDBSECTIONVIEWSTYLE
  2
AcDbSectionViewStyle
  3
ObjectDBX Classes
 90
1025
 91
0
280
0
281
0
  0
CLASS
  1
RASTERVARIABLES
  2
AcDbRasterVariables
  3
ISM
 90
0
 91
0
280
0
281
0
  0
CLASS
  1
ACDBPLACEHOLDER
  2
AcDbPlaceHolder
  3
ObjectDBX Classes
 90
0
 91
0
280
0
281
0
  0
CLASS
  1
LAYOUT
  2
AcDbLayout
  3
ObjectDBX Classes
 90
0
 91
0
280
0
281
0
  0
ENDSEC
  0
SECTION
  2
TABLES
  0
TABLE
  2
VPORT
  5
8
330
0
100
AcDbSymbolTable
 70
1
  0
VPORT
  5
23
330
8
100
AcDbSymbolTableRecord
100
AcDbViewportTableRecord
  2
*Active
 70
0
 10
0.0
 20
0.0
 11
1.0
 21
1.0
 12
0.0
 22
0.0
 13
0.0
 23
0.0
 14
0.5
 24
0.5
 15
0.5
 25
0.5
 16
0.0
 26
0.0
 36
1.0
 17
0.0
 27
0.0
 37
0.0
 40
1000.0
 41
1.34
 42
50.0
 43
0.0
 44
0.0
 50
0.0
 51
0.0
 71
0
 72
1000
 73
1
 74
3
 75
0
 76
0
 77
0
 78
0
281
0
 65
0
146
0.0
  0
ENDTAB
  0
TABLE
  2
LTYPE
  5
2
330
0
100
AcDbSymbolTable
 70
21
  0
LTYPE
  5
24
330
2
100
AcDbSymbolTableRecord
100
AcDbLinetypeTableRecord
  2
ByBlock
 70
0
  3

 72
65
 73
0
 40
0.0
  0
LTYPE
  5
25
330
2
100
AcDbSymbolTableRecord
100
AcDbLinetypeTableRecord
  2
ByLayer
 70
0
  3

 72
65
 73
0
 40
0.0
  0
LTYPE
  5
26
330
2
100
AcDbSymbolTableRecord
100
AcDbLinetypeTableRecord
  2
Continuous
 70
0
  3

 72
65
 73
0
 40
0.0
  0
LTYPE
  5
2F
330
2
100
AcDbSymbolTableRecord
100
AcDbLinetypeTableRecord
  2
CENTER
 70
0
  3
Center ____ _ ____ _ ____ _ ____ _ ____ _ ____
 72
65
 73
4
 40
5.08
 49
3.175
 74
0
 49
-0.635
 74
0
 49
0.635
 74
0
 49
-0.635
 74
0
  0
LTYPE
  5
30
330
2
100
AcDbSymbolTableRecord
100
AcDbLinetypeTableRecord
  2
CENTERX2
 70
0
  3
Center (2x) ________  __  ________  __  ________
 72
65
 73
4
 40
8.89
 49
6.35
 74
0
 49
-0.635
 74
0
 49
1.27
 74
0
 49
-0.635
 74
0
  0
LTYPE
  5
31
330
2
100
AcDbSymbolTableRecord
100
AcDbLinetypeTableRecord
  2
CENTER2
 70
0
  3
Center (.5x) ____ _ ____ _ ____ _ ____ _ ____
 72
65
 73
4
 40
2.54
 49
1.587
 74
0
 49
-0.318
 74
0
 49
0.318
 74
0
 49
-0.318
 74
0
  0
LTYPE
  5
32
330
2
100
AcDbSymbolTableRecord
100
AcDbLinetypeTableRecord
  2
DASHED
 70
0
  3
Dashed __ __ __ __ __ __ __ __ __ __ __ __ __ _
 72
65
 73
2
 40
1.524
 49
1.27
 74
0
 49
-0.254
 74
0
  0
LTYPE
  5
33
330
2
100
AcDbSymbolTableRecord
100
AcDbLinetypeTableRecord
  2
DASHEDX2
 70
0
  3
Dashed (2x) ____  ____  ____  ____  ____  ____
 72
65
 73
2
 40
3.048
 49
2.54
 74
0
 49
-0.508
 74
0
  0
LTYPE
  5
34
330
2
100
AcDbSymbolTableRecord
100
AcDbLinetypeTableRecord
  2
DASHED2
 70
0
  3
Dashed (.5x) _ _ _ _ _ _ _ _ _ _ _ _ _ _
 72
65
 73
2
 40
0.762
 49
0.635
 74
0
 49
-0.127
 74
0
  0
LTYPE
  5
35
330
2
100
AcDbSymbolTableRecord
100
AcDbLinetypeTableRecord
  2
PHANTOM
 70
0
  3
Phantom ______  __  __  ______  __  __  ______
 72
65
 73
6
 40
6.35
 49
3.175
 74
0
 49
-0.635
 74
0
 49
0.635
 74
0
 49
-0.635
 74
0
 49
0.635
 74
0
 49
-0.635
 74
0
  0
LTYPE
  5
36
330
2
100
AcDbSymbolTableRecord
100
AcDbLinetypeTableRecord
  2
PHANTOMX2
 70
0
  3
Phantom (2x)____________    ____    ____    ____________
 72
65
 73
6
 40
10.795
 49
6.35
 74
0
 49
-0.635
 74
0
 49
1.27
 74
0
 49
-0.635
 74
0
 49
1.27
 74
0
 49
-0.635
 74
0
  0
LTYPE
  5
37
330
2
100
AcDbSymbolTableRecord
100
AcDbLinetypeTableRecord
  2
PHANTOM2
 70
0
  3
Phantom (.5x) ___ _ _ ___ _ _ ___ _ _ ___ _ _ ___
 72
65
 73
6
 40
3.175
 49
1.587
 74
0
 49
-0.318
 74
0
 49
0.318
 74
0
 49
-0.318
 74
0
 49
0.318
 74
0
 49
-0.318
 74
0
  0
LTYPE
  5
38
330
2
100
AcDbSymbolTableRecord
100
AcDbLinetypeTableRecord
  2
DASHDOT
 70
0
  3
Dash dot __ . __ . __ . __ . __ . __ . __ . __
 72
65
 73
4
 40
3.556
 49
2.54
 74
0
 49
-0.508
 74
0
 49
0.0
 74
0
 49
-0.508
 74
0
  0
LTYPE
  5
39
330
2
100
AcDbSymbolTableRecord
100
AcDbLinetypeTableRecord
  2
DASHDOTX2
 70
0
  3
Dash dot (2x) ____  .  ____  .  ____  .  ____
 72
65
 73
4
 40
6.096
 49
5.08
 74
0
 49
-0.508
 74
0
 49
0.0
 74
0
 49
-0.508
 74
0
  0
LTYPE
  5
3A
330
2
100
AcDbSymbolTableRecord
100
AcDbLinetypeTableRecord
  2
DASHDOT2
 70
0
  3
Dash dot (.5x) _ . _ . _ . _ . _ . _ . _ . _
 72
65
 73
4
 40
1.778
 49
1.27
 74
0
 49
-0.254
 74
0
 49
0.0
 74
0
 49
-0.254
 74
0
  0
LTYPE
  5
3B
330
2
100
AcDbSymbolTableRecord
100
AcDbLinetypeTableRecord
  2
DOT
 70
0
  3
Dot .  .  .  .  .  .  .  .  .  .  .  .  .  .  .  .
 72
65
 73
2
 40
0.508
 49
0.0
 74
0
 49
-0.508
 74
0
  0
LTYPE
  5
3C
330
2
100
AcDbSymbolTableRecord
100
AcDbLinetypeTableRecord
  2
DOTX2
 70
0
  3
Dot (2x) .    .    .    .    .    .    .    . 
 72
65
 73
2
 40
1.016
 49
0.0
 74
0
 49
-1.016
 74
0
  0
LTYPE
  5
3D
330
2
100
AcDbSymbolTableRecord
100
AcDbLinetypeTableRecord
  2
DOT2
 70
0
  3
Dot (.5) . . . . . . . . . . . . . . . . . . . 
 72
65
 73
2
 40
0.254
 49
0.0
 74
0
 49
-0.254
 74
0
  0
LTYPE
  5
3E
330
2
100
AcDbSymbolTableRecord
100
AcDbLinetypeTableRecord
  2
DIVIDE
 70
0
  3
Divide __ . . __ . . __ . . __ . . __ . . __
 72
65
 73
6
 40
4.064
 49
2.54
 74
0
 49
-0.508
 74
0
 49
0.0
 74
0
 49
-0.508
 74
0
 49
0.0
 74
0
 49
-0.508
 74
0
  0
LTYPE
  5
3F
330
2
100
AcDbSymbolTableRecord
100
AcDbLinetypeTableRecord
  2
DIVIDEX2
 70
0
  3
Divide (2x) ____  . .  ____  . .  ____  . .  ____
 72
65
 73
6
 40
6.604
 49
5.08
 74
0
 49
-0.508
 74
0
 49
0.0
 74
0
 49
-0.508
 74
0
 49
0.0
 74
0
 49
-0.508
 74
0
  0
LTYPE
  5
40
330
2
100
AcDbSymbolTableRecord
100
AcDbLinetypeTableRecord
  2
DIVIDE2
 70
0
  3
Divide(.5x) _ . _ . _ . _ . _ . _ . _ . _
 72
65
 73
6
 40
2.032
 49
1.27
 74
0
 49
-0.254
 74
0
 49
0.0
 74
0
 49
-0.254
 74
0
 49
0.0
 74
0
 49
-0.254
 74
0
  0
ENDTAB
  0
TABLE
  2
LAYER
  5
1
330
0
100
AcDbSymbolTable
 70
10
  0
LAYER
  5
27
330
1
100
AcDbSymbolTableRecord
100
AcDbLayerTableRecord
  2
0
 70
0
 62
7
  6
Continuous
370
-3
390
13
347
21
  0
LAYER
  5
28
330
1
100
AcDbSymbolTableRecord
100
AcDbLayerTableRecord
  2
Defpoints
 70
0
 62
7
  6
Continuous
290
0
370
-3
390
13
347
21
  0
LAYER
  5
8A
330
1
100
AcDbSymbolTableRecord
100
AcDbLayerTableRecord
  2
HALL
 70
0
 62
5
  6
Continuous
370
-3
390
13
347
21
  0
LAYER
  5
8B
330
1
100
AcDbSymbolTableRecord
100
AcDbLayerTableRecord
  2
TRACK
 70
0
 62
7
  6
Continuous
370
-3
390
13
347
21
  0
LAYER
  5
8C
330
1
100
AcDbSymbolTableRecord
100
AcDbLayerTableRecord
  2
WALLS
 70
0
 62
8
  6
Continuous
370
-3
390
13
347
21
  0
LAYER
  5
8D
330
1
100
AcDbSymbolTableRecord
100
AcDbLayerTableRecord
  2
GRASS
 70
0
 62
3
  6
Continuous
370
-3
390
13
347
21
  0
LAYER
  5
8E
330
1
100
AcDbSymbolTableRecord
100
AcDbLayerTableRecord
  2
MARKERS
 70
0
 62
1
  6
Continuous
370
-3
390
13
347
21
  0
LAYER
  5
8F
330
1
100
AcDbSymbolTableRecord
100
AcDbLayerTableRecord
  2
FEATURES
 70
0
 62
2
  6
Continuous
370
-3
390
13
347
21
  0
LAYER
  5
90
330
1
100
AcDbSymbolTableRecord
100
AcDbLayerTableRecord
  2
GRID
 70
0
 62
6
  6
Continuous
370
-3
390
13
347
21
  0
LAYER
  5
91
330
1
100
AcDbSymbolTableRecord
100
AcDbLayerTableRecord
  2
FORKS
 70
0
 62
4
  6
Continuous
370
-3
390
13
347
21
  0
ENDTAB
  0
TABLE
  2
STYLE
  5
5
330
0
100
AcDbSymbolTable
 70
26
  0
STYLE
  5
29
330
5
100
AcDbSymbolTableRecord
100
AcDbTextStyleTableRecord
  2
Standard
 70
0
 40
0.0
 41
1.0
 50
0.0
 71
0
 42
2.5
  3
txt
  4

  0
STYLE
  5
41
330
5
100
AcDbSymbolTableRecord
100
AcDbTextStyleTableRecord
  2
OpenSans-Light
 70
0
 40
0.0
 41
1.0
 50
0.0
 71
0
 42
2.5
  3
OpenSans-Light.ttf
  4

  0
STYLE
  5
42
330
5
100
AcDbSymbolTableRecord
100
AcDbTextStyleTableRecord
  2
OpenSans-Light-Italic
 70
0
 40
0.0
 41
1.0
 50
0.0
 71
0
 42
2.5
  3
OpenSans-LightItalic.ttf
  4

  0
STYLE
  5
43
330
5
100
AcDbSymbolTableRecord
100
AcDbTextStyleTableRecord
  2
OpenSans
 70
0
 40
0.0
 41
1.0
 50
0.0
 71
0
 42
2.5
  3
OpenSans-Regular.ttf
  4

  0
STYLE
  5
44
330
5
100
AcDbSymbolTableRecord
100
AcDbTextStyleTableRecord
  2
OpenSans-Italic
 70
0
 40
0.0
 41
1.0
 50
0.0
 71
0
 42
2.5
  3
OpenSans-Italic.ttf
  4

  0
STYLE
  5
45
330
5
100
AcDbSymbolTableRecord
100
AcDbTextStyleTableRecord
  2
OpenSans-SemiBold
 70
0
 40
0.0
 41
1.0
 50
0.0
 71
0
 42
2.5
  3
OpenSans-SemiBold.ttf
  4

  0
STYLE
  5
46
330
5
100
AcDbSymbolTableRecord
100
AcDbTextStyleTableRecord
  2
OpenSans-SemiBoldItalic
 70
0
 40
0.0
 41
1.0
 50
0.0
 71
0
 42
2.5
  3
OpenSans-SemiBoldItalic.ttf
  4

  0
STYLE
  5
47
330
5
100
AcDbSymbolTableRecord
100
AcDbTextStyleTableRecord
  2
OpenSans-Bold
 70
0
 40
0.0
 41
1.0
 50
0.0
 71
0
 42
2.5
  3
OpenSans-Bold.ttf
  4

  0
STYLE
  5
48
330
5
100
AcDbSymbolTableRecord
100
AcDbTextStyleTableRecord
  2
OpenSans-BoldItalic
 70
0
 40
0.0
 41
1.0
 50
0.0
 71
0
 42
2.5
  3
OpenSans-BoldItalic.ttf
  4

  0
STYLE
  5
49
330
5
100
AcDbSymbolTableRecord
100
AcDbTextStyleTableRecord
  2
OpenSans-ExtraBold
 70
0
 40
0.0
 41
1.0
 50
0.0
 71
0
 42
2.5
  3
OpenSans-ExtraBold.ttf
  4

  0
STYLE
  5
4A
330
5
100
AcDbSymbolTableRecord
100
AcDbTextStyleTableRecord
  2
OpenSans-ExtraBoldItalic
 70
0
 40
0.0
 41
1.0
 50
0.0
 71
0
 42
2.5
  3
OpenSans-ExtraBoldItalic.ttf
  4

  0
STYLE
  5
4B
330
5
100
AcDbSymbolTableRecord
100
AcDbTextStyleTableRecord
  2
OpenSansCondensed-Bold
 70
0
 40
0.0
 41
1.0
 50
0.0
 71
0
 42
2.5
  3
OpenSansCondensed-Bold.ttf
  4

  0
STYLE
  5
4C
330
5
100
AcDbSymbolTableRecord
100
AcDbTextStyleTableRecord
  2
OpenSansCondensed-Light
 70
0
 40
0.0
 41
1.0
 50
0.0
 71
0
 42
2.5
  3
OpenSansCondensed-Light.ttf
  4

  0
STYLE
  5
4D
330
5
100
AcDbSymbolTableRecord
100
AcDbTextStyleTableRecord
  2
OpenSansCondensed-Italic
 70
0
 40
0.0
 41
1.0
 50
0.0
 71
0
 42
2.5
  3
OpenSansCondensed-LightItalic.ttf
  4

  0
STYLE
  5
4E
330
5
100
AcDbSymbolTableRecord
100
AcDbTextStyleTableRecord
  2
LiberationSans
 70
0
 40
0.0
 41
1.0
 50
0.0
 71
0
 42
2.5
  3
LiberationSans-Regular.ttf
  4

  0
STYLE
  5
4F
330
5
100
AcDbSymbolTableRecord
100
AcDbTextStyleTableRecord
  2
LiberationSans-Bold
 70
0
 40
0.0
 41
1.0
 50
0.0
 71
0
 42
2.5
  3
LiberationSans-Bold.ttf
  4

  0
STYLE
  5
50
330
5
100
AcDbSymbolTableRecord
100
AcDbTextStyleTableRecord
  2
LiberationSans-BoldItalic
 70
0
 40
0.0
 41
1.0
 50
0.0
 71
0
 42
2.5
  3
LiberationSans-BoldItalic.ttf
  4

  0
STYLE
  5
51
330
5
100
AcDbSymbolTableRecord
100
AcDbTextStyleTableRecord
  2
LiberationSans-Italic
 70
0
 40
0.0
 41
1.0
 50
0.0
 71
0
 42
2.5
  3
LiberationSans-Italic.ttf
  4

  0
STYLE
  5
52
330
5
100
AcDbSymbolTableRecord
100
AcDbTextStyleTableRecord
  2
LiberationSerif
 70
0
 40
0.0
 41
1.0
 50
0.0
 71
0
 42
2.5
  3
LiberationSerif-Regular.ttf
  4

  0
STYLE
  5
53
330
5
100
AcDbSymbolTableRecord
100
AcDbTextStyleTableRecord
  2
LiberationSerif-Bold
 70
0
 40
0.0
 41
1.0
 50
0.0
 71
0
 42
2.5
  3
LiberationSerif-Bold.ttf
  4

  0
STYLE
  5
54
330
5
100
AcDbSymbolTableRecord
100
AcDbTextStyleTableRecord
  2
LiberationSerif-BoldItalic
 70
0
 40
0.0
 41
1.0
 50
0.0
 71
0
 42
2.5
  3
LiberationSerif-BoldItalic.ttf
  4

  0
STYLE
  5
55
330
5
100
AcDbSymbolTableRecord
100
AcDbTextStyleTableRecord
  2
LiberationSerif-Italic
 70
0
 40
0.0
 41
1.0
 50
0.0
 71
0
 42
2.5
  3
LiberationSerif-Italic.ttf
  4

  0
STYLE
  5
56
330
5
100
AcDbSymbolTableRecord
100
AcDbTextStyleTableRecord
  2
LiberationMono
 70
0
 40
0.0
 41
1.0
 50
0.0
 71
0
 42
2.5
  3
LiberationMono-Regular.ttf
  4

  0
STYLE
  5
57
330
5
100
AcDbSymbolTableRecord
100
AcDbTextStyleTableRecord
  2
LiberationMono-Bold
 70
0
 40
0.0
 41
1.0
 50
0.0
 71
0
 42
2.5
  3
LiberationMono-Bold.ttf
  4

  0
STYLE
  5
58
330
5
100
AcDbSymbolTableRecord
100
AcDbTextStyleTableRecord
  2
LiberationMono-BoldItalic
 70
0
 40
0.0
 41
1.0
 50
0.0
 71
0
 42
2.5
  3
LiberationMono-BoldItalic.ttf
  4

  0
STYLE
  5
59
330
5
100
AcDbSymbolTableRecord
100
AcDbTextStyleTableRecord
  2
LiberationMono-Italic
 70
0
 40
0.0
 41
1.0
 50
0.0
 71
0
 42
2.5
  3
LiberationMono-Italic.ttf
  4

  0
ENDTAB
  0
TABLE
  2
VIEW
  5
7
330
0
100
AcDbSymbolTable
 70
0
  0
ENDTAB
  0
TABLE
  2
UCS
  5
6
330
0
100
AcDbSymbolTable
 70
0
  0
ENDTAB
  0
TABLE
  2
APPID
  5
3
330
0
100
AcDbSymbolTable
 70
3
  0
APPID
  5
2A
330
3
100
AcDbSymbolTableRecord
100
AcDbRegAppTableRecord
  2
ACAD
 70
0
  0
APPID
  5
36B
330
3
100
AcDbSymbolTableRecord
100
AcDbRegAppTableRecord
  2
HATCHBACKGROUNDCOLOR
 70
0
  0
APPID
  5
36C
330
3
100
AcDbSymbolTableRecord
100
AcDbRegAppTableRecord
  2
EZDXF
 70
0
  0
ENDTAB
  0
TABLE
  2
DIMSTYLE
  5
4
330
0
100
AcDbSymbolTable
 70
12
100
AcDbDimStyleTable
  0
DIMSTYLE
105
2B
330
4
100
AcDbSymbolTableRecord
100
AcDbDimStyleTableRecord
  2
Standard
 70
0
 40
1.0
 41
2.5
 42
0.625
 43
3.75
 44
1.25
 45
0.0
 46
0.0
 47
0.0
 48
0.0
 49
2.5
140
2.5
141
2.5
142
0.0
143
0.03937007874
144
1.0
145
0.0
146
1.0
147
0.625
148
0.0
 69
0
 70
0
 71
0
 72
0
 73
0
 74
0
 75
0
 76
0
 77
1
 78
8
 79
3
170
0
171
3
172
1
173
0
174
0
175
0
176
0
177
0
178
0
179
2
271
2
272
2
273
2
274
3
275
0
276
0
277
2
278
44
279
0
280
0
281
0
282
0
283
0
284
8
285
0
286
0
288
0
289
3
290
0
371
-2
372
-2
  0
DIMSTYLE
105
73
330
4
100
AcDbSymbolTableRecord
100
AcDbDimStyleTableRecord
  2
EZDXF
 70
0
 40
1.0
 41
0.175
 42
0.125
 43
3.75
 44
0.375
 45
0.0
 46
0.0
 47
0.0
 48
0.0
 49
2.5
140
0.25
141
2.5
142
0.0
143
0.03937007874
144
100.0
145
0.0
146
0.5
147
0.1
148
0.0
 69
0
 70
0
 71
0
 72
0
 73
0
 74
0
 75
0
 76
0
 77
1
 78
12
 79
3
170
0
171
3
172
1
173
0
174
0
175
0
176
0
177
0
178
0
179
2
271
2
272
2
273
2
274
3
275
0
276
0
277
2
278
46
279
2
280
0
281
0
282
0
283
0
284
8
285
0
286
0
288
1
289
3
290
0
340
4C
342
74
371
-2
372
-2
  0
DIMSTYLE
105
7C
330
4
100
AcDbSymbolTableRecord
100
AcDbDimStyleTableRecord
  2
EZ_M_100_H25_CM
 70
0
 40
1.0
 41
0.25
 42
0.125
 43
3.75
 44
0.375
 45
0.0
 46
0.0
 47
0.0
 48
0.0
 49
2.5
140
0.25
141
2.5
142
0.125
143
0.03937007874
144
100.0
145
0.0
146
0.5
147
0.1
148
0.0
 69
0
 70
0
 71
0
 72
0
 73
0
 74
0
 75
0
 76
0
 77
1
 78
12
 79
3
170
0
171
3
172
1
173
0
174
0
175
0
176
0
177
0
178
0
179
2
271
2
272
2
273
2
274
3
275
0
276
0
277
2
278
46
279
2
280
0
281
0
282
0
283
0
284
8
285
0
286
0
288
1
289
3
290
0
340
4C
371
-2
372
-2
  0
DIMSTYLE
105
7D
330
4
100
AcDbSymbolTableRecord
100
AcDbDimStyleTableRecord
  2
EZ_M_50_H25_CM
 70
0
 40
1.0
 41
0.125
 42
0.0625
 43
3.75
 44
0.1875
 45
0.0
 46
0.0
 47
0.0
 48
0.0
 49
2.5
140
0.125
141
2.5
142
0.0625
143
0.03937007874
144
100.0
145
0.0
146
0.5
147
0.05
148
0.0
 69
0
 70
0
 71
0
 72
0
 73
0
 74
0
 75
0
 76
0
 77
1
 78
12
 79
3
170
0
171
3
172
1
173
0
174
0
175
0
176
0
177
0
178
0
179
2
271
2
272
2
273
2
274
3
275
0
276
0
277
2
278
46
279
2
280
0
281
0
282
0
283
0
284
8
285
0
286
0
288
1
289
3
290
0
340
4C
371
-2
372
-2
  0
DIMSTYLE
105
7E
330
4
100
AcDbSymbolTableRecord
100
AcDbDimStyleTableRecord
  2
EZ_M_25_H25_CM
 70
0
 40
1.0
 41
0.0625
 42
0.03125
 43
3.75
 44
0.09375
 45
0.0
 46
0.0
 47
0.0
 48
0.0
 49
2.5
140
0.0625
141
2.5
142
0.03125
143
0.03937007874
144
100.0
145
0.0
146
0.5
147
0.025
148
0.0
 69
0
 70
0
 71
0
 72
0
 73
0
 74
0
 75
0
 76
0
 77
1
 78
12
 79
3
170
0
171
3
172
1
173
0
174
0
175
0
176
0
177
0
178
0
179
2
271
2
272
2
273
2
274
3
275
0
276
0
277
2
278
46
279
2
280
0
281
0
282
0
283
0
284
8
285
0
286
0
288
1
289
3
290
0
340
4C
371
-2
372
-2
  0
DIMSTYLE
105
7F
330
4
100
AcDbSymbolTableRecord
100
AcDbDimStyleTableRecord
  2
EZ_M_20_H25_CM
 70
0
 40
1.0
 41
0.05
 42
0.025
 43
3.75
 44
0.07500000000000001
 45
0.0
 46
0.0
 47
0.0
 48
0.0
 49
2.5
140
0.05
141
2.5
142
0.025
143
0.03937007874
144
100.0
145
0.0
146
0.5
147
0.020000000000000004
148
0.0
 69
0
 70
0
 71
0
 72
0
 73
0
 74
0
 75
0
 76
0
 77
1
 78
12
 79
3
170
0
171
3
172
1
173
0
174
0
175
0
176
0
177
0
178
0
179
2
271
2
272
2
273
2
274
3
275
0
276
0
277
2
278
46
279
2
280
0
281
0
282
0
283
0
284
8
285
0
286
0
288
1
289
3
290
0
340
4C
371
-2
372
-2
  0
DIMSTYLE
105
80
330
4
100
AcDbSymbolTableRecord
100
AcDbDimStyleTableRecord
  2
EZ_M_10_H25_CM
 70
0
 40
1.0
 41
0.025
 42
0.0125
 43
3.75
 44
0.037500000000000006
 45
0.0
 46
0.0
 47
0.0
 48
0.0
 49
2.5
140
0.025
141
2.5
142
0.0125
143
0.03937007874
144
100.0
145
0.0
146
0.5
147
0.010000000000000002
148
0.0
 69
0
 70
0
 71
0
 72
0
 73
0
 74
0
 75
0
 76
0
 77
1
 78
12
 79
3
170
0
171
3
172
1
173
0
174
0
175
0
176
0
177
0
178
0
179
2
271
2
272
2
273
2
274
3
275
0
276
0
277
2
278
46
279
2
280
0
281
0
282
0
283
0
284
8
285
0
286
0
288
1
289
3
290
0
340
4C
371
-2
372
-2
  0
DIMSTYLE
105
81
330
4
100
AcDbSymbolTableRecord
100
AcDbDimStyleTableRecord
  2
EZ_M_5_H25_CM
 70
0
 40
1.0
 41
0.0125
 42
0.00625
 43
3.75
 44
0.018750000000000003
 45
0.0
 46
0.0
 47
0.0
 48
0.0
 49
2.5
140
0.0125
141
2.5
142
0.00625
143
0.03937007874
144
100.0
145
0.0
146
0.5
147
0.005000000000000001
148
0.0
 69
0
 70
0
 71
0
 72
0
 73
0
 74
0
 75
0
 76
0
 77
1
 78
12
 79
3
170
0
171
3
172
1
173
0
174
0
175
0
176
0
177
0
178
0
179
2
271
2
272
2
273
2
274
3
275
0
276
0
277
2
278
46
279
2
280
0
281
0
282
0
283
0
284
8
285
0
286
0
288
1
289
3
290
0
340
4C
371
-2
372
-2
  0
DIMSTYLE
105
82
330
4
100
AcDbSymbolTableRecord
100
AcDbDimStyleTableRecord
  2
EZ_M_1_H25_CM
 70
0
 40
1.0
 41
0.0025
 42
0.00125
 43
3.75
 44
0.00375
 45
0.0
 46
0.0
 47
0.0
 48
0.0
 49
2.5
140
0.0025
141
2.5
142
0.00125
143
0.03937007874
144
100.0
145
0.0
146
0.5
147
0.001
148
0.0
 69
0
 70
0
 71
0
 72
0
 73
0
 74
0
 75
0
 76
0
 77
1
 78
12
 79
3
170
0
171
3
172
1
173
0
174
0
175
0
176
0
177
0
178
0
179
2
271
2
272
2
273
2
274
3
275
0
276
0
277
2
278
46
279
2
280
0
281
0
282
0
283
0
284
8
285
0
286
0
288
1
289
3
290
0
340
4C
371
-2
372
-2
  0
DIMSTYLE
105
83
330
4
100
AcDbSymbolTableRecord
100
AcDbDimStyleTableRecord
  2
EZ_RADIUS
 70
0
 40
1.0
 41
0.25
 42
0.125
 43
3.75
 44
0.375
 45
0.0
 46
0.0
 47
0.0
 48
0.0
 49
2.5
140
0.25
141
0.0
142
0.0
143
0.03937007874
144
100.0
145
0.0
146
0.5
147
0.1
148
0.0
 69
0
 70
0
 71
0
 72
0
 73
0
 74
0
 75
0
 76
0
 77
1
 78
12
 79
3
170
0
171
3
172
0
173
0
174
0
175
0
176
0
177
0
178
0
179
2
271
2
272
2
273
2
274
3
275
0
276
0
277
2
278
46
279
1
280
0
281
0
282
0
283
0
284
8
285
0
286
0
288
1
289
3
290
0
340
4C
342
84
371
-2
372
-2
  0
DIMSTYLE
105
88
330
4
100
AcDbSymbolTableRecord
100
AcDbDimStyleTableRecord
  2
EZ_RADIUS_INSIDE
 70
0
 40
1.0
 41
0.25
 42
0.125
 43
3.75
 44
0.375
 45
0.0
 46
0.0
 47
0.0
 48
0.0
 49
2.5
140
0.25
141
0.0
142
0.0
143
0.03937007874
144
100.0
145
0.0
146
0.5
147
0.1
148
0.0
 69
0
 70
0
 71
0
 72
0
 73
0
 74
0
 75
0
 76
0
 77
0
 78
12
 79
3
170
0
171
3
172
0
173
0
174
1
175
0
176
0
177
0
178
0
179
2
271
2
272
2
273
2
274
3
275
0
276
0
277
2
278
46
279
0
280
0
281
0
282
0
283
0
284
8
285
0
286
0
288
1
289
0
290
0
340
4C
342
84
371
-2
372
-2
  0
DIMSTYLE
105
89
330
4
100
AcDbSymbolTableRecord
100
AcDbDimStyleTableRecord
  2
EZ_CURVED
 70
0
 40
1.0
 41
0.25
 42
0.125
 43
3.75
 44
0.375
 45
0.0
 46
0.0
 47
0.0
 48
0.0
 49
2.5
140
0.25
141
2.5
142
0.0
143
0.03937007874
144
100.0
145
0.0
146
0.5
147
0.1
148
0.0
 69
0
 70
0
 71
0
 72
0
 73
0
 74
0
 75
0
 76
0
 77
1
 78
12
 79
2
 90
2
170
0
171
3
172
1
173
0
174
0
175
0
176
0
177
0
178
0
179
2
271
2
272
2
273
2
274
3
275
0
276
0
277
2
278
46
279
2
280
0
281
0
282
0
283
0
284
8
285
0
286
0
288
1
289
3
290
0
340
4C
371
-2
372
-2
  0
ENDTAB
  0
TABLE
  2
BLOCK_RECORD
  5
9
330
0
100
AcDbSymbolTable
 70
5
  0
BLOCK_RECORD
  5
17
330
9
100
AcDbSymbolTableRecord
100
AcDbBlockTableRecord
  2
*Model_Space
340
1A
 70
0
280
1
281
0
  0
BLOCK_RECORD
  5
1B
330
9
100
AcDbSymbolTableRecord
100
AcDbBlockTableRecord
  2
*Paper_Space
340
1E
 70
0
280
1
281
0
  0
BLOCK_RECORD
  5
74
330
9
100
AcDbSymbolTableRecord
100
AcDbBlockTableRecord
  2
_ARCHTICK
340
0
 70
0
280
1
281
0
  0
BLOCK_RECORD
  5
78
330
9
100
AcDbSymbolTableRecord
100
AcDbBlockTableRecord
  2
_CLOSEDFILLED
340
0
 70
0
280
1
281
0
  0
BLOCK_RECORD
  5
84
330
9
100
AcDbSymbolTableRecord
100
AcDbBlockTableRecord
  2
_CLOSEDBLANK
340
0
 70
0
280
1
281
0
  0
ENDTAB
  0
ENDSEC
  0
SECTION
  2
BLOCKS
  0
BLOCK
  5
18
330
17
100
AcDbEntity
  8
0
100
AcDbBlockBegin
  2
*Model_Space
 70
0
 10
0.0
 20
0.0
 30
0.0
  3
*Model_Space
  1

  0
ENDBLK
  5
19
330
17
100
AcDbEntity
  8
0
100
AcDbBlockEnd
  0
BLOCK
  5
1C
330
1B
100
AcDbEntity
  8
0
100
AcDbBlockBegin
  2
*Paper_Space
 70
0
 10
0.0
 20
0.0
 30
0.0
  3
*Paper_Space
  1

  0
ENDBLK
  5
1D
330
1B
100
AcDbEntity
  8
0
100
AcDbBlockEnd
  0
BLOCK
  5
75
330
74
100
AcDbEntity
  8
0
100
AcDbBlockBegin
  2
_ARCHTICK
 70
0
 10
0.0
 20
0.0
 30
0.0
  3
_ARCHTICK
  1

  0
LWPOLYLINE
  5
77
330
74
100
AcDbEntity
  8
0
  6
BYBLOCK
 62
0
100
AcDbPolyline
 90
2
 70
0
 43
0.15
 10
-0.5
 20
-0.5
 10
0.5
 20
0.5
  0
ENDBLK
  5
76
330
74
100
AcDbEntity
  8
0
100
AcDbBlockEnd
  0
BLOCK
  5
79
330
78
100
AcDbEntity
  8
0
100
AcDbBlockBegin
  2
_CLOSEDFILLED
 70
0
 10
0.0
 20
0.0
 30
0.0
  3
_CLOSEDFILLED
  1

  0
SOLID
  5
7B
330
78
100
AcDbEntity
  8
0
  6
BYBLOCK
 62
0
100
AcDbTrace
 10
-1.0
 20
0.16439898372402537
 30
0.0
 11
0.0
 21
0.0
 31
0.0
 12
-1.0
 22
-0.16439898372402537
 32
0.0
 13
-1.0
 23
-0.16439898372402537
 33
0.0
  0
ENDBLK
  5
7A
330
78
100
AcDbEntity
  8
0
100
AcDbBlockEnd
  0
BLOCK
  5
85
330
84
100
AcDbEntity
  8
0
100
AcDbBlockBegin
  2
_CLOSEDBLANK
 70
0
 10
0.0
 20
0.0
 30
0.0
  3
_CLOSEDBLANK
  1

  0
LWPOLYLINE
  5
87
330
84
100
AcDbEntity
  8
0
  6
BYBLOCK
 62
0
100
AcDbPolyline
 90
3
 70
1
 10
-1.0
 20
0.16439898372402537
 10
0.0
 20
0.0
 10
-1.0
 20
-0.16439898372402537
  0
ENDBLK
  5
86
330
84
100
AcDbEntity
  8
0
100
AcDbBlockEnd
  0
ENDSEC
  0
SECTION
  2
ENTITIES
  0
LWPOLYLINE
  5
92
330
17
100
AcDbEntity
  8
HALL
100
AcDbPolyline
 90
5
 70
0
 10
0.0
 20
0.0
 10
11.0
 20
0.0
 10
11.0
 20
14.5
 10
0.0
 20
14.5
 10
0.0
 20
0.0
  0
LWPOLYLINE
  5
93
330
17
100
AcDbEntity
  8
TRACK
100
AcDbPolyline
 90
2332
 70
1
 10
9.741000214911887
 20
6.466810982802667
 10
9.740921809370889
 20
6.485597659077629
 10
9.74084139712672
 20
6.505707743037389
 10
9.740780717254387
 20
6.525930451806637
 10
9.740740468423743
 20
6.546040788353251
 10
9.740701034986385
 20
6.56581369174881
 10
9.740621854618508
 20
6.585586347182041
 10
9.740541443339778
 20
6.605696173702026
 10
9.740480740457631
 20
6.625918882402234
 10
9.740440491305112
 20
6.646029347669296
 10
9.740401057481703
 20
6.6658023797851484
 10
9.740321899866201
 20
6.685575035286434
 10
9.740241489552906
 20
6.705684604366654
 10
9.740180763660947
 20
6.725907312997842
 10
9.740140514186479
 20
6.746017906985341
 10
9.740101079977094
 20
6.765791067821496
 10
9.740021945113968
 20
6.785563723390857
 10
9.73994153576611
 20
6.805673035031292
 10
9.739880786864338
 20
6.82589574359344
 10
9.739840537067847
 20
6.846006466301387
 10
9.73980110247256
 20
6.865779755857836
 10
9.739721990361808
 20
6.8855524114952615
 10
9.739641581979386
 20
6.90566146569592
 10
9.739580810067801
 20
6.925884174189047
 10
9.739540559949216
 20
6.945995025617432
 10
9.739501124968097
 20
6.965768443894175
 10
9.73942203560972
 20
6.985541099599676
 10
9.739341628192737
 20
7.005649896360558
 10
9.73928083327134
 20
7.025872604784646
 10
9.739240582830583
 20
7.045983584933477
 10
9.73920114746371
 20
7.065757131930525
 10
9.739122080857708
 20
7.08552978770408
 10
9.739042093338146
 20
7.1055266672634865
 10
9.738962102730635
 20
7.125524319141195
 10
9.738882112123123
 20
7.145521971018913
 10
9.738801336743421
 20
7.1657437149918035
 10
9.738760617035151
 20
7.185966483558452
 10
9.738720870386912
 20
7.205853628295005
 10
9.738661723242535
 20
7.225626343743683
 10
9.738582157885585
 20
7.24551053040361
 10
9.738501382892597
 20
7.26573214565619
 10
9.738460640174514
 20
7.2859549141540105
 10
9.738420892947069
 20
7.305842316331509
 10
9.738361768555068
 20
7.325615031848426
 10
9.738282203648046
 20
7.345499089788289
 10
9.738201429041847
 20
7.365720576320588
 10
9.73816066331395
 20
7.3859433447495695
 10
9.7381209155073
 20
7.405831004367993
 10
9.738061813867672
 20
7.42560371995317
 10
9.737982249410507
 20
7.445487649172968
 10
9.737901475191169
 20
7.465709006984976
 10
9.73786068645346
 20
7.485931775345128
 10
9.737820938067603
 20
7.5058196924044775
 10
9.737761859180349
 20
7.525592408057922
 10
9.737682295172968
 20
7.545476208557676
 10
9.737601521340567
 20
7.565697437649374
 10
9.737560709593044
 20
7.585920205940678
 10
9.737520960627982
 20
7.605808380440971
 10
9.737461904493104
 20
7.625581096162676
 10
9.737382340935431
 20
7.645464767942355
 10
9.737301567490038
 20
7.665685868313761
 10
9.737260732732704
 20
7.685908636536228
 10
9.737220983188433
 20
7.7057970684774455
 10
9.737161949805927
 20
7.72556978426742
 10
9.73708238669789
 20
7.745453327327053
 10
9.73700239609038
 20
7.765450979204761
 10
9.736922405482868
 20
7.785448631082478
 10
9.736841999114015
 20
7.805557038306243
 10
9.736781019510754
 20
7.825779746176279
 10
9.736740766481523
 20
7.845891759463949
 10
9.736701328021159
 20
7.86566633959868
 10
9.736622444030768
 20
7.885438995918549
 10
9.73654204532803
 20
7.905545468970875
 10
9.736481042714956
 20
7.925768176771878
 10
9.73644078936289
 20
7.945880318779994
 10
9.736401350517434
 20
7.965655027635031
 10
9.73632248927942
 20
7.9854276840229685
 10
9.736242091542117
 20
8.005533899635516
 10
9.736181065919233
 20
8.025756607367487
 10
9.736140812244258
 20
8.045868878096039
 10
9.736101373013787
 20
8.065643715671383
 10
9.736022534528148
 20
8.085416372127378
 10
9.73594213775628
 20
8.10552233030015
 10
9.735881089123582
 20
8.125745037963096
 10
9.735840835125627
 20
8.145857437412085
 10
9.735801395510212
 20
8.165632403707724
 10
9.735722579776947
 20
8.185405060231787
 10
9.735642183970516
 20
8.205510760964781
 10
9.735581112328006
 20
8.225733468558696
 10
9.735540858006994
 20
8.24584599672813
 10
9.73550141800671
 20
8.265621091744077
 10
9.735422625025821
 20
8.285393748336208
 10
9.735342643687664
 20
8.305389079883641
 10
9.735262653080154
 20
8.325386731761366
 10
9.735182662472644
 20
8.345384383639075
 10
9.73510189174854
 20
8.365604579593123
 10
9.735060895319153
 20
8.385827347331915
 10
9.735021141705255
 20
8.405717588110287
 10
9.734962268185981
 20
8.425490304379865
 10
9.734882708235105
 20
8.445372943023763
 10
9.734801937898602
 20
8.465593010257512
 10
9.7347609184594
 20
8.485815777927465
 10
9.734721164266297
 20
8.50570627614678
 10
9.734662313499399
 20
8.52547899248462
 10
9.734582753997566
 20
8.545361502408452
 10
9.734501984048737
 20
8.565581440921914
 10
9.734460941599723
 20
8.585804208523024
 10
9.734421186827413
 20
8.605694964183266
 10
9.73436235881289
 20
8.625467680589358
 10
9.734282799760026
 20
8.64535006179314
 10
9.734202030198945
 20
8.665569871586312
 10
9.734160964740118
 20
8.685792639118572
 10
9.734121209388602
 20
8.705683652219761
 10
9.734062404126453
 20
8.725456368694115
 10
9.733982845522487
 20
8.74533862117783
 10
9.733902076349228
 20
8.765558302250712
 10
9.733860987880588
 20
8.785781069714131
 10
9.733821231949868
 20
8.805672340256246
 10
9.733762449440091
 20
8.825445056798872
 10
9.73368289128495
 20
8.845327180562526
 10
9.733602122499585
 20
8.865546732915105
 10
9.733561011021132
 20
8.885769500309681
 10
9.733521254511205
 20
8.905661028292732
 10
9.733462494753802
 20
8.925433744903621
 10
9.733382937047411
 20
8.945315739947207
 10
9.733302946439899
 20
8.965313391824923
 10
9.733222955832389
 20
8.98531104370264
 10
9.733142554898901
 20
9.005417902910509
 10
9.733081298574529
 20
9.025640609950338
 10
9.733041041657934
 20
9.045754171258581
 10
9.733001598571263
 20
9.065530299412252
 10
9.732922988205988
 20
9.085302956550738
 10
9.732842601113804
 20
9.105406333575154
 10
9.732781321779617
 20
9.12562904054594
 10
9.732741064539303
 20
9.145742730574627
 10
9.732701621068427
 20
9.165518987448596
 10
9.732623033455527
 20
9.185291644655143
 10
9.732542647328776
 20
9.20539476423979
 10
9.732481344984778
 20
9.225617471141549
 10
9.73244108742067
 20
9.24573128989067
 10
9.732401643565662
 20
9.26550767548495
 10
9.732323078705138
 20
9.285280332759577
 10
9.732242693543824
 20
9.305383194904435
 10
9.732181368190014
 20
9.32560590173715
 10
9.732141110302038
 20
9.345719849206716
 10
9.732101666062974
 20
9.365496363521295
 10
9.732023123954821
 20
9.385269020863982
 10
9.731942739758946
 20
9.405371625569073
 10
9.731881391395323
 20
9.425594332332759
 10
9.731841133183405
 20
9.445708408522762
 10
9.731801688560356
 20
9.46548505155765
 10
9.73172316920458
 20
9.485257708968415
 10
9.731642785974142
 20
9.505360056233718
 10
9.731581414600706
 20
9.525582762928362
 10
9.731541156064774
 20
9.545696967838808
 10
9.731501711057813
 20
9.565473739593996
 10
9.731423214454413
 20
9.585246397072831
 10
9.731343239799646
 20
9.605240051888497
 10
9.731263249192136
 20
9.625237703766206
 10
9.731183258584624
 20
9.645235355643914
 10
9.731102492915255
 20
9.665453874858866
 10
9.731061196754936
 20
9.685676641700908
 10
9.731021435596173
 20
9.705570235962076
 10
9.73096285845438
 20
9.72534295312086
 10
9.730883304347085
 20
9.745223915028621
 10
9.730802539066278
 20
9.765442305523267
 10
9.730761219896145
 20
9.785665072296457
 10
9.730721458158175
 20
9.805558923998571
 10
9.730662903768756
 20
9.825331641225613
 10
9.730583350109546
 20
9.845212474413302
 10
9.730502585217373
 20
9.86543073618767
 10
9.730461243037427
 20
9.885653502892007
 10
9.730421480720251
 20
9.905547612035049
 10
9.730362949083206
 20
9.925320329330374
 10
9.730283395872007
 20
9.94520103379799
 10
9.73020263136854
 20
9.965419166852064
 10
9.730161266178781
 20
9.985641933487575
 10
9.730121503282401
 20
10.005536300071546
 10
9.730062994397729
 20
10.025309017435124
 10
9.729983441634468
 20
10.045189593182686
 10
9.729902677519783
 20
10.065407597516467
 10
9.729861289320212
 20
10.085630364083123
 10
9.729821525844624
 20
10.105524988108044
 10
9.729763039712328
 20
10.125297705539877
 10
9.72968348739693
 20
10.145178152567356
 10
9.729602723671096
 20
10.16539602818086
 10
9.729561312461712
 20
10.185618794678684
 10
9.72952154840692
 20
10.205513676144529
 10
9.729463085026996
 20
10.225286393644637
 10
9.72938353315939
 20
10.245166711952063
 10
9.72930354255188
 20
10.265164363829772
 10
9.729223551944369
 20
10.285162015707488
 10
9.729143156910226
 20
10.30526719817947
 10
9.729081600854927
 20
10.325489904320005
 10
9.729041339715712
 20
10.345605142369278
 10
9.72900189163007
 20
10.365382947262201
 10
9.728923577642279
 20
10.38515560528739
 10
9.728843203126086
 20
10.40525562884411
 10
9.728781624060973
 20
10.425478334915608
 10
9.728741362597079
 20
10.445593701685324
 10
9.728701914128191
 20
10.46537163529856
 10
9.728623622892776
 20
10.48514429339182
 10
9.72854324934202
 20
10.505244059508758
 10
9.728481647267095
 20
10.52546676551122
 10
9.728441385478448
 20
10.54558226100137
 10
9.728401936626387
 20
10.565360323334916
 10
9.728323668143348
 20
10.585132981496239
 10
9.728243295558027
 20
10.6052324901734
 10
9.72818167047329
 20
10.625455196106833
 10
9.728141408359816
 20
10.645570820317403
 10
9.728101959124654
 20
10.665349011371255
 10
9.728023713393991
 20
10.68512166960067
 10
9.727943341774107
 20
10.70522092083805
 10
9.727881693679558
 20
10.725443626702434
 10
9.727841431241183
 20
10.74555937963346
 10
9.727801981623
 20
10.765337699407622
 10
9.72772375864471
 20
10.78511035770509
 10
9.72764338799026
 20
10.805209351502691
 10
9.7275817168859
 20
10.825432057298046
 10
9.727541454122552
 20
10.845547938949506
 10
9.727502004121416
 20
10.86532638744397
 10
9.727423803895501
 20
10.885099045809513
 10
9.727343835911626
 20
10.905091023893327
 10
9.727263845304114
 20
10.925088675771057
 10
9.727183854696603
 20
10.945086327648783
 10
9.727103094094469
 20
10.965303170124667
 10
9.727061498203218
 20
10.985525936069912
 10
9.72702172949959
 20
11.005422883813878
 10
9.726963448735274
 20
11.025195601861906
 10
9.726883900459066
 20
11.045074887033463
 10
9.72680314024645
 20
11.065291600789063
 10
9.726761521345386
 20
11.085514366665475
 10
9.726721752062552
 20
11.105411571850365
 10
9.72666349405061
 20
11.125184289966652
 10
9.726583946221526
 20
11.145063446418153
 10
9.726503186398503
 20
11.16528003145347
 10
9.726461544487627
 20
11.185502797261021
 10
9.726421774625587
 20
11.205400259886863
 10
9.72636353936602
 20
11.225172978071418
 10
9.726283991983987
 20
11.24505200580284
 10
9.72620323255063
 20
11.265268462117875
 10
9.726161567629942
 20
11.285491227856582
 10
9.726121797188696
 20
11.305388947923351
 10
9.726063584681501
 20
11.325161666176184
 10
9.72598403774645
 20
11.345040565187539
 10
9.725903278702832
 20
11.365256892782273
 10
9.72586159077233
 20
11.385479658452121
 10
9.725821819751877
 20
11.40537763595984
 10
9.725763629997058
 20
11.425150354280941
 10
9.72568408350891
 20
11.445029124572219
 10
9.7256040929014
 20
11.465026776449944
 10
9.725524102293889
 20
11.485024428327655
 10
9.725443712717299
 20
11.505128062783838
 10
9.72538187994089
 20
11.525350768094105
 10
9.725341614892123
 20
11.545467554163915
 10
9.725302162202361
 20
11.565246907075846
 10
9.725224121839686
 20
11.585019565919714
 10
9.725143758934047
 20
11.605116493448493
 10
9.725081903147823
 20
11.6253391986897
 10
9.72504163777349
 20
11.645456113479952
 10
9.725002184701367
 20
11.665235595112206
 10
9.724924167091068
 20
11.685008254024138
 10
9.724843805150863
 20
11.705104924113137
 10
9.72478192635483
 20
11.72532762928532
 10
9.724741660654859
 20
11.745444672796006
 10
9.72470220720045
 20
11.765224283148555
 10
9.724624212342524
 20
11.784996942128574
 10
9.72454385136776
 20
11.805093354777792
 10
9.72448194956191
 20
11.825316059880924
 10
9.724441683536227
 20
11.84543323211205
 10
9.724401357565801
 20
11.8656490389316
 10
9.724400000107787
 20
11.885871849217567
 10
9.724400098885447
 20
11.906087572089666
 10
9.724438468221825
 20
11.92653530608197
 10
9.72451928803558
 20
11.946772007094939
 10
9.72459927864309
 20
11.966769658972646
 10
9.7246792692506
 20
11.986767310850365
 10
9.724758863157216
 20
12.006659622624714
 10
9.724819446485368
 20
12.02643233376517
 10
9.724859170898338
 20
12.046310448943844
 10
9.7248988083219
 20
12.065654886243305
 10
9.724824290863245
 20
12.084977546686048
 10
9.72474646266474
 20
12.104532720141659
 10
9.724598752397332
 20
12.12362986089174
 10
9.724364034791172
 20
12.143147149332162
 10
9.724151807600288
 20
12.161397491210446
 10
9.723644424203552
 20
12.17958260983455
 10
9.723117298129646
 20
12.198458799811332
 10
9.72245354092254
 20
12.216202793646595
 10
9.721548461871791
 20
12.234993484492987
 10
9.72073046396331
 20
12.25235303842126
 10
9.719484416331845
 20
12.269599431985545
 10
9.71817132009453
 20
12.287877765434928
 10
9.716745950390765
 20
12.304410005280467
 10
9.714882710765472
 20
12.32249562742705
 10
9.713278498141356
 20
12.338467728554548
 10
9.711064818284783
 20
12.354233254295218
 10
9.70859324622974
 20
12.372022300023843
 10
9.706130004083787
 20
12.387755717018162
 10
9.703020289223684
 20
12.40531762344339
 10
9.700324590488005
 20
12.42082509144821
 10
9.696997879892502
 20
12.43605139149059
 10
9.693251407313166
 20
12.453347309250102
 10
9.689697773970163
 20
12.46833654340315
 10
9.685261840581909
 20
12.485323595854936
 10
9.68135616213094
 20
12.500492105366869
 10
9.676832062108776
 20
12.515332606099546
 10
9.671650191423563
 20
12.532444473788106
 10
9.666803855215793
 20
12.547475908622507
 10
9.661004407900853
 20
12.564271073815322
 10
9.655729317595293
 20
12.579672825525229
 10
9.649935663269627
 20
12.594752605977162
 10
9.64343575099726
 20
12.611728222512863
 10
9.637352347295462
 20
12.62691611245376
 10
9.630339895789138
 20
12.643558188585006
 10
9.623809080983737
 20
12.659132686680122
 10
9.616857334662805
 20
12.674401352955908
 10
9.608914352270936
 20
12.691863151431429
 10
9.601153694045427
 20
12.70864343307594
 10
9.592971449611744
 20
12.726003304461335
 10
9.584948186927328
 20
12.743036328167992
 10
9.576760107897341
 20
12.759946574902663
 10
9.569512383953697
 20
12.7749624579183
 10
9.563536154744169
 20
12.786448318592818
 10
9.555525948943057
 20
12.80058158711478
 10
9.54725085305916
 20
12.815292029457764
 10
9.538595203680973
 20
12.829643343745582
 10
9.529753615801367
 20
12.844342708362344
 10
9.522177941998606
 20
12.856257920175269
 10
9.512717536095476
 20
12.870206605085341
 10
9.505067325254478
 20
12.881671250531024
 10
9.49679555384368
 20
12.892412367079299
 10
9.48586137549888
 20
12.906749606644569
 10
9.475793093321165
 20
12.919529245706622
 10
9.464388201853216
 20
12.93347473905747
 10
9.457992780037548
 20
12.941628909381299
 10
9.450892114296549
 20
12.948645126576173
 10
9.438999489577997
 20
12.960831299270819
 10
9.428685946964878
 20
12.970912278934795
 10
9.416184439872056
 20
12.982467259468313
 10
9.405968834763199
 20
12.992040308336763
 10
9.395327855284636
 20
13.000788881785633
 10
9.383568021605111
 20
13.010590167216227
 10
9.375356244365992
 20
13.016880125088296
 10
9.363130088426619
 20
13.02528608173507
 10
9.352687511720669
 20
13.032667901538066
 10
9.3419138550844
 20
13.039023488617644
 10
9.327763278183346
 20
13.04752715586468
 10
9.316396641091185
 20
13.05391213628079
 10
9.301943446651503
 20
13.06136420622012
 10
9.290165305336235
 20
13.067577255464785
 10
9.2782028968341
 20
13.07279014288283
 10
9.263583182899833
 20
13.07928596119845
 10
9.25253275363636
 20
13.083749426337809
 10
9.23776932397426
 20
13.089002485307951
 10
9.225550327080441
 20
13.093501758634801
 10
9.213290006344408
 20
13.096947579165496
 10
9.197048241975528
 20
13.101635153396243
 10
9.183574137630064
 20
13.105153268484045
 10
9.1672500465841
 20
13.108883343585733
 10
9.152544516908224
 20
13.112319982257675
 10
9.137861574450325
 20
13.114976016709337
 10
9.120660429244925
 20
13.118134753149834
 10
9.105886822110987
 20
13.120526363666379
 10
9.088743421821642
 20
13.12286036160958
 10
9.072571813529766
 20
13.125107663456985
 10
9.056481809764898
 20
13.126750780427901
 10
9.038715851646069
 20
13.128582595442056
 10
9.023077841678866
 20
13.129912093744977
 10
9.005429628019659
 20
13.131031917923824
 10
8.988070609689782
 20
13.132160200239916
 10
8.970793783225924
 20
13.132852345001217
 10
8.951738894613294
 20
13.133616022208285
 10
8.93354417912523
 20
13.134211127815997
 10
8.914521587637905
 20
13.13466649441049
 10
8.895617532942842
 20
13.135123733359512
 10
8.87675165647508
 20
13.135392231765149
 10
8.856797558622413
 20
13.13567158525963
 10
8.83680170626165
 20
13.135951527192681
 10
8.816805853900878
 20
13.13623146912573
 10
8.79572828962162
 20
13.136529156203997
 10
8.774611761101465
 20
13.137025331119775
 10
8.754369739563952
 20
13.137511231117076
 10
8.733929097645724
 20
13.138039533148035
 10
8.713696832340563
 20
13.138605905974892
 10
8.69608085264757
 20
13.139111688925956
 10
8.678557709509224
 20
13.139219825803547
 10
8.660726377760989
 20
13.13933628242629
 10
8.645232566257636
 20
13.139148240413267
 10
8.627676791507204
 20
13.138538198473986
 10
8.611799933638176
 20
13.13803600405478
 10
8.59613913423546
 20
13.136891678314502
 10
8.57864960677929
 20
13.135638903935998
 10
8.563672188588022
 20
13.134254551522991
 10
8.546461624361768
 20
13.132230141838383
 10
8.53071360307088
 20
13.130430831147205
 10
8.515230987429803
 20
13.128004041611435
 10
8.497826594340347
 20
13.125302093055986
 10
8.482874470482077
 20
13.122674384460947
 10
8.465821478805623
 20
13.11924841764945
 10
8.451187671994651
 20
13.116380278243279
 10
8.436933145638939
 20
13.112793432404773
 10
8.42040805456607
 20
13.108687998311893
 10
8.406912980999358
 20
13.104974007386348
 10
8.390893417069892
 20
13.100033465244689
 10
8.376627068439552
 20
13.09571556431704
 10
8.362837598460079
 20
13.090729487331213
 10
8.346508795903384
 20
13.084871635362688
 10
8.332763161136809
 20
13.079599625107988
 10
8.316932290994023
 20
13.073035159839119
 10
8.303418861550092
 20
13.067518617678855
 10
8.29046001524505
 20
13.06134559715208
 10
8.274798552502808
 20
13.053945095038209
 10
8.261687828284206
 20
13.047392834998943
 10
8.246606339947888
 20
13.03933505520929
 10
8.234111630817434
 20
13.032763974344455
 10
8.222280128012965
 20
13.025551912887282
 10
8.208035976442345
 20
13.016957026692559
 10
8.196943410441234
 20
13.009830005879026
 10
8.183551472190715
 20
13.000539254003122
 10
8.171776890202915
 20
12.992491938150824
 10
8.160717378203325
 20
12.983893267591027
 10
8.146808434653916
 20
12.973158576907391
 10
8.134950011364614
 20
12.963628948221817
 10
8.12165926874753
 20
12.952406071042509
 10
8.110189442832166
 20
12.942811753479493
 10
8.099404648790964
 20
12.932783735814812
 10
8.087536557377947
 20
12.92182833021854
 10
8.078970124792301
 20
12.913381328977744
 10
8.068287362382256
 20
12.901919211414361
 10
8.057497905811548
 20
12.890463158355404
 10
8.047345446394058
 20
12.878708893034036
 10
8.035717561129783
 20
12.865281352106635
 10
8.025768876542028
 20
12.853358661117287
 10
8.0148242053637
 20
12.839621636803553
 10
8.006111861240257
 20
12.828837374306385
 10
7.998311100393263
 20
12.817742572603956
 10
7.988191696844164
 20
12.80347472990056
 10
7.9796893961166075
 20
12.790966771879038
 10
7.970303325109479
 20
12.776391059911498
 10
7.961120353168512
 20
12.76219837100275
 10
7.952445353734591
 20
12.747864969680286
 10
7.942709494257378
 20
12.73178097565042
 10
7.933695475985309
 20
12.716569612516318
 10
7.924333557581103
 20
12.700347621839372
 10
7.916362283464996
 20
12.686616857545257
 10
7.909063520667841
 20
12.672752472985739
 10
7.900804947451107
 20
12.657106773191833
 10
7.893890762122705
 20
12.643385481858349
 10
7.886400098803696
 20
12.627604570032407
 10
7.879940210277921
 20
12.614157278428124
 10
7.874302641000497
 20
12.600632419679492
 10
7.867674188512815
 20
12.584838336696388
 10
7.862481744450655
 20
12.571601687533569
 10
7.856807362959978
 20
12.555755035674414
 10
7.851837624437693
 20
12.542132355983473
 10
7.847745722313488
 20
12.528499851801028
 10
7.84279767400069
 20
12.512209890669146
 10
7.839060356879549
 20
12.498728884288399
 10
7.8351029402857835
 20
12.482498831655708
 10
7.831587517461655
 20
12.468455612825704
 10
7.828949186342671
 20
12.454493677235325
 10
7.825675253108477
 20
12.43745901260868
 10
7.823205957977031
 20
12.422928652212931
 10
7.820791774826718
 20
12.405968725622474
 10
7.818550039545282
 20
12.390660417740042
 10
7.8170389930017965
 20
12.375485254717047
 10
7.8152282626015905
 20
12.357553883726911
 10
7.813860154346042
 20
12.341468176381905
 10
7.812688567103411
 20
12.323604448690126
 10
7.811558884356661
 20
12.306873332931971
 10
7.810961726296826
 20
12.290267358728702
 10
7.810288458950033
 20
12.271656392379892
 10
7.809852527233244
 20
12.254363895865355
 10
7.809635114705067
 20
12.235842940685405
 10
7.809408159301252
 20
12.217346905692846
 10
7.809437789388793
 20
12.1989241326028
 10
7.809476054857559
 20
12.17950980381003
 10
7.809598905103227
 20
12.160637580743396
 10
7.809832313119416
 20
12.14125719145223
 10
7.810063644157734
 20
12.121903174494046
 10
7.810406745833188
 20
12.102583270943148
 10
7.810766066793482
 20
12.082621125252619
 10
7.811125969107478
 20
12.062626552252816
 10
7.811485871421474
 20
12.042631979253022
 10
7.81185306388006
 20
12.022209815970982
 10
7.812143749107129
 20
12.00176419386384
 10
7.812426746951021
 20
11.981543631079465
 10
7.812676139211371
 20
11.961097444752236
 10
7.8128787175999665
 20
11.940853211879682
 10
7.813082552957022
 20
11.920429095486824
 10
7.813209758524524
 20
11.899981716516168
 10
7.813330464144396
 20
11.879860517441132
 10
7.813433613945461
 20
11.859637984200704
 10
7.813514134233283
 20
11.839516439879231
 10
7.813594124840794
 20
11.819518788001512
 10
7.813674115448304
 20
11.799521136123793
 10
7.813754106055815
 20
11.77952348424608
 10
7.813834096663326
 20
11.759525832368363
 10
7.813914087270837
 20
11.739528180490643
 10
7.813994077878348
 20
11.719530528612928
 10
7.814074068485859
 20
11.699532876735207
 10
7.81415405909337
 20
11.679535224857489
 10
7.814234049700881
 20
11.659537572979774
 10
7.814314040308392
 20
11.63953992110206
 10
7.8143930767797505
 20
11.619755534688728
 10
7.814509751278024
 20
11.599983063322014
 10
7.814630247584424
 20
11.579896640809006
 10
7.814733469228886
 20
11.559674107927856
 10
7.8148139913459875
 20
11.53955216170297
 10
7.814893981953499
 20
11.519554509825253
 10
7.81497397256101
 20
11.499556857947535
 10
7.815053963168521
 20
11.479559206069814
 10
7.815133953776031
 20
11.459561554192097
 10
7.815213944383542
 20
11.439563902314381
 10
7.815293934991053
 20
11.419566250436667
 10
7.815373925598564
 20
11.399568598558943
 10
7.815453916206074
 20
11.379570946681227
 10
7.815533906813585
 20
11.359573294803512
 10
7.8156138974210965
 20
11.339575642925794
 10
7.815692935880661
 20
11.319790854609733
 10
7.81580953933932
 20
11.300018382888359
 10
7.815930031023735
 20
11.279932764176873
 10
7.816033324511594
 20
11.259710231655003
 10
7.816113848458693
 20
11.239587883526704
 10
7.816193839066203
 20
11.219590231648985
 10
7.816273829673714
 20
11.199592579771274
 10
7.8163538202812255
 20
11.179594927893556
 10
7.816433810888737
 20
11.159597276015838
 10
7.816513801496248
 20
11.139599624138116
 10
7.816593792103758
 20
11.1196019722604
 10
7.816673782711269
 20
11.099604320382685
 10
7.81675377331878
 20
11.079606668504967
 10
7.816833763926291
 20
11.059609016627247
 10
7.816913754533801
 20
11.039611364749529
 10
7.8169927949808535
 20
11.01982617453073
 10
7.817109327399898
 20
11.000053702454695
 10
7.817229814462328
 20
10.979968887544736
 10
7.817333179793582
 20
10.95974635538215
 10
7.817413705571398
 20
10.939623605350445
 10
7.817493696178909
 20
10.919625953472726
 10
7.81757368678642
 20
10.899628301595008
 10
7.81765367739393
 20
10.879630649717289
 10
7.817733668001441
 20
10.859632997839576
 10
7.817813658608952
 20
10.839635345961858
 10
7.8178936492164635
 20
10.81963769408414
 10
7.8179736398239745
 20
10.79964004220642
 10
7.818053630431485
 20
10.779642390328702
 10
7.818133621038996
 20
10.759644738450989
 10
7.818213611646507
 20
10.739647086573271
 10
7.818292654080329
 20
10.719861494451722
 10
7.818409115459758
 20
10.700089022021023
 10
7.818529597900204
 20
10.680005010912595
 10
7.818633035074854
 20
10.65978247910929
 10
7.818713562684104
 20
10.63965932717418
 10
7.818793553291614
 20
10.619661675296461
 10
7.818873543899125
 20
10.599664023418748
 10
7.818953534506636
 20
10.57966637154103
 10
7.819033525114147
 20
10.559668719663309
 10
7.819113515721657
 20
10.539671067785592
 10
7.819193506329168
 20
10.519673415907878
 10
7.819273496936679
 20
10.499675764030162
 10
7.81935348754419
 20
10.479678112152442
 10
7.819433478151701
 20
10.459680460274724
 10
7.819513468759212
 20
10.439682808397006
 10
7.819592513179086
 20
10.41989681437271
 10
7.8197089035189
 20
10.400124341587347
 10
7.81982938133736
 20
10.380041134280447
 10
7.819932890355408
 20
10.359818602836432
 10
7.820013419796808
 20
10.33969504899792
 10
7.820093410404319
 20
10.319697397120203
 10
7.8201734010118304
 20
10.299699745242481
 10
7.820253391619341
 20
10.279702093364765
 10
7.820333382226852
 20
10.25970444148705
 10
7.820413372834363
 20
10.239706789609334
 10
7.820493363441874
 20
10.219709137731616
 10
7.820573354049385
 20
10.199711485853895
 10
7.820653344656895
 20
10.179713833976177
 10
7.820733335264406
 20
10.159716182098464
 10
7.820813325871917
 20
10.139718530220746
 10
7.820893316479428
 20
10.119720878343024
 10
7.8209733070869385
 20
10.099723226465308
 10
7.8210528812724665
 20
10.079824268555384
 10
7.8211493043390625
 20
10.06005169599804
 10
7.821268566715024
 20
10.04018054142103
 10
7.821389719078918
 20
10.019971972401422
 10
7.821473202201483
 20
9.999749340891672
 10
7.821553248732045
 20
9.979737815188503
 10
7.8216332393395565
 20
9.959740163310787
 10
7.8217132299470675
 20
9.939742511433073
 10
7.821793220554579
 20
9.919744859555353
 10
7.82187321116209
 20
9.899747207677635
 10
7.821953201769601
 20
9.87974955579992
 10
7.822033192377112
 20
9.859751903922197
 10
7.822113182984622
 20
9.83975425204448
 10
7.822193173592133
 20
9.819756600166768
 10
7.822273164199644
 20
9.79975894828905
 10
7.822352737546083
 20
9.779860179402553
 10
7.822449186661861
 20
9.760088959755482
 10
7.822568681621444
 20
9.74021897022697
 10
7.822690087087314
 20
9.720008405929573
 10
7.822773461918965
 20
9.699784421219682
 10
7.8228535058343365
 20
9.679773539615777
 10
7.8229334964418475
 20
9.65977588773806
 10
7.823013487049359
 20
9.639778235860339
 10
7.823093477656869
 20
9.619780583982621
 10
7.82317346826438
 20
9.59978293210491
 10
7.823253458871891
 20
9.57978528022719
 10
7.823333449479402
 20
9.559787628349474
 10
7.823413440086913
 20
9.539789976471754
 10
7.823493430694423
 20
9.519792324594034
 10
7.823573421301934
 20
9.499794672716321
 10
7.8236529940612884
 20
9.47989603606249
 10
7.823749473912423
 20
9.46012346378913
 10
7.823868738035805
 20
9.440251987957568
 10
7.823989892025554
 20
9.42004309768271
 10
7.824073317721085
 20
9.399820465886247
 10
7.824153362947041
 20
9.379809261439513
 10
7.824233353554552
 20
9.359811609561797
 10
7.824313344162063
 20
9.33981395768408
 10
7.824393334769574
 20
9.319816305806361
 10
7.8244733253770855
 20
9.299818653928643
 10
7.824553315984596
 20
9.279821002050925
 10
7.824633306592107
 20
9.259823350173209
 10
7.824713297199618
 20
9.239825698295494
 10
7.824793287807129
 20
9.219828046417776
 10
7.82487327841464
 20
9.199830394540054
 10
7.824952852958118
 20
9.179931355982655
 10
7.825049261769641
 20
9.160158783354024
 10
7.825168523707005
 20
9.140287709424097
 10
7.825289675662676
 20
9.12007922105175
 10
7.825373173201606
 20
9.099856589613978
 10
7.825453220059747
 20
9.079844983263254
 10
7.825533210667258
 20
9.059847331385535
 10
7.825613201274769
 20
9.039849679507814
 10
7.825693191882279
 20
9.019852027630098
 10
7.82577318248979
 20
8.999854375752383
 10
7.825853173097301
 20
8.979856723874665
 10
7.825933163704812
 20
8.959859071996945
 10
7.826013154312323
 20
8.939861420119229
 10
7.826093144919834
 20
8.919863768241513
 10
7.826173135527345
 20
8.899866116363798
 10
7.826252711854231
 20
8.879966675902823
 10
7.826349049626142
 20
8.860194102918914
 10
7.826468309378207
 20
8.840323430890628
 10
7.826589459299082
 20
8.820115344420785
 10
7.826673028681411
 20
8.7998927133417
 10
7.826753077172452
 20
8.779880705086986
 10
7.826833067779963
 20
8.759883053209272
 10
7.826913058387474
 20
8.739885401331556
 10
7.826993048994985
 20
8.71988774945384
 10
7.827073039602496
 20
8.699890097576116
 10
7.827153030210006
 20
8.679892445698401
 10
7.827233020817517
 20
8.659894793820685
 10
7.827313011425028
 20
8.639897141942969
 10
7.827393002032539
 20
8.619899490065249
 10
7.8274729926400495
 20
8.59990183818753
 10
7.827552115744952
 20
8.580099802627227
 10
7.827664237417951
 20
8.560552335198865
 10
7.82782232371914
 20
8.540809520707896
 10
7.827850811289358
 20
8.526911205126702
 10
7.8287704588679015
 20
8.513475313894189
 10
7.829559867307969
 20
8.50021411277221
 10
7.830158820335101
 20
8.494815552653495
 10
7.832590285259394
 20
8.483281092453762
 10
7.836329548885354
 20
8.46434787924163
 10
7.840178107371101
 20
8.445489533622416
 10
7.843600420751641
 20
8.428668696328735
 10
7.846641318065528
 20
8.41541721136064
 10
7.850859016735848
 20
8.399582373887705
 10
7.855854188290222
 20
8.380692552710077
 10
7.860918488540213
 20
8.361856044148444
 10
7.865324742487578
 20
8.345411254746514
 10
7.869060845019792
 20
8.332797258706908
 10
7.874215220994438
 20
8.317537168758337
 10
7.880363627946771
 20
8.299204893716285
 10
7.8866055767610135
 20
8.280956693180762
 10
7.892077580414593
 20
8.26491800947169
 10
7.896604627201561
 20
8.252724689533258
 10
7.90275807850331
 20
8.237932416050555
 10
7.909965174194756
 20
8.22049215720446
 10
7.917318719937782
 20
8.203205004282607
 10
7.92405814563107
 20
8.187347219072668
 10
7.929735931546923
 20
8.174827277426363
 10
7.937034251065551
 20
8.160096080993535
 10
7.944876115170188
 20
8.144174035185241
 10
7.95297888061232
 20
8.128568469479287
 10
7.961185741449396
 20
8.112774443857665
 10
7.968462337387111
 20
8.099370560658766
 10
7.977096425597765
 20
8.08438891218433
 10
7.985118872046345
 20
8.070372231248504
 10
7.993521662674574
 20
8.05691415437931
 10
8.003412316910334
 20
8.04108482710195
 10
8.012857538634492
 20
8.026278142422955
 10
8.023065308078596
 20
8.010713475253814
 10
8.030813368072083
 20
7.998759285145846
 10
8.03903122227866
 20
7.987644730715868
 10
8.050164561781651
 20
7.972536081190172
 10
8.061010677502624
 20
7.958036766017472
 10
8.072490267326149
 20
7.943000123992667
 10
8.082597459849573
 20
7.929717311133454
 10
8.092973907822504
 20
7.916958295390624
 10
8.104452941091854
 20
7.902855330697357
 10
8.114941362095896
 20
7.890331291511639
 10
8.126703159266906
 20
7.876827181136299
 10
8.138556317605032
 20
7.863190667530811
 10
8.150556613961449
 20
7.8498785635151
 10
8.163214692114417
 20
7.835857210068058
 10
8.175228227269184
 20
7.822777168531834
 10
8.188052976406105
 20
7.809135107986732
 10
8.20012920895587
 20
7.796266382752559
 10
8.212357015825846
 20
7.783804661375234
 10
8.225956891691316
 20
7.76997122310851
 10
8.239355651935234
 20
7.756441464171065
 10
8.25311092905958
 20
7.742687122474366
 10
8.266833657125591
 20
7.728963299804262
 10
8.280595698316949
 20
7.715345978637599
 10
8.294588920646543
 20
7.701510201830911
 10
8.308391497648369
 20
7.6879288584574095
 10
8.322432639340677
 20
7.674201891510291
 10
8.337361481365235
 20
7.659604237888206
 10
8.352227885192532
 20
7.644842773410058
 10
8.366845511158964
 20
7.630306812807311
 10
8.38185453373443
 20
7.615236184368664
 10
8.39638434864012
 20
7.600459665516689
 10
8.411642423926482
 20
7.584930807940836
 10
8.426761532936204
 20
7.5690706867322355
 10
8.44161564166186
 20
7.553432806799608
 10
8.457466371634343
 20
7.536317467956437
 10
8.472081993684878
 20
7.520007293186548
 10
8.488547226093054
 20
7.501544612552041
 10
8.50453972119205
 20
7.482172652211636
 10
8.519059440995013
 20
7.464367467687206
 10
8.535068976629878
 20
7.443791357783161
 10
8.548938403065268
 20
7.424843041015939
 10
8.564470035247348
 20
7.403414973020758
 10
8.579182471064547
 20
7.380793277307117
 10
8.592157234488194
 20
7.360434012332637
 10
8.606687373622474
 20
7.335946954885874
 10
8.618501557882617
 20
7.314074548669399
 10
8.632118095249423
 20
7.288347724112058
 10
8.644246157286
 20
7.261062304551154
 10
8.654093043015603
 20
7.2380181960896515
 10
8.664867145671074
 20
7.209905361101919
 10
8.672944770309511
 20
7.18539326787853
 10
8.682141499173744
 20
7.156437093457717
 10
8.68927464811039
 20
7.1260712537203075
 10
8.694824839287858
 20
7.100463559511653
 10
8.700215200939892
 20
7.0683596444451595
 10
8.703151158274746
 20
7.041344433734558
 10
8.705852071009398
 20
7.014406743683908
 10
8.70709939151102
 20
6.986792404875339
 10
8.707920432136813
 20
6.963633490111892
 10
8.708245122806105
 20
6.937562820604387
 10
8.707849510230647
 20
6.914092399034336
 10
8.707375572568527
 20
6.889919668726659
 10
8.706063408942779
 20
6.865452233363052
 10
8.704718112277552
 20
6.842560232585124
 10
8.702589731120556
 20
6.816563595303931
 10
8.699987416627431
 20
6.79322724630512
 10
8.69737293555717
 20
6.770221429370862
 10
8.694123236625304
 20
6.747046781063776
 10
8.691080094156645
 20
6.725850875198868
 10
8.687616579129454
 20
6.7033826678844335
 10
8.684041344393997
 20
6.682113658448767
 10
8.679975506524102
 20
6.658205733410409
 10
8.675019010069427
 20
6.634123188880434
 10
8.670603926226967
 20
6.613173493465074
 10
8.665751955863582
 20
6.591191970921012
 10
8.660870491987815
 20
6.570318515102369
 10
8.65575870081416
 20
6.548536350463415
 10
8.650165523521379
 20
6.526678647825458
 10
8.644770673817042
 20
6.50580620803275
 10
8.638689677785953
 20
6.483406231857793
 10
8.63263361692714
 20
6.462422476635618
 10
8.626395783288693
 20
6.440883982481903
 10
8.619659783459099
 20
6.419284914363033
 10
8.6134191028406
 20
6.3994419292158335
 10
8.606883516779687
 20
6.379042918973108
 10
8.60038885079206
 20
6.359262688900512
 10
8.593102242363262
 20
6.337152618432393
 10
8.585125469119024
 20
6.31499025716722
 10
8.578007620023248
 20
6.295428011826617
 10
8.570631972416104
 20
6.275458640695943
 10
8.563317534918285
 20
6.256046936796347
 10
8.555419706931785
 20
6.235125991299846
 10
8.547036877743821
 20
6.214191666329068
 10
8.539185220379013
 20
6.194713216352285
 10
8.530844423754472
 20
6.1744454053065825
 10
8.522625877421023
 20
6.1550089563797155
 10
8.514365697009083
 20
6.135489225609495
 10
8.505863298952205
 20
6.115962575059172
 10
8.497270946032547
 20
6.096296323318295
 10
8.487718709623733
 20
6.075132883145094
 10
8.478407458274255
 20
6.055355728707679
 10
8.469404031700837
 20
6.036256373324979
 10
8.460176263224604
 20
6.017162055139736
 10
8.451007229259163
 20
5.998239581330529
 10
8.44115656065127
 20
5.97833372773906
 10
8.431510071410617
 20
5.959372737291412
 10
8.421547808137424
 20
5.939817903249844
 10
8.411184841866351
 20
5.920283046060943
 10
8.401462247633491
 20
5.902038754558254
 10
8.391406955206245
 20
5.883373706284017
 10
8.381481420796199
 20
5.865216007912016
 10
8.37058126108909
 20
5.845311469125269
 10
8.359118358280234
 20
5.825455769272376
 10
8.348568881541771
 20
5.807301251871754
 10
8.337481882484692
 20
5.7885169879010725
 10
8.326618163620996
 20
5.7704902648271
 10
8.315574034763012
 20
5.752177285429852
 10
8.30425102982066
 20
5.733898866754208
 10
8.292955995008743
 20
5.715722481201281
 10
8.280566692472494
 20
5.696283232131716
 10
8.268588940120935
 20
5.678107968095452
 10
8.256558995567694
 20
5.65987989509562
 10
8.244158139176022
 20
5.641716201333273
 10
8.231932788524649
 20
5.623883364983808
 10
8.218393964350827
 20
5.604676203114768
 10
8.205388081586012
 20
5.586893284884655
 10
8.190007396261512
 20
5.566014234344812
 10
8.17335184700069
 20
5.545489608440066
 10
8.15846790631664
 20
5.527451192574591
 10
8.140858994238235
 20
5.50718644948607
 10
8.12454798552557
 20
5.489628300100872
 10
8.105943323014758
 20
5.469827383462196
 10
8.085818072953193
 20
5.450658635748626
 10
8.068026459308555
 20
5.434077264089169
 10
8.046365158819853
 20
5.415170186958465
 10
8.026810004974601
 20
5.399493114929866
 10
8.004938074804096
 20
5.382216641654036
 10
7.981509814306367
 20
5.3659023476944645
 10
7.961321627038699
 20
5.352202531284379
 10
7.936978495762875
 20
5.336824151351011
 10
7.915230207736112
 20
5.324330405368182
 10
7.891104489551213
 20
5.310696605141207
 10
7.8656395501015695
 20
5.298232024939863
 10
7.8438713666626505
 20
5.287883230982034
 10
7.8180963461383435
 20
5.276580314730513
 10
7.795116406619646
 20
5.2675527974997935
 10
7.769905583099971
 20
5.257824265417912
 10
7.743647282249325
 20
5.249301989491085
 10
7.721476812802093
 20
5.242345733629014
 10
7.696234202473181
 20
5.235071383008004
 10
7.673346503697986
 20
5.229224752397339
 10
7.648518054167953
 20
5.222987012734567
 10
7.622995940667931
 20
5.217767692748497
 10
7.600862862299514
 20
5.213404787973848
 10
7.576263124967403
 20
5.2090312892573785
 10
7.5536454964987945
 20
5.2055787714821475
 10
7.530324603415654
 20
5.202067055527484
 10
7.506618485054893
 20
5.199209003917208
 10
7.484857885609239
 20
5.19667518002356
 10
7.461157090237025
 20
5.194258787298417
 10
7.439022102728239
 20
5.192425509139676
 10
7.416389744053301
 20
5.1905785758299965
 10
7.393496827577031
 20
5.189231769462019
 10
7.3724446697456205
 20
5.188052027100719
 10
7.350440274671325
 20
5.186987788261249
 10
7.329286884347803
 20
5.186180910207363
 10
7.307439238531824
 20
5.185358437325556
 10
7.285423631823516
 20
5.184879532553703
 10
7.264989119030162
 20
5.184470964743224
 10
7.244322901539923
 20
5.184109782305367
 10
7.223938337029106
 20
5.183823490598079
 10
7.203939571717085
 20
5.18354294681507
 10
7.183940564557349
 20
5.183262918984269
 10
7.163848846108264
 20
5.182981655254797
 10
7.143627830028716
 20
5.182715771710587
 10
7.12350214637597
 20
5.182474226339669
 10
7.1037137775948835
 20
5.182236862081508
 10
7.083942827730081
 20
5.181962951306501
 10
7.063868503212817
 20
5.1816819303614
 10
7.043647487641481
 20
5.181416007727751
 10
7.023521585315284
 20
5.181174459606941
 10
7.003525213143952
 20
5.180934503140885
 10
6.983528840972632
 20
5.18069454667483
 10
6.963627679550158
 20
5.180455752886852
 10
6.94385647056389
 20
5.180201779079695
 10
6.923990350009761
 20
5.179923615980481
 10
6.903786934510098
 20
5.179640863929211
 10
6.8835656583752005
 20
5.179394989154942
 10
6.863646899815634
 20
5.179155983437589
 10
6.843875690326842
 20
5.178902048282601
 10
6.824009788443757
 20
5.1786238881185565
 10
6.803806591616175
 20
5.17834113892702
 10
6.78358531598916
 20
5.178095225063309
 10
6.763666120081103
 20
5.177856213988539
 10
6.743894910089784
 20
5.17760231748572
 10
6.72402922687775
 20
5.177324160256633
 10
6.704033374516978
 20
5.177044218323582
 10
6.684037522156201
 20
5.176764276390531
 10
6.667450036794452
 20
5.176557881625962
 10
6.655592538808513
 20
5.1760554786434545
 10
6.640358471533021
 20
5.174690751283886
 10
6.636161138331221
 20
5.174888174498585
 10
6.63358365316488
 20
5.173723482166404
 10
6.623025949074279
 20
5.171284588904285
 10
6.6213691255553675
 20
5.170865777060924
 10
6.612594623320314
 20
5.1668866482866065
 10
6.6099066836988705
 20
5.166475911716046
 10
6.60913616521725
 20
5.165210876975457
 10
6.600459300206907
 20
5.159874951980144
 10
6.600189961591381
 20
5.159811966322996
 10
6.593784014358999
 20
5.153576675164902
 10
6.59131979663493
 20
5.152219433825309
 10
6.590826845149958
 20
5.150546534058547
 10
6.584111604577769
 20
5.142238987166599
 10
6.5832157336833745
 20
5.141051410722355
 10
6.578681203247999
 20
5.13231801203747
 10
6.577252175719872
 20
5.131281811735356
 10
6.577732138017615
 20
5.130377379500406
 10
6.574141364071385
 20
5.1204078081015245
 10
6.573755371080354
 20
5.119177540466696
 10
6.572342177048596
 20
5.109331492974474
 10
6.570903793880985
 20
5.103271965321043
 10
6.57108332177821
 20
5.097557888404069
 10
6.570406311071529
 20
5.079972830268045
 10
6.570066166242108
 20
5.064038656474622
 10
6.570040850220748
 20
5.046200110598856
 10
6.570001184716671
 20
5.026419998566361
 10
6.569999999880289
 20
5.006647187678556
 10
6.569999999999999
 20
4.986656715424162
 10
6.569999999999999
 20
4.966658903565869
 10
6.569999999999999
 20
4.946661091707574
 10
6.569999999999999
 20
4.926663279849285
 10
6.569999999999999
 20
4.906665467990992
 10
6.569999999999999
 20
4.886667656132697
 10
6.569999999999999
 20
4.866669844274408
 10
6.569999999999999
 20
4.846672032416115
 10
6.569999999999999
 20
4.826674220557819
 10
6.569999999999999
 20
4.80667640869953
 10
6.569999999999999
 20
4.786678596841234
 10
6.569999999999999
 20
4.766680784982942
 10
6.569999999999999
 20
4.746682973124654
 10
6.569999999999999
 20
4.726685161266357
 10
6.569999999999999
 20
4.706687349408065
 10
6.569999999999999
 20
4.686689537549773
 10
6.569999999999999
 20
4.66669172569148
 10
6.569999999999999
 20
4.646693913833189
 10
6.569999999999999
 20
4.626696101974896
 10
6.569999999999999
 20
4.606698290116603
 10
6.569999999999999
 20
4.586700478258311
 10
6.569999999999999
 20
4.566702666400018
 10
6.569999999999999
 20
4.546704854541726
 10
6.569999999999999
 20
4.526707042683434
 10
6.569999999999999
 20
4.506709230825141
 10
6.569999999999999
 20
4.486711418966849
 10
6.569999999999999
 20
4.466713607108557
 10
6.569999999999999
 20
4.446715795250265
 10
6.569999999999999
 20
4.426717983391972
 10
6.569999999999999
 20
4.40672017153368
 10
6.569999999999999
 20
4.386722359675384
 10
6.569999999999999
 20
4.366724547817095
 10
6.569999999999999
 20
4.346726735958799
 10
6.569999999999999
 20
4.3267289241005065
 10
6.569999999999999
 20
4.306731112242217
 10
6.569999999999999
 20
4.286733300383922
 10
6.569999999999999
 20
4.2667354885256294
 10
6.569999999999999
 20
4.246737676667341
 10
6.569999999999999
 20
4.226739864809045
 10
6.569999999999999
 20
4.206742052950752
 10
6.569999999999999
 20
4.186744241092464
 10
6.569999999999999
 20
4.166746429234168
 10
6.569999999999999
 20
4.146748617375876
 10
6.569999999999999
 20
4.126750805517584
 10
6.569999999999999
 20
4.106752993659291
 10
6.569999999999999
 20
4.086755181800998
 10
6.569999999999999
 20
4.066757369942706
 10
6.569999999999999
 20
4.046759558084414
 10
6.569999999999999
 20
4.026761746226121
 10
6.569999999999999
 20
4.006763934367829
 10
6.569997100218613
 20
3.9856238032830396
 10
6.569767879960413
 20
3.963153700349621
 10
6.569302676292224
 20
3.94182876723092
 10
6.568647501203725
 20
3.915770096787242
 10
6.566732368301354
 20
3.8895259844646843
 10
6.564875201171277
 20
3.8661092961745305
 10
6.561983401103975
 20
3.8392630341641483
 10
6.558687247711287
 20
3.8157294840414564
 10
6.554904701373811
 20
3.789627030998408
 10
6.549778435670484
 20
3.763505833023349
 10
6.5450199838920815
 20
3.7401018911422135
 10
6.538614553990162
 20
3.712999745977324
 10
6.532211284706046
 20
3.689645220047655
 10
6.524786311447247
 20
3.663202630930006
 10
6.515762851554944
 20
3.6369583382472723
 10
6.5078181227623295
 20
3.614453796298336
 10
6.497770020370152
 20
3.5885777907932908
 10
6.488226031515408
 20
3.5663546789994065
 10
6.476490572360272
 20
3.5396242615823756
 10
6.462769246341303
 20
3.5134386986414308
 10
6.451001412061041
 20
3.491590982041508
 10
6.435996491464751
 20
3.4661190822116312
 10
6.422329213874155
 20
3.4450355034265314
 10
6.405905326327101
 20
3.420216315144368
 10
6.387499211857153
 20
3.3963653092058177
 10
6.3716069378546285
 20
3.3763019416091504
 10
6.351180388794406
 20
3.3527590508377174
 10
6.333227954007512
 20
3.334020571933512
 10
6.310320796035668
 20
3.31076734528324
 10
6.285075552452317
 20
3.2894134348516446
 10
6.264453638844353
 20
3.2725875665036797
 10
6.237686013854061
 20
3.252998687551812
 10
6.21502588769437
 20
3.2383369813525986
 10
6.187151320020605
 20
3.2208985003704957
 10
6.157418963842125
 20
3.205916198314106
 10
6.133182818711122
 20
3.194252416429325
 10
6.10206075880001
 20
3.181327284657655
 10
6.076339815091172
 20
3.172395190716287
 10
6.044424686704638
 20
3.161899059848816
 10
6.01127523126907
 20
3.154446954480054
 10
5.985169660417652
 20
3.1490905570232246
 10
5.952345323121244
 20
3.144154558269402
 10
5.925524454738507
 20
3.1416774634911473
 10
5.897059882222839
 20
3.1393261690753222
 10
5.8682825293282
 20
3.1388182981050465
 10
5.847524204808918
 20
3.1386108391421224
 10
5.826399707601779
 20
3.138500765230327
 10
5.805815079706176
 20
3.1385
 10
5.785817267847883
 20
3.1385
 10
5.765819455989591
 20
3.1385
 10
5.745821644131299
 20
3.1385
 10
5.725823832273006
 20
3.1385
 10
5.7058260204147135
 20
3.1385
 10
5.685828208556421
 20
3.1385
 10
5.665830396698128
 20
3.1385
 10
5.6458325848398365
 20
3.1385
 10
5.62583477298154
 20
3.1385
 10
5.605836961123249
 20
3.1385
 10
5.5858391492649595
 20
3.1385
 10
5.565841337406663
 20
3.1385
 10
5.545843525548372
 20
3.1385
 10
5.5258457136900825
 20
3.1385
 10
5.505847901831787
 20
3.1385
 10
5.4858500899734945
 20
3.1385
 10
5.465852278115202
 20
3.1385
 10
5.445854466256909
 20
3.1385
 10
5.425856654398617
 20
3.1385
 10
5.405858842540325
 20
3.1385
 10
5.385861030682032
 20
3.1385
 10
5.36586321882374
 20
3.1385
 10
5.345865406965448
 20
3.1385
 10
5.325867595107155
 20
3.1385
 10
5.3058697832488635
 20
3.1385
 10
5.285871971390571
 20
3.1385
 10
5.265874159532278
 20
3.1385
 10
5.245876347673983
 20
3.1385
 10
5.225878535815694
 20
3.1385
 10
5.205880723957401
 20
3.1385
 10
5.185882912099105
 20
3.1385
 10
5.165885100240816
 20
3.1385
 10
5.145887288382524
 20
3.1385
 10
5.125889476524228
 20
3.1385
 10
5.10589166466594
 20
3.1385
 10
5.085893852807647
 20
3.1385
 10
5.065896040949351
 20
3.1385
 10
5.045898229091063
 20
3.1385
 10
5.025900417232767
 20
3.1385
 10
5.005902605374475
 20
3.1385
 10
4.985904793516182
 20
3.1385
 10
4.96590698165789
 20
3.1385
 10
4.945909169799597
 20
3.1385
 10
4.925911357941304
 20
3.1385
 10
4.9059135460830126
 20
3.1385
 10
4.88591573422472
 20
3.1385
 10
4.865917922366427
 20
3.1385
 10
4.8459201105081355
 20
3.1385
 10
4.825922298649843
 20
3.1385
 10
4.805924486791551
 20
3.1385
 10
4.7859266749332585
 20
3.1385
 10
4.765928863074966
 20
3.1385
 10
4.745505011544775
 20
3.1385004033554775
 10
4.724607525639417
 20
3.1385796390737575
 10
4.70413642791839
 20
3.138742908691849
 10
4.680202159443247
 20
3.1389688396730056
 10
4.656178772394902
 20
3.1399680658017624
 10
4.633863400085964
 20
3.140960982936176
 10
4.609177085213992
 20
3.1425411121118714
 10
4.586749654096068
 20
3.144463543649245
 10
4.562024202923796
 20
3.146650386080381
 10
4.53725851200447
 20
3.149811306788455
 10
4.514517209906841
 20
3.1528089818151317
 10
4.488881006567975
 20
3.1568237387736273
 10
4.466106336038846
 20
3.161022128558888
 10
4.440343217844623
 20
3.165884417639247
 10
4.414675699097631
 20
3.172037922821964
 10
4.391868005260045
 20
3.177647550008708
 10
4.365810411108641
 20
3.1848542663648396
 10
4.343150494746994
 20
3.1919000895053693
 10
4.3172302981859465
 20
3.2001172557658584
 10
4.291607950595535
 20
3.209835544029742
 10
4.269204197798561
 20
3.218523992531836
 10
4.243389886060088
 20
3.2295248349499985
 10
4.2214370540982395
 20
3.2398254569731137
 10
4.1961382203165485
 20
3.2519059825522314
 10
4.171443839038699
 20
3.265613872963699
 10
4.150457280602457
 20
3.2774937787454985
 10
4.12632639224139
 20
3.292247445648459
 10
4.106007037917419
 20
3.305726047841285
 10
4.082915636356172
 20
3.321265762280441
 10
4.06061760327339
 20
3.338296128066111
 10
4.041598639252772
 20
3.353071569211985
 10
4.0199590174069115
 20
3.371067401158432
 10
4.001856547876092
 20
3.387265628546995
 10
3.9816368388036274
 20
3.405578281962465
 10
3.9623376912119217
 20
3.4251370356841533
 10
3.945886189236279
 20
3.4420494251256755
 10
3.92752139092786
 20
3.462072366996948
 10
3.9120188709851966
 20
3.4801019055230427
 10
3.8949112971096005
 20
3.5001913300250322
 10
3.8787357815930097
 20
3.5212296030230514
 10
3.8649607851993144
 20
3.5393484191263687
 10
3.8500008560990953
 20
3.5599807273471153
 10
3.8370321354695016
 20
3.5788284150660323
 10
3.8227298037226745
 20
3.5997627791995317
 10
3.8092626021475913
 20
3.621398552194393
 10
3.79794504306454
 20
3.6397388948389358
 10
3.7861091189194567
 20
3.6594659938673555
 10
3.775260449254941
 20
3.6781266636902115
 10
3.7637015172049804
 20
3.698061968535264
 10
3.7526117075713645
 20
3.7183540722464077
 10
3.742941840537494
 20
3.7361159452222483
 10
3.733256980551443
 20
3.753959960072958
 10
3.723666367143625
 20
3.7716903859070245
 10
3.7140604530827916
 20
3.789449392027687
 10
3.7044823023928095
 20
3.807229426119559
 10
3.6943661469708826
 20
3.8260188442280567
 10
3.68378663410626
 20
3.8462336488241298
 10
3.6740728214637026
 20
3.86539257363535
 10
3.6647245195418092
 20
3.88384330612197
 10
3.655478789847492
 20
3.9023662752727355
 10
3.6465219584430777
 20
3.9203201128995837
 10
3.637557517997035
 20
3.9383083056641066
 10
3.628622761439288
 20
3.956257937326149
 10
3.6193196829429244
 20
3.9749514150790497
 10
3.6101498691367344
 20
3.9937374548241107
 10
3.6010390729577484
 20
4.012419618245856
 10
3.5917007025792786
 20
4.0319004542940755
 10
3.582831464335568
 20
4.050759491728252
 10
3.5742775589013727
 20
4.06895165807869
 10
3.565739319226509
 20
4.087154505423534
 10
3.5572269005046917
 20
4.105303635338732
 10
3.548701836339906
 20
4.123498826374612
 10
3.5402041233112627
 20
4.141656662289679
 10
3.5311091320938592
 20
4.161102091545562
 10
3.5222444021066357
 20
4.1806955601129605
 10
3.5138582293773917
 20
4.199259722476027
 10
3.505390115148124
 20
4.218154300565755
 10
3.4971201071293585
 20
4.236771240387661
 10
3.4890019371679943
 20
4.2550471205469895
 10
3.48088376720663
 20
4.273323000706317
 10
3.4727262440572764
 20
4.291687525495393
 10
3.4645404708002654
 20
4.310158515318262
 10
3.4564117396569523
 20
4.328548698453544
 10
3.4477384531269943
 20
4.348182759400791
 10
3.439297002800429
 20
4.367962146109418
 10
3.4314036923832285
 20
4.386487307162742
 10
3.4234997825948517
 20
4.405082153488092
 10
3.4156521037982204
 20
4.423594558549725
 10
3.4078924127564245
 20
4.441899547399646
 10
3.4001150015348096
 20
4.460193655493785
 10
3.3922698614558486
 20
4.478645762848087
 10
3.3844079612478937
 20
4.497162815028619
 10
3.3765782686402774
 20
4.515632836358207
 10
3.368207026542804
 20
4.535392552177809
 10
3.3600678105218336
 20
4.555296601665521
 10
3.3525303010955954
 20
4.573761550511313
 10
3.3450352246247657
 20
4.592076994610137
 10
3.337485026609948
 20
4.610475563812898
 10
3.3298478550954704
 20
4.629086227713939
 10
3.3222287841966627
 20
4.647708644746882
 10
3.314640240968695
 20
4.666258426444157
 10
3.307042795851336
 20
4.684848886756783
 10
3.2994679584535334
 20
4.703405222530084
 10
3.291544404709149
 20
4.722821398584658
 10
3.2837742336332165
 20
4.742331231632205
 10
3.276334630659265
 20
4.761030826531902
 10
3.2688811583487487
 20
4.779812780354703
 10
3.261482215194906
 20
4.798511121795405
 10
3.254228407781178
 20
4.816843237469851
 10
3.246931756490149
 20
4.835148063586339
 10
3.239478223195125
 20
4.853842443304318
 10
3.2319866961116324
 20
4.872698856011244
 10
3.224571588004181
 20
4.891437978554576
 10
3.2169612833337484
 20
4.910673403932261
 10
3.209458827203158
 20
4.929974937128177
 10
3.2022103853030552
 20
4.948636668503088
 10
3.194969975402534
 20
4.96727772382708
 10
3.1877295655020124
 20
4.985918779151075
 10
3.1804891556014936
 20
5.004559834475063
 10
3.1732487457009717
 20
5.0232008897990585
 10
3.1660083358004516
 20
5.04184194512305
 10
3.1587679258999337
 20
5.060483000447036
 10
3.1515275159994114
 20
5.079124055771031
 10
3.144083797325174
 20
5.098290494824496
 10
3.136728468412192
 20
5.11751009382624
 10
3.129556586005111
 20
5.136261181255946
 10
3.1223762548097627
 20
5.155064499924217
 10
3.115228992654254
 20
5.173815994549186
 10
3.1081065373036143
 20
5.192502436396088
 10
3.10098408195297
 20
5.211188878243002
 10
3.093896493170735
 20
5.229783904044486
 10
3.086832831405532
 20
5.2482677964477435
 10
3.079715660580793
 20
5.266835979387046
 10
3.0724134180906755
 20
5.285888103604421
 10
3.0651739726542915
 20
5.304980120445941
 10
3.0580332048463323
 20
5.323820565143047
 10
3.050865776774775
 20
5.342800244442464
 10
3.0437720825816004
 20
5.361662871317108
 10
3.0368045674075974
 20
5.38019038899052
 10
3.029805841695942
 20
5.398698695804713
 10
3.0227340715080557
 20
5.417396935319085
 10
3.0156598387567577
 20
5.436101686322518
 10
3.008585606005462
 20
5.454806437325944
 10
3.0014397774153085
 20
5.473700750514499
 10
2.9943250691658387
 20
5.492615157376845
 10
2.9872830868223614
 20
5.511340428222358
 10
2.9802438570482446
 20
5.530058380121713
 10
2.973204627274124
 20
5.548776332021078
 10
2.966165397500004
 20
5.567494283920443
 10
2.959126167725884
 20
5.586212235819808
 10
2.9520869379517665
 20
5.604930187719166
 10
2.945047708177648
 20
5.623648139618528
 10
2.9380084784035274
 20
5.642366091517893
 10
2.9310676328249308
 20
5.6608229224605005
 10
2.9240846387199255
 20
5.679251978283727
 10
2.9169879791941216
 20
5.697975940892
 10
2.9098784345373074
 20
5.716752529261571
 10
2.9027890995594943
 20
5.735497200132233
 10
2.8956433076470365
 20
5.7543914160779535
 10
2.888528582020624
 20
5.77330581638695
 10
2.881533791763628
 20
5.791905712644548
 10
2.8745747321778974
 20
5.810343804565476
 10
2.8675425154196925
 20
5.828897579665225
 10
2.8604996761520995
 20
5.847479633447344
 10
2.8534376225865143
 20
5.86604946785433
 10
2.8463432121206163
 20
5.884702195877395
 10
2.839256396948208
 20
5.903316580288758
 10
2.8321493026064397
 20
5.921962709449912
 10
2.8250268472557973
 20
5.940649151296823
 10
2.8179043919051585
 20
5.959335593143724
 10
2.810816589408375
 20
5.9779311789162
 10
2.8037530266405892
 20
5.996415109158975
 10
2.7966360700534354
 20
6.014982732327135
 10
2.7895789986139192
 20
6.03339468392763
 10
2.782479855185624
 20
6.05177851120159
 10
2.7752997460671858
 20
6.070367037078948
 10
2.7681306496537066
 20
6.088897813221934
 10
2.7609286328743754
 20
6.1074797830629635
 10
2.753657158310765
 20
6.12624108446141
 10
2.7464043005266303
 20
6.1450152243349105
 10
2.73931516213749
 20
6.163368878845235
 10
2.7323134981141095
 20
6.181339644250585
 10
2.7251301544087014
 20
6.199591511555129
 10
2.717954523324773
 20
6.2178256559058624
 10
2.7107188614748052
 20
6.23601905520728
 10
2.7033463127016804
 20
6.2545500634829185
 10
2.6959782561708283
 20
6.273051448953925
 10
2.688588622118892
 20
6.291585437894995
 10
2.6812270562810747
 20
6.310049128241642
 10
2.6738474072850273
 20
6.3285004411219825
 10
2.6665718376362832
 20
6.346690332331915
 10
2.659408045501592
 20
6.364416229226457
 10
2.652016292772692
 20
6.382483623688739
 10
2.644596423795123
 20
6.400622022430512
 10
2.637117524918382
 20
6.41871874367147
 10
2.6295200187598673
 20
6.4370960095011815
 10
2.6219435249073726
 20
6.4553782643110225
 10
2.6143120119863386
 20
6.473741519758196
 10
2.6068995993063773
 20
6.491580317649848
 10
2.599388699337285
 20
6.509346807786358
 10
2.591751283188412
 20
6.527403194124403
 10
2.584214177157602
 20
6.5450625205477575
 10
2.5764644014767675
 20
6.563026857062996
 10
2.568734406375909
 20
6.580947688758506
 10
2.5609355888832313
 20
6.598815066743716
 10
2.553126064452402
 20
6.6167000526914626
 10
2.545454740449812
 20
6.63407359617345
 10
2.5375103816040117
 20
6.651829956801364
 10
2.529902513926352
 20
6.668845823436926
 10
2.522106141545012
 20
6.685713456312782
 10
2.513734551691903
 20
6.7038120191663975
 10
2.505339096764887
 20
6.72196219315147
 10
2.496943641837874
 20
6.740112367136538
 10
2.4895702662378225
 20
6.756083564787605
 10
2.48188125987076
 20
6.771785010154428
 10
2.4733323411035384
 20
6.789233584732108
 10
2.464906713686534
 20
6.806253597876104
 10
2.4561916910081885
 20
6.823643255223064
 10
2.447665499592033
 20
6.840662170774905
 10
2.439010232057503
 20
6.857566771347774
 10
2.4307131607860732
 20
6.873775452615545
 10
2.4231200677230476
 20
6.8880513796521
 10
2.4144036521236725
 20
6.903706806974702
 10
2.4052057677705627
 20
6.9202530631500485
 10
2.39587130178627
 20
6.936666087231798
 10
2.386762570474487
 20
6.9526813306873
 10
2.3783215921972762
 20
6.967060177901365
 10
2.3688500088773616
 20
6.982601624399049
 10
2.3590470858854182
 20
6.998706631762176
 10
2.3491018959316254
 20
7.01466644975465
 10
2.3391632623658887
 20
7.030611409822524
 10
2.3297828201470603
 20
7.045318046043274
 10
2.3195795595427704
 20
7.060875741294613
 10
2.3091410329035402
 20
7.076803897685416
 10
2.2985893508184274
 20
7.0926034470587
 10
2.2882766005962463
 20
7.108043150413606
 10
2.278694590829258
 20
7.122009651469122
 10
2.2680970578892325
 20
7.136960122601452
 10
2.257232989642465
 20
7.152303147633591
 10
2.2462357151484356
 20
7.167477976188187
 10
2.235319272811056
 20
7.182536775844471
 10
2.225136415266049
 20
7.196233959332288
 10
2.213939913538899
 20
7.21084647850551
 10
2.2033883813409374
 20
7.224651085563128
 10
2.1925681183143455
 20
7.238094771191527
 10
2.180913879373533
 20
7.252575645997116
 10
2.1700100018976047
 20
7.265807411054103
 10
2.1580818891440785
 20
7.279869067549149
 10
2.14734166468809
 20
7.292576663156641
 10
2.136294525499597
 20
7.30480779774829
 10
2.124513440319295
 20
7.317871616398146
 10
2.11420481266634
 20
7.328845793762887
 10
2.10203845314942
 20
7.341162639806108
 10
2.091016174657413
 20
7.352399313386982
 10
2.0796649372110854
 20
7.363017307584328
 10
2.0670791893323828
 20
7.3748295275613565
 10
2.0563541783220636
 20
7.384441508351551
 10
2.0434111185054507
 20
7.395387184527582
 10
2.0331183345178307
 20
7.40423342108541
 10
2.02245874049435
 20
7.412156175871626
 10
2.009420135337467
 20
7.42196686032322
 10
1.9991586170633142
 20
7.429202963670586
 10
1.9857642001957325
 20
7.437886933576939
 10
1.9768689807132456
 20
7.443910000130962
 10
1.9677062601752362
 20
7.448641963499161
 10
1.9545486736555877
 20
7.4557366485953285
 10
1.945733350571305
 20
7.460020677437335
 10
1.932397548802177
 20
7.465599749234681
 10
1.9254718340792967
 20
7.468902997336184
 10
1.9185775836062302
 20
7.470617250339134
 10
1.9055629995644976
 20
7.474526783822209
 10
1.8985476367901333
 20
7.476230869245273
 10
1.8856056758334738
 20
7.478386336502592
 10
1.8788630491285296
 20
7.47995158583558
 10
1.872465230786792
 20
7.479933262655137
 10
1.858324434642419
 20
7.480732421739123
 10
1.849846913339153
 20
7.480794190314255
 10
1.8360312776739025
 20
7.48001756199902
 10
1.8265213819814163
 20
7.479786005636261
 10
1.8175257232655841
 20
7.478240899530687
 10
1.8013869418836845
 20
7.475880257620522
 10
1.7886690134528194
 20
7.473624277574679
 10
1.7727942460506692
 20
7.470215904871998
 10
1.7571538572815393
 20
7.4669261546619925
 10
1.741787898989004
 20
7.463043342389653
 10
1.7272168425089156
 20
7.459431974531514
 10
1.7180357311111079
 20
7.456712785319006
 10
1.704420202605653
 20
7.451841848287425
 10
1.7002331748713526
 20
7.4509515871060685
 10
1.6971642717082076
 20
7.448735803035572
 10
1.6851004368706424
 20
7.442491167838128
 10
1.678697040488567
 20
7.438708358206364
 10
1.6676411952728345
 20
7.4311145991396526
 10
1.6605033389862942
 20
7.426647203898964
 10
1.6544826221499243
 20
7.421210842511708
 10
1.6429319337901225
 20
7.411536343867755
 10
1.6353653665978811
 20
7.404619911173597
 10
1.6248813344544146
 20
7.394024557118068
 10
1.6162677762015865
 20
7.3855850504142655
 10
1.6086108189744166
 20
7.376523589911985
 10
1.5981545138300184
 20
7.364449229915945
 10
1.590627350269781
 20
7.355104237680472
 10
1.5811845352525657
 20
7.342376113088533
 10
1.5738650342643523
 20
7.332794154506812
 10
1.567569307461811
 20
7.322714486768336
 10
1.558778415462314
 20
7.3090079244983
 10
1.5523224156901065
 20
7.2981750676311155
 10
1.5445568907327079
 20
7.283994167662826
 10
1.5380635887149938
 20
7.272400666428372
 10
1.5325111205547346
 20
7.260475459287667
 10
1.5254375428206755
 20
7.245594550054949
 10
1.520258148066651
 20
7.233755611615149
 10
1.5142402221895106
 20
7.218581025782018
 10
1.5092040814936225
 20
7.20621491670495
 10
1.5051319749035177
 20
7.193627844085458
 10
1.4998608092195462
 20
7.177750024443964
 10
1.4959987617776103
 20
7.1648800373679284
 10
1.4917417713200862
 20
7.148841291862451
 10
1.488236171885887
 20
7.136113584155662
 10
1.4857340265460897
 20
7.123290613334271
 10
1.482389084571326
 20
7.106840773550925
 10
1.4800597939242977
 20
7.09345387623017
 10
1.4777166739453367
 20
7.076945134970596
 10
1.4757241453827825
 20
7.063745694002716
 10
1.474722097724636
 20
7.050571278387706
 10
1.4733139098775083
 20
7.033699208339394
 10
1.4725318573310595
 20
7.019823694619345
 10
1.4720827324932637
 20
7.002991063346096
 10
1.4716111295953955
 20
6.989179172097588
 10
1.4720646438762255
 20
6.975493205318371
 10
1.4725111672909965
 20
6.958787542328042
 10
1.4732631269878478
 20
6.945354667854682
 10
1.4747185291094875
 20
6.928792852093495
 10
1.4758162011408371
 20
6.915075307860692
 10
1.4778293711078414
 20
6.901563370206693
 10
1.4802271602476367
 20
6.884716576645631
 10
1.4825718579984164
 20
6.870883041322274
 10
1.4858784911469636
 20
6.854287732385882
 10
1.4884519839132246
 20
6.8408333599592845
 10
1.4919227962671642
 20
6.8276761793970815
 10
1.496102731064798
 20
6.811373763101597
 10
1.4998508130893455
 20
6.7983077340704385
 10
1.5049484584122659
 20
6.782424412769763
 10
1.5088703053274521
 20
6.769806472968475
 10
1.5136929406217585
 20
6.757634238648334
 10
1.5197971486644986
 20
6.741864446702576
 10
1.5251441434554922
 20
6.7290987955226464
 10
1.5321011509195759
 20
6.713787067445665
 10
1.5389336033856047
 20
6.698634554687783
 10
1.5462408194159638
 20
6.683761791959731
 10
1.5542173742177685
 20
6.66746594783695
 10
1.5616108820569954
 20
6.652967462780022
 10
1.5701065883404601
 20
6.637005680800458
 10
1.5779845512306099
 20
6.622140704829944
 10
1.5862884123071894
 20
6.60757756818595
 10
1.5957881915175454
 20
6.590883264985341
 10
1.6050376523833974
 20
6.5748736727001225
 10
1.6147689534745537
 20
6.558298494642249
 10
1.623375477284827
 20
6.543598235696714
 10
1.6323762267473236
 20
6.529187506530337
 10
1.6426969572650343
 20
6.512634558983041
 10
1.6528498134382297
 20
6.496494843069608
 10
1.6633122552913582
 20
6.480021367023494
 10
1.6731747074705132
 20
6.464481175908877
 10
1.6832487633500992
 20
6.449113893718237
 10
1.6938977467755174
 20
6.432867179090555
 10
1.704320450134798
 20
6.4171324012397974
 10
1.7151267281411813
 20
6.401002081024649
 10
1.7257080729730974
 20
6.38520233722
 10
1.7364215177128495
 20
6.369511120419543
 10
1.7474679133613547
 20
6.353332638621293
 10
1.7583423081782603
 20
6.337525127803615
 10
1.7694992972507761
 20
6.32143625977274
 10
1.7807192454674916
 20
6.305255544308371
 10
1.7919805787853769
 20
6.289110350454168
 10
1.8032810579478573
 20
6.272910139002562
 10
1.8144715782442267
 20
6.256940501494252
 10
1.8258370297303728
 20
6.240800237690193
 10
1.8371733084127086
 20
6.224700782230086
 10
1.8485504996033246
 20
6.2086374431576115
 10
1.8600188837524712
 20
6.192446695724368
 10
1.8714180967859058
 20
6.176399365394608
 10
1.8829281871856074
 20
6.160245650459008
 10
1.8944283390697338
 20
6.144105658298843
 10
1.9059524703344124
 20
6.127986838747176
 10
1.9176327159701552
 20
6.111650520694252
 10
1.929357437361123
 20
6.0952249094603825
 10
1.9410172640577976
 20
6.0788609805039
 10
1.9526218218865696
 20
6.062574583826969
 10
1.964226379715339
 20
6.04628818715004
 10
1.975918672327925
 20
6.0298785716221515
 10
1.9876830658594984
 20
6.013320777575964
 10
1.9993361553840776
 20
5.996869458659757
 10
2.0110729882681255
 20
5.980299447961643
 10
2.0227680666945393
 20
5.963692966320398
 10
2.034284910013888
 20
5.947337449370895
 10
2.0457984697076292
 20
5.930986595500269
 10
2.0573120294013676
 20
5.914635741629647
 10
2.0692814317230965
 20
5.897635096183399
 10
2.0811425824054806
 20
5.880538047420505
 10
2.09259809627156
 20
5.864017961197004
 10
2.104085920313475
 20
5.8474234545749875
 10
2.115509229173014
 20
5.8308918715379265
 10
2.127674434431904
 20
5.8132788418922035
 10
2.1396416992139895
 20
5.79549585274073
 10
2.1508151609150725
 20
5.7788758324024165
 10
2.1619724672647527
 20
5.762279839086585
 10
2.173129773614432
 20
5.745683845770753
 10
2.185066408619837
 20
5.7279207919361514
 10
2.1968046125368703
 20
5.709989416503167
 10
2.207864218258905
 20
5.693076973248069
 10
2.2189882039690603
 20
5.676006902447833
 10
2.229984720435234
 20
5.659067575421233
 10
2.2416322843766467
 20
5.641117184749973
 10
2.253080312768936
 20
5.623000246527318
 10
2.264025922234234
 20
5.605658508168226
 10
2.275159240696822
 20
5.587853448525224
 10
2.285959240514197
 20
5.5704021415567695
 10
2.297153820585047
 20
5.552305102274612
 10
2.3081635954060684
 20
5.534059169851027
 10
2.318854320627857
 20
5.516322175110004
 10
2.3298030920600543
 20
5.497907436543396
 10
2.3402868384726796
 20
5.4800087776234525
 10
2.351075725997777
 20
5.461578535250754
 10
2.36166629491921
 20
5.442992148667966
 10
2.372028002731955
 20
5.42478196784297
 10
2.3827147536441142
 20
5.40564208012279
 10
2.3927922070192715
 20
5.387213428954946
 10
2.403086191692427
 20
5.368373997224504
 10
2.4131590514010357
 20
5.349373053341939
 10
2.4230664577077126
 20
5.330652843839064
 10
2.43334952993732
 20
5.310740345399197
 10
2.4428976708585757
 20
5.291737289977824
 10
2.4526176840689065
 20
5.272370214492166
 10
2.4620759763750306
 20
5.2528333302801355
 10
2.471373791806994
 20
5.233588800375557
 10
2.481059918124026
 20
5.212923987862922
 10
2.4899258320906763
 20
5.193353426994934
 10
2.4989758194904286
 20
5.173343606493368
 10
2.507709990112671
 20
5.153141585815666
 10
2.5162911812368653
 20
5.1332338855287905
 10
2.525254499950931
 20
5.111594038125899
 10
2.5332793659441504
 20
5.091333251956436
 10
2.5416695584143363
 20
5.07008068434254
 10
2.549576811082141
 20
5.048568258908574
 10
2.5569663309685122
 20
5.028362481657057
 10
2.564608909816427
 20
5.006613324449944
 10
2.5714865042940644
 20
4.986128437412282
 10
2.579175103021621
 20
4.96307846019105
 10
2.5860895008047233
 20
4.939660221059834
 10
2.5921180675843645
 20
4.919018797012336
 10
2.5982702203755426
 20
4.896960627406607
 10
2.603775974192582
 20
4.876162003504429
 10
2.610149315774271
 20
4.851831977114844
 10
2.6155460818728615
 20
4.827126573042438
 10
2.6200413413268535
 20
4.806173980224218
 10
2.6245568960673062
 20
4.7838945056643105
 10
2.628551361078697
 20
4.76283027203222
 10
2.6332389361992368
 20
4.737713713518251
 10
2.6368374727923647
 20
4.712269470809248
 10
2.6396668699767654
 20
4.691666564067852
 10
2.642451978948097
 20
4.670482934127356
 10
2.645022553594669
 20
4.64992756460982
 10
2.648054817445842
 20
4.625244327685508
 10
2.650130519762426
 20
4.600342462632239
 10
2.6517791666203276
 20
4.579768401849797
 10
2.6533675110914268
 20
4.558725537370618
 10
2.6548111278019038
 20
4.538195697108202
 10
2.6564793134099594
 20
4.51384266240744
 10
2.6572810353493175
 20
4.48933887958676
 10
2.657896338973271
 20
4.468816088999804
 10
2.6584435709849576
 20
4.447926212718815
 10
2.6588942992022186
 20
4.427461100496602
 10
2.659382434497706
 20
4.404181591103753
 10
2.659237662486737
 20
4.380809959012215
 10
2.659072108169608
 20
4.36019238715208
 10
2.65880295927668
 20
4.339071732981104
 10
2.6584331812055484
 20
4.31848523097336
 10
2.6580104670107185
 20
4.295857636397903
 10
2.6570859419396573
 20
4.273171956843743
 10
2.656223869502976
 20
4.252696628088251
 10
2.6552672034539833
 20
4.23183224713656
 10
2.654245767528763
 20
4.211393861812585
 10
2.65311372495583
 20
4.1890120396483015
 10
2.6515228449107866
 20
4.166588882507342
 10
2.650063025150199
 20
4.146355491435312
 10
2.6485507892631426
 20
4.125948135910833
 10
2.6470106495501025
 20
4.10576242395116
 10
2.645331197901173
 20
4.0838653795210895
 10
2.6432817695140027
 20
4.0619448885277345
 10
2.6413565533788477
 20
4.041550148732506
 10
2.639311132451627
 20
4.020734869369023
 10
2.637220764586446
 20
4.000358906836922
 10
2.6350422777623295
 20
3.979166486416554
 10
2.6326213138994183
 20
3.9579642003080697
 10
2.630288772207859
 20
3.937629722169763
 10
2.627825096582297
 20
3.916857394238996
 10
2.6253252469429067
 20
3.896526443522919
 10
2.6228037693181805
 20
3.876031664111308
 10
2.620163178998518
 20
3.8555334371512338
 10
2.617531908057881
 20
3.83514615013318
 10
2.6147254283127874
 20
3.8141906311600557
 10
2.611881857875304
 20
3.793785216765045
 10
2.609060725002188
 20
3.7735496787525618
 10
2.6061607468844916
 20
3.753312969763013
 10
2.603242254789789
 20
3.7329703135699033
 10
2.6001395041518167
 20
3.7120556530005975
 10
2.597007493696304
 20
3.6916922347548096
 10
2.5939717324486318
 20
3.671959802778021
 10
2.5909419454613265
 20
3.6522273964966723
 10
2.5878386689292494
 20
3.632018220840054
 10
2.584575555231974
 20
3.611317256505996
 10
2.5812912924903735
 20
3.5910743822920077
 10
2.578093707888348
 20
3.571369284138669
 10
2.574902419879103
 20
3.551664226948023
 10
2.571636103147602
 20
3.5314973266480068
 10
2.5682119487045756
 20
3.5108575762989997
 10
2.564771034502787
 20
3.4906594939283133
 10
2.5614121074112353
 20
3.4709457908790853
 10
2.558053180319682
 20
3.45123208782985
 10
2.554691283903278
 20
3.431500961804507
 10
2.551322894793651
 20
3.411750467115509
 10
2.547953937693846
 20
3.392017998722748
 10
2.5445582679881276
 20
3.372129496820645
 10
2.5411302815985475
 20
3.35224112638327
 10
2.5377316086190747
 20
3.3325288227300374
 10
2.534333842069331
 20
3.312821776741525
 10
2.5309360755195884
 20
3.2931147307530186
 10
2.527538308969847
 20
3.273407684764517
 10
2.524140542420104
 20
3.2537006387760075
 10
2.5207603062782007
 20
3.234095408756294
 10
2.5174180981032377
 20
3.2146037549525603
 10
2.5140790833448223
 20
3.1950067329654934
 10
2.5107917079599855
 20
3.175715398242369
 10
2.507581152833328
 20
3.1564267708574607
 10
2.504319516640541
 20
3.136817319610292
 10
2.5010927790929127
 20
3.117306666123875
 10
2.497869861104283
 20
3.097690441649767
 10
2.4947025666795737
 20
3.07841591935448
 10
2.491618324636687
 20
3.0591436062160655
 10
2.4885279461906338
 20
3.0398213760978483
 10
2.4855799299713555
 20
3.0209418209837007
 10
2.4826499829969713
 20
3.001639899670334
 10
2.479717274223789
 20
2.9823262957100667
 10
2.476867253434035
 20
2.963016012244915
 10
2.474041846566742
 20
2.9438633267328713
 10
2.471421223329264
 20
2.925387694086852
 10
2.46883587510666
 20
2.9062785279644103
 10
2.4662148595715214
 20
2.8869178220096514
 10
2.463676051385714
 20
2.867561689422289
 10
2.46121404712201
 20
2.8487936847394555
 10
2.4590734456447527
 20
2.8311867302130147
 10
2.457009753355907
 20
2.812509048690329
 10
2.4549035896131217
 20
2.793492089196283
 10
2.4529500786333673
 20
2.774489693611372
 10
2.451048539317346
 20
2.7560004679506154
 10
2.449515735714443
 20
2.739026914860099
 10
2.4481221629321785
 20
2.7206547057676724
 10
2.4467577439183716
 20
2.702875015823494
 10
2.445761133418846
 20
2.6851499237506156
 10
2.444696254627737
 20
2.6662075761219426
 10
2.4438402030314954
 20
2.6482640882004236
 10
2.443124699738103
 20
2.629366008953949
 10
2.442499425696049
 20
2.614365555116918
 10
2.4426483874107814
 20
2.5995417424193112
 10
2.4427840578257127
 20
2.581611696818737
 10
2.4431750863797794
 20
2.565678916439034
 10
2.443970530154475
 20
2.5478759416248615
 10
2.444617513627083
 20
2.532244887334329
 10
2.4459398123517078
 20
2.5168127291250837
 10
2.447390854087665
 20
2.499452978632938
 10
2.448947725797743
 20
2.484737021091187
 10
2.4512030989680604
 20
2.4676580746140298
 10
2.4532523187318533
 20
2.4517526146886714
 10
2.4559051763400896
 20
2.4360828227072564
 10
2.4589300227968227
 20
2.4180819332573606
 10
2.4619082798350673
 20
2.401799559669054
 10
2.465476389284977
 20
2.3839974441334917
 10
2.468587289923328
 20
2.3682651527798213
 10
2.4722858975135797
 20
2.3528033089697944
 10
2.476398292296114
 20
2.3354973646645405
 10
2.4802679471247995
 20
2.3204704557849585
 10
2.485034526652752
 20
2.3035348450663866
 10
2.4889689015901064
 20
2.289292515413984
 10
2.493614476089209
 20
2.275468788044675
 10
2.4990242405533585
 20
2.2591903024812265
 10
2.5038601421224422
 20
2.2457335024639185
 10
2.5100492924357267
 20
2.229942923597928
 10
2.5149840995901775
 20
2.217071782626729
 10
2.520682664752903
 20
2.204773200098733
 10
2.5275039400262336
 20
2.1898252671920355
 10
2.5331896319993814
 20
2.1783123028980866
 10
2.54088325584572
 20
2.1640643005608364
 10
2.5463475715164563
 20
2.153582457298253
 10
2.5526437628721856
 20
2.143946043157535
 10
2.5612326080838272
 20
2.130448143472767
 10
2.568042077347884
 20
2.120507596192182
 10
2.577473718204986
 20
2.107882982773204
 10
2.5846702331157054
 20
2.0979750796745766
 10
2.5925627833746248
 20
2.0889612024337953
 10
2.602785141372206
 20
2.0770221445264148
 10
2.6105016852378715
 20
2.0686579992085217
 10
2.6214526586835554
 20
2.057803771804774
 10
2.6300645833717455
 20
2.049029843064387
 10
2.6392328142107675
 20
2.041236276321668
 10
2.651706238714889
 20
2.0304153899956994
 10
2.6618463371300574
 20
2.0221310402109762
 10
2.674847601930236
 20
2.012245718673545
 10
2.6858689112728062
 20
2.0037309454657053
 10
2.6972737218725524
 20
1.9960619405381517
 10
2.7118231123843017
 20
1.986173441440182
 10
2.7246050541206084
 20
1.9778582502128914
 10
2.7394745095737356
 20
1.9686732810119334
 10
2.753216804834719
 20
1.9601311475306549
 10
2.7671684957291856
 20
1.95217625024152
 10
2.7833556419060446
 20
1.9429226035612035
 10
2.7985336379136605
 20
1.934467574666117
 10
2.814902544836606
 20
1.9256183657723198
 10
2.8316345881140625
 20
1.9165654560534309
 10
2.848418236113563
 20
1.9076763085715553
 10
2.8643975508703607
 20
1.8992077735323638
 10
2.8786334530147033
 20
1.8919706784908366
 10
2.8947067044205985
 20
1.8841954184593683
 10
2.9077623519302995
 20
1.8777970928156407
 10
2.920993331427519
 20
1.8722344685499528
 10
2.93692010402214
 20
1.8654678051733098
 10
2.9505221301471254
 20
1.8600519063269978
 10
2.966623753116175
 20
1.8541316375006454
 10
2.9803825571512426
 20
1.8489896419216119
 10
2.9942437229106624
 20
1.8446734473081134
 10
3.010958513177552
 20
1.8394049392901595
 10
3.0254306781667375
 20
1.835173945625728
 10
3.042232320533281
 20
1.8307022350901707
 10
3.0569934899417173
 20
1.8267088640594626
 10
3.07178095176428
 20
1.823465621309912
 10
3.0893565769022064
 20
1.8195682547180352
 10
3.105098674242848
 20
1.8163518109956243
 10
3.122715719800727
 20
1.8131031864552267
 10
3.138502105260951
 20
1.8101483102728348
 10
3.1542605146255935
 20
1.8078354190621169
 10
3.1721051211360205
 20
1.8051910165196452
 10
3.1880802699970427
 20
1.8030926059693875
 10
3.205909942536989
 20
1.8010930854902918
 10
3.2220723650919867
 20
1.7992408582669095
 10
3.238173904970697
 20
1.7979963745743883
 10
3.2562173881802274
 20
1.796579127000526
 10
3.2723626819299523
 20
1.7955719030566415
 10
3.290306274778305
 20
1.7947900345044232
 10
3.306793180310633
 20
1.7940360046902728
 10
3.32318298473815
 20
1.793849975266871
 10
3.341381153792725
 20
1.7936253130496254
 10
3.357776523535686
 20
1.7936723831356485
 10
3.3758565356987464
 20
1.7940421262148747
 10
3.3923623645491974
 20
1.7943451809115742
 10
3.4087305345094485
 20
1.7952079761937496
 10
3.426894861060967
 20
1.7961480752504182
 10
3.4432440439601004
 20
1.7972448921311543
 10
3.4612601939765786
 20
1.7987725221505901
 10
3.477922720783571
 20
1.8001538289146302
 10
3.494430428899198
 20
1.8020558507237514
 10
3.5125107563353506
 20
1.804123029643143
 10
3.5287435425601625
 20
1.8062314457294764
 10
3.5466184314867997
 20
1.8088758935805687
 10
3.562907752836934
 20
1.811250063332913
 10
3.5789819964579204
 20
1.8141676941334208
 10
3.5968606283174385
 20
1.8173952986272783
 10
3.612886977261094
 20
1.8205440201530945
 10
3.630525024058181
 20
1.8243400260356013
 10
3.6463261901208432
 20
1.8276993354131095
 10
3.6618512601072597
 20
1.8316259614413306
 10
3.679223047018096
 20
1.8359961762892512
 10
3.694519843930208
 20
1.8401320554905602
 10
3.711600053679094
 20
1.8451250156564025
 10
3.725590634917084
 20
1.8491369999745089
 10
3.739160361634877
 20
1.8538877420602442
 10
3.7538271047930873
 20
1.8589293648224896
 10
3.7638026422476836
 20
1.8628084075257363
 10
3.777537167489878
 20
1.8689389621928056
 10
3.7885844436162976
 20
1.8736671546240975
 10
3.7988911572755044
 20
1.8792872305663804
 10
3.8133902407772577
 20
1.8869861546874958
 10
3.8246099963999454
 20
1.8933871357786056
 10
3.8384154197952927
 20
1.9019346931271572
 10
3.8507240713693403
 20
1.9094412926128508
 10
3.8624302142394216
 20
1.9175692102513142
 10
3.8770801495002214
 20
1.9276564842164747
 10
3.889787779924899
 20
1.93675821316781
 10
3.9039385029043605
 20
1.9473596801543296
 10
3.9172832143786627
 20
1.9573120972097255
 10
3.930198462551768
 20
1.9676200429066557
 10
3.944668494051947
 20
1.9791536644905687
 10
3.957893002929894
 20
1.989964204058293
 10
3.972014751069097
 20
2.001843716876124
 10
3.9859160030103693
 20
2.0135210722721357
 10
3.9995685117991493
 20
2.02539621821339
 10
4.014100824948561
 20
2.038038382186813
 10
4.02802831698266
 20
2.050303032903973
 10
4.0423755221104685
 20
2.0631134015814703
 10
4.056485574199343
 20
2.075706803213961
 10
4.070444299172328
 20
2.0884162244277245
 10
4.085150910311936
 20
2.101811153434347
 10
4.0998149555560675
 20
2.115184190637695
 10
4.114521580131702
 20
2.1286154636667214
 10
4.129396267965563
 20
2.1422001409389857
 10
4.14429223178369
 20
2.155768804430353
 10
4.159194970113154
 20
2.1693423075369003
 10
4.174244714813633
 20
2.183011882745907
 10
4.189201219764604
 20
2.196553678522679
 10
4.204928040741683
 20
2.2107884058244562
 10
4.220832343760042
 20
2.2248831987734703
 10
4.236394307571951
 20
2.2386590737288863
 10
4.252665593815915
 20
2.2528725159050764
 10
4.268478104224258
 20
2.266475950994263
 10
4.284928479254028
 20
2.2806174519589324
 10
4.30162963772835
 20
2.2945590497558808
 10
4.317782443890878
 20
2.3080170418112114
 10
4.334858818462975
 20
2.3220001697217243
 10
4.351318522966514
 20
2.3352136451729275
 10
4.369228025931815
 20
2.3495623591597754
 10
4.387570735730564
 20
2.363532950857729
 10
4.404962554053129
 20
2.376721535380344
 10
4.424049607808395
 20
2.390747421050382
 10
4.441971219745239
 20
2.403452469254283
 10
4.461507352109651
 20
2.417248742724255
 10
4.481589898078837
 20
2.4304889996239685
 10
4.500213810036439
 20
2.442685060588581
 10
4.520998446589959
 20
2.4557510198773076
 10
4.540231153037656
 20
2.467288005847332
 10
4.561669991118127
 20
2.480067558315414
 10
4.583752880016255
 20
2.492068662604958
 10
4.6038357282985185
 20
2.502868635012594
 10
4.62667807948759
 20
2.5144865306349153
 10
4.647441086104304
 20
2.5243849460502843
 10
4.670801955841936
 20
2.5354130609698
 10
4.694846749119007
 20
2.5454380573122544
 10
4.716561576079345
 20
2.5543430772243223
 10
4.741798123863952
 20
2.5638701309647645
 10
4.764250331619894
 20
2.5715450862769393
 10
4.79013037077916
 20
2.5802290192943813
 10
4.816694310729364
 20
2.5875085873613557
 10
4.838990090638369
 20
2.5934450955098183
 10
4.864314543749
 20
2.5995254148425118
 10
4.8870337077293975
 20
2.6043246611285706
 10
4.909355164978795
 20
2.6089988198452043
 10
4.931883984780682
 20
2.6131680651854983
 10
4.953038094844557
 20
2.617041185314029
 10
4.9757068707264
 20
2.6209036830838275
 10
4.997043360786207
 20
2.6242351487953313
 10
5.019633646100879
 20
2.6277378784837406
 10
5.04239663824194
 20
2.6307132493123793
 10
5.06379718773187
 20
2.633469703923339
 10
5.08681877517246
 20
2.636130689187877
 10
5.108403205822035
 20
2.638304223283213
 10
5.131312977429106
 20
2.6405839619352562
 10
5.15438609299362
 20
2.6422957320583476
 10
5.176027442096303
 20
2.6438545929886925
 10
5.199380002759152
 20
2.6452104344206147
 10
5.221168485777821
 20
2.646132838963323
 10
5.24396544496434
 20
2.647072641738536
 10
5.266881767569971
 20
2.6474780824994175
 10
5.288337398200169
 20
2.6478173055702574
 10
5.311258267874831
 20
2.6479062034475644
 10
5.33282300508212
 20
2.647696019667943
 10
5.355643790116028
 20
2.647450084405892
 10
5.378559195625024
 20
2.646663014264044
 10
5.3999030256794525
 20
2.645889630733064
 10
5.422559752185954
 20
2.6448184830625348
 10
5.443951802060868
 20
2.6435395280309755
 10
5.4663124588553025
 20
2.6421850242942195
 10
5.488736084789821
 20
2.6403709097934542
 10
5.509702377684608
 20
2.638642801761037
 10
5.5316478427748415
 20
2.6366497963213975
 10
5.552634510238051
 20
2.634541137206318
 10
5.574250140560722
 20
2.6323598605056535
 10
5.595892847238782
 20
2.6298529261444066
 10
5.61665124836623
 20
2.6274288481703003
 10
5.638294566885361
 20
2.624738658452483
 10
5.6590825081463265
 20
2.6219746438489646
 10
5.679995740712504
 20
2.619189121515013
 10
5.700925609085201
 20
2.616198239524475
 10
5.721505787122647
 20
2.6132450816809683
 10
5.742888883952954
 20
2.6100321888289097
 10
5.763507715801156
 20
2.6067717114474163
 10
5.784071731935871
 20
2.603516654372358
 10
5.804641736463679
 20
2.6001094065344423
 10
5.824836614623379
 20
2.5967567798619364
 10
5.845500201863426
 20
2.5932429218500928
 10
5.865711064364375
 20
2.589710737365263
 10
5.8860407226189855
 20
2.586156254485274
 10
5.906374438455327
 20
2.582483535059241
 10
5.926498770153972
 20
2.5788427446967046
 10
5.947074079673841
 20
2.57503965198641
 10
5.967211628693687
 20
2.5712259717314128
 10
5.987278591508979
 20
2.567424690493081
 10
6.007346902285712
 20
2.563545196475998
 10
6.027196918787553
 20
2.559704468003068
 10
6.0472568184304585
 20
2.5557853811532523
 10
6.067108030222172
 20
2.5518637822786694
 10
6.086975794828006
 20
2.5479386399028687
 10
6.106845021862472
 20
2.543966873488171
 10
6.1265646508454035
 20
2.540022924446489
 10
6.146386899904921
 20
2.53603980410546
 10
6.166105140749236
 20
2.532055946653396
 10
6.186122315256917
 20
2.5280112529687213
 10
6.20614082518341
 20
2.523888532582826
 10
6.225863272963371
 20
2.5198232600345074
 10
6.245705430222099
 20
2.5157108330900453
 10
6.265422578712123
 20
2.51159810052649
 10
6.2849558229215265
 20
2.5075236770637814
 10
6.304488957237192
 20
2.5034572842088876
 10
6.324086011173329
 20
2.4993778964699316
 10
6.343708310145422
 20
2.4952894189514936
 10
6.363309076570903
 20
2.4912009169240457
 10
6.3830493328424645
 20
2.4870832538979393
 10
6.402790064502146
 20
2.4829349701277312
 10
6.422387517547471
 20
2.4788155045920894
 10
6.442002184123359
 20
2.474688564259534
 10
6.46159519959414
 20
2.470561611514193
 10
6.4809569042710296
 20
2.4664832779038095
 10
6.500317326161382
 20
2.46244336774015
 10
6.5201826847189865
 20
2.458299463315738
 10
6.540394239652813
 20
2.4540263986669846
 10
6.560294806615178
 20
2.4497535593265973
 10
6.583322144575694
 20
2.444780224368384
 10
6.60633913543763
 20
2.4390993518783075
 10
6.626179448375686
 20
2.434149344566434
 10
6.646203673155858
 20
2.429096597040689
 10
6.665920554344032
 20
2.424055866162176
 10
6.690549282416025
 20
2.4176911492099307
 10
6.715114417455033
 20
2.4101967541556033
 10
6.735136811268823
 20
2.403983287306005
 10
6.755693069618579
 20
2.397460120509794
 10
6.775515322771861
 20
2.3910070773060434
 10
6.795886885644601
 20
2.3843687139174694
 10
6.816237563521824
 20
2.3774597672381725
 10
6.836769953006273
 20
2.370464731547851
 10
6.858954314821354
 20
2.3625510714427644
 10
6.879481726660093
 20
2.354840205358597
 10
6.898836195471205
 20
2.3475605025077906
 10
6.9181753835409
 20
2.3401549283042367
 10
6.937392768855721
 20
2.3327882248129206
 10
6.957159087645395
 20
2.3250999341629326
 10
6.976366783531749
 20
2.3175005061380047
 10
6.9966659640451985
 20
2.309460088166419
 10
7.016915581548913
 20
2.301070733634074
 10
7.035620667315966
 20
2.293297136892125
 10
7.054427328773659
 20
2.285447399323322
 10
7.073059912232419
 20
2.277629919936427
 10
7.092415773114779
 20
2.2695064948005794
 10
7.111739546613756
 20
2.2611998317050013
 10
7.130689788007704
 20
2.2530421463105195
 10
7.1502074463456164
 20
2.244518774197611
 10
7.16913128119996
 20
2.236114002537408
 10
7.187486964362661
 20
2.2279603654327467
 10
7.205840132595228
 20
2.2197908186434723
 10
7.224371226817185
 20
2.2115410365508628
 10
7.243182228512753
 20
2.2031101008743983
 10
7.2617108814112195
 20
2.194739972184282
 10
7.280810397960482
 20
2.186109429163011
 10
7.299877011840975
 20
2.1773013543602966
 10
7.31819040158344
 20
2.1688303626113123
 10
7.336601463780038
 20
2.16028718603344
 10
7.354876937279269
 20
2.1517748340457197
 10
7.372745684501698
 20
2.1434516633839693
 10
7.390623743433685
 20
2.135179742718476
 10
7.409176797586074
 20
2.126597422063572
 10
7.428203384863531
 20
2.117702299213625
 10
7.446773672869252
 20
2.108910910965553
 10
7.465106540256675
 20
2.1002309893824513
 10
7.483429902355245
 20
2.0914988675966217
 10
7.501370585808665
 20
2.082946168157594
 10
7.519161694426398
 20
2.0744912953962444
 10
7.537088562649149
 20
2.0660038613794955
 10
7.555596753659777
 20
2.057240566848441
 10
7.574088331059126
 20
2.0483894549553643
 10
7.592144825077089
 20
2.0397415566572223
 10
7.610180795389835
 20
2.031103486618302
 10
7.628216765702585
 20
2.022465416579379
 10
7.6464270634388365
 20
2.013743762821122
 10
7.66463088677035
 20
2.0049869035542356
 10
7.68257734917116
 20
1.996351889060439
 10
7.700421998971491
 20
1.9877837222213446
 10
7.718357586458378
 20
1.9791937596320375
 10
7.736650926962534
 20
1.9704322250515864
 10
7.75493556335356
 20
1.9616181543709779
 10
7.772839494121937
 20
1.952984436136445
 10
7.790592079040729
 20
1.9444501221840527
 10
7.808479661765075
 20
1.9358831869796056
 10
7.826515632077821
 20
1.9272451169406855
 10
7.844551602390572
 20
1.9186070469017622
 10
7.8625875727033145
 20
1.9099689768628434
 10
7.880623543016064
 20
1.9013309068239213
 10
7.898659513328817
 20
1.8926928367849978
 10
7.916264130996419
 20
1.884260793885472
 10
7.933882328811448
 20
1.875915218351747
 10
7.951934219087042
 20
1.8673685284642096
 10
7.970008626486877
 20
1.8588111762881818
 10
7.988083033886704
 20
1.8502538241121573
 10
8.005982880658445
 20
1.8417790262205236
 10
8.023887913563943
 20
1.833339546938322
 10
8.041968366889533
 20
1.8248193335791085
 10
8.06005822344681
 20
1.8162946887855247
 10
8.078148080004093
 20
1.8077700439919382
 10
8.095370731768659
 20
1.799651806640962
 10
8.112619339263315
 20
1.7917045620872012
 10
8.130701912674676
 20
1.7833802069795255
 10
8.148785097064604
 20
1.775063845665707
 10
8.166910711900286
 20
1.7667380202699225
 10
8.185340094804491
 20
1.7582724596398962
 10
8.203762195963984
 20
1.7497544671653489
 10
8.221555826097422
 20
1.74152352639414
 10
8.238906702011494
 20
1.733573838867994
 10
8.256665191744425
 20
1.725534351786511
 10
8.27401153978816
 20
1.7176786131092947
 10
8.29137926184395
 20
1.7099947136696099
 10
8.309708519878882
 20
1.7018929262721554
 10
8.32818066469447
 20
1.6937097595948842
 10
8.346559775148473
 20
1.6855457656193602
 10
8.36457790148693
 20
1.6775418969272375
 10
8.38260275058918
 20
1.6695894577152632
 10
8.400221271045517
 20
1.6618175621646212
 10
8.41707946228456
 20
1.6545113135343674
 10
8.434665814699308
 20
1.6470581727592544
 10
8.452638471118197
 20
1.6394387806574746
 10
8.470620024515517
 20
1.6319064482270416
 10
8.489128980381604
 20
1.6241575600880513
 10
8.507760342904096
 20
1.6163392591202417
 10
8.526297746127094
 20
1.6085383008829923
 10
8.543851829802481
 20
1.601148931593058
 10
8.561421843062513
 20
1.5939315819570226
 10
8.579202110812021
 20
1.5866338809882228
 10
8.596239748462363
 20
1.5797697937608612
 10
8.614009669959906
 20
1.5727784128660267
 10
8.632176230115538
 20
1.5656284539252325
 10
8.650348586478158
 20
1.5585657264483295
 10
8.668965065627269
 20
1.5513348638866562
 10
8.687606120951264
 20
1.5440944539861348
 10
8.706247176275253
 20
1.536854044085615
 10
8.722743850037759
 20
1.5304339711105266
 10
8.739256825523587
 20
1.5244174159765476
 10
8.757422112797721
 20
1.5178076902193594
 10
8.775107705803341
 20
1.5114688480487701
 10
8.793341446536953
 20
1.5050571904291048
 10
8.812017364557319
 20
1.4984888703065198
 10
8.830693943557879
 20
1.4919578901309412
 10
8.849082965225856
 20
1.4855289229647484
 10
8.86691396221206
 20
1.4793850871244056
 10
8.885258813947047
 20
1.4731805778606104
 10
8.901385756922458
 20
1.4677047287792846
 10
8.917505539558858
 20
1.4627420056705382
 10
8.936251045726394
 20
1.4569771230309658
 10
8.954902691921916
 20
1.4512812675996436
 10
8.973780282150901
 20
1.4455669316774615
 10
8.992979319884357
 20
1.4397551055966384
 10
9.012178664008768
 20
1.4339317247017367
 10
9.029004710714753
 20
1.428814052420611
 10
9.043043783198252
 20
1.4248750750337482
 10
9.059537768151467
 20
1.420746628067791
 10
9.078530862344477
 20
1.4159685930201311
 10
9.09751844420587
 20
1.4112667616542494
 10
9.116789611457493
 20
1.4064986051703667
 10
9.135942859914962
 20
1.4017816272026637
 10
9.155220673015478
 20
1.3970613914724068
 10
9.169161580937866
 20
1.3935754029191685
 10
9.18296292491807
 20
1.39099116656755
 10
9.201575452982512
 20
1.3874648255117865
 10
9.219643626187066
 20
1.3841627229835471
 10
9.238454991216214
 20
1.3808830653943023
 10
9.258191290248451
 20
1.3774402191458817
 10
9.277928620338356
 20
1.3739905954566354
 10
9.293920119364637
 20
1.371163428861629
 10
9.305352715866336
 20
1.369539655638393
 10
9.320611401910615
 20
1.3680870068887916
 10
9.339250490683359
 20
1.366249448040267
 10
9.357834367911991
 20
1.3646358152076143
 10
9.37638377195901
 20
1.3630303827073298
 10
9.393397834527649
 20
1.3617575818652565
 10
9.411732112796509
 20
1.360661241303493
 10
9.423621666167698
 20
1.3598011182357002
 10
9.435059795507822
 20
1.3600804538817424
 10
9.454181060235491
 20
1.3603865407439955
 10
9.473275431098404
 20
1.3607596445889951
 10
9.492767296267543
 20
1.3612280057819075
 10
9.50680736770813
 20
1.3614861108827865
 10
9.52044009384451
 20
1.3626159115553658
 10
9.533967156334821
 20
1.3636204754640622
 10
9.540191509125481
 20
1.364414125658195
 10
9.552323268188877
 20
1.367025721203213
 10
9.556574625379756
 20
1.3673302182480938
 10
9.559550853600387
 20
1.3689763317015162
 10
9.569926607134235
 20
1.3726036874746905
 10
9.571637600115713
 20
1.3732963715406827
 10
9.580365201263264
 20
1.3784290793930947
 10
9.583908753157987
 20
1.3797374644187497
 10
9.585874288094384
 20
1.3819885584926628
 10
9.595367758277114
 20
1.3892385181055917
 10
9.598369374790597
 20
1.3918401521659594
 10
9.606113657907803
 20
1.4001151061342496
 10
9.610949576443264
 20
1.404552691014815
 10
9.61420067164791
 20
1.4095183569206764
 10
9.62259583578284
 20
1.4206407166139015
 10
9.627137626298389
 20
1.4273270177170783
 10
9.633993307745582
 20
1.439040323040177
 10
9.639430479319824
 20
1.4477773837048153
 10
9.643553257900251
 20
1.4567943984677474
 10
9.65021410085385
 20
1.4706079881091123
 10
9.654476329850679
 20
1.4804188083467524
 10
9.659771393211471
 20
1.4944660338790217
 10
9.664527386863249
 20
1.5066446477426008
 10
9.668242919494624
 20
1.5189034108660067
 10
9.673277674594491
 20
1.5351073084486215
 10
9.677091286883174
 20
1.5485665941752413
 10
9.681166524540604
 20
1.5648289441049996
 10
9.684699289965556
 20
1.5785334617278008
 10
9.687325462726923
 20
1.5922245631971559
 10
9.690746314555149
 20
1.6096747561978706
 10
9.69348113819031
 20
1.625101574543017
 10
9.696191716073962
 20
1.6425692527908287
 10
9.698609955998657
 20
1.6577786675838337
 10
9.7002915390167
 20
1.672910378517648
 10
9.702319642680676
 20
1.690848159955883
 10
9.70387886491996
 20
1.7069369625438338
 10
9.705270007607613
 20
1.7248214865302993
 10
9.706585694933011
 20
1.7412746773497356
 10
9.707329895252835
 20
1.7576344052346482
 10
9.708180825255997
 20
1.7760316956981557
 10
9.708739421285514
 20
1.792871601646702
 10
9.709062455726837
 20
1.8111723763814302
 10
9.709405502462795
 20
1.830086295530735
 10
9.709561273457668
 20
1.8489586296925884
 10
9.709720089428773
 20
1.8688081820919105
 10
9.70986006577371
 20
1.8885804995989648
 10
9.709979289492626
 20
1.9084565760295102
 10
9.71009927420407
 20
1.9284540279369113
 10
9.710219258915515
 20
1.948451479844303
 10
9.710339888211287
 20
1.968552397382307
 10
9.710479830565061
 20
1.9887747040453898
 10
9.710640747263819
 20
2.0088933935778632
 10
9.71079910119844
 20
2.0286746890800935
 10
9.710919233094144
 20
2.0484471455688866
 10
9.71103980659192
 20
2.068538805735878
 10
9.711179721915128
 20
2.0887611125881462
 10
9.711340639741861
 20
2.1088799533331026
 10
9.711498994741143
 20
2.1286614000483217
 10
9.711619153365001
 20
2.1484338563497993
 10
9.711739724972654
 20
2.1685252140894207
 10
9.711879613265296
 20
2.1887475211309106
 10
9.712040532219904
 20
2.208866513088367
 10
9.712198888283949
 20
2.2286481110165393
 10
9.712319073635959
 20
2.2484205671307147
 10
9.712439001699167
 20
2.2684086104529735
 10
9.712558986410611
 20
2.288406062360358
 10
9.712678971122054
 20
2.308403514267759
 10
9.712800351568966
 20
2.328616398440083
 10
9.712960308837394
 20
2.3488385649287915
 10
9.713119563060847
 20
2.368742429015095
 10
9.713259671654574
 20
2.3885147455965017
 10
9.713378890479458
 20
2.408390073834853
 10
9.713500269874348
 20
2.4286028067940975
 10
9.713660200112212
 20
2.4488249734722336
 10
9.713819456679506
 20
2.468729139982725
 10
9.713959592001387
 20
2.4885014563770365
 10
9.71407880983686
 20
2.5083766334019337
 10
9.714198794548304
 20
2.5283740853093453
 10
9.714318779259749
 20
2.5483715372167395
 10
9.71443940274727
 20
2.5684715553486828
 10
9.714579184325382
 20
2.5886938631370704
 10
9.714740107731751
 20
2.6088134520694233
 10
9.714898477108852
 20
2.6285969394432733
 10
9.715019004625534
 20
2.6483707460785912
 10
9.715139812048617
 20
2.668461168666685
 10
9.715279889474168
 20
2.688682121822739
 10
9.715440800169766
 20
2.708800006821321
 10
9.71559915358056
 20
2.7285812279195256
 10
9.715719272324733
 20
2.7483536845004815
 10
9.715839202664377
 20
2.7683421046548373
 10
9.715959187375821
 20
2.7883395565622315
 10
9.716079172087266
 20
2.8083370084696324
 10
9.716200555156302
 20
2.828550269472142
 10
9.71636057978619
 20
2.848772435488802
 10
9.716519828168682
 20
2.868675545919576
 10
9.716659870154569
 20
2.8884478629671895
 10
9.71677909144467
 20
2.9083235680367165
 10
9.716900473461433
 20
2.9285366778261577
 10
9.717060471060757
 20
2.948758844032247
 10
9.717219721787087
 20
2.9686622568871974
 10
9.717359790501128
 20
2.9884345737477256
 10
9.717479010802071
 20
3.008310127603808
 10
9.717598995513516
 20
3.028307579511209
 10
9.71771898022496
 20
3.0483050314186033
 10
9.717839606145574
 20
3.068405426381899
 10
9.71797945508515
 20
3.0886277336988055
 10
9.718140375681616
 20
3.1087469458023946
 10
9.718298733296
 20
3.128528763877444
 10
9.718418957560804
 20
3.1483012197189257
 10
9.718539524526557
 20
3.1683918347354405
 10
9.718679346435566
 20
3.1886141422415686
 10
9.718840268159658
 20
3.2087335055576514
 10
9.718998626839056
 20
3.228515474845652
 10
9.71911887783201
 20
3.248287930499839
 10
9.71923880365121
 20
3.26827560246018
 10
9.719358788362655
 20
3.2882730543675645
 10
9.719478773074098
 20
3.3082705062749653
 10
9.719600150937564
 20
3.3284830190872303
 10
9.719760041822365
 20
3.3487051860411388
 10
9.71991930180199
 20
3.36860979284275
 10
9.720059476036667
 20
3.3883821089647186
 10
9.720178692431501
 20
3.4082570658420663
 10
9.720300069243198
 20
3.42846942744125
 10
9.720459933097434
 20
3.448691594584579
 10
9.720619195420898
 20
3.4685965038103777
 10
9.72075939638373
 20
3.488368819745252
 10
9.720878611788903
 20
3.5082436254091403
 10
9.720998596500348
 20
3.528241077316552
 10
9.721118581211792
 20
3.548238529223946
 10
9.721239202302158
 20
3.5683381759946973
 10
9.721378917496638
 20
3.58856048424772
 10
9.721539843671506
 20
3.6086804445387153
 10
9.721698206556479
 20
3.628463010803546
 10
9.72181856307006
 20
3.6482354657182747
 10
9.721939120683643
 20
3.668324584348246
 10
9.72207880884756
 20
3.6885468927904688
 10
9.722239736149547
 20
3.7086670042939716
 10
9.722398100100037
 20
3.728449721771771
 10
9.722518483341773
 20
3.7482221764991768
 10
9.72263840463804
 20
3.7682091002655125
 10
9.722758389349485
 20
3.7882065521729342
 10
9.722878374060931
 20
3.808204004080328
 10
9.722999746721316
 20
3.8284157687022984
 10
9.723159503861028
 20
3.8486379365934416
 10
9.723318775437788
 20
3.868544039765903
 10
9.723459081921252
 20
3.888316354962234
 10
9.723578293418333
 20
3.9081905636474095
 10
9.72369966502745
 20
3.9284021770563253
 10
9.7238593951366
 20
3.9486243451368797
 10
9.724018669057198
 20
3.9685307507335152
 10
9.724159002268816
 20
3.988303065742775
 10
9.724278212775737
 20
4.008177123214503
 10
9.724399583333687
 20
4.028388585410341
 10
9.724559286412273
 20
4.048610753680314
 10
9.724718562676712
 20
4.068517461701138
 10
9.724858922616486
 20
4.088289776523313
 10
9.724978132133138
 20
4.108163682781577
 10
9.725098116844583
 20
4.128161134688979
 10
9.725218101556028
 20
4.14815858659638
 10
9.72533871684322
 20
4.1682573339610185
 10
9.725478271262038
 20
4.188479643339348
 10
9.725639204139437
 20
4.208600503030283
 10
9.725797573363504
 20
4.228383968697869
 10
9.725918088854025
 20
4.248156422498534
 10
9.726038635225311
 20
4.268243742314581
 10
9.726178162613564
 20
4.288466051882102
 10
9.72633909661748
 20
4.308587062785529
 10
9.726497466907666
 20
4.32837067966607
 10
9.726618009126339
 20
4.34814313327944
 10
9.726737924982276
 20
4.3681291576379495
 10
9.72685790969372
 20
4.388126609545351
 10
9.726977894405165
 20
4.408124061452752
 10
9.727099260814189
 20
4.428334926671384
 10
9.727258857178253
 20
4.448557095689163
 10
9.727418142695985
 20
4.468464997656653
 10
9.727558608156395
 20
4.488237311740273
 10
9.727677813762568
 20
4.508110621019826
 10
9.727799179120929
 20
4.528321335025395
 10
9.727958748454428
 20
4.548543504232602
 10
9.728118036316001
 20
4.568451708624253
 10
9.728258528504565
 20
4.588224022520807
 10
9.72837773311997
 20
4.608097180586927
 10
9.728497717831415
 20
4.628094632494321
 10
9.72861770254286
 20
4.648092084401712
 10
9.728738313005282
 20
4.668190083573795
 10
9.728877733679006
 20
4.688412393888236
 10
9.72903867212933
 20
4.708534001766613
 10
9.729197046629462
 20
4.728318215623933
 10
9.729317694368763
 20
4.74809066849785
 10
9.729438231387878
 20
4.768176491927347
 10
9.729577625031034
 20
4.788398802430965
 10
9.72973856460737
 20
4.808520561521859
 10
9.729896940174127
 20
4.828304926592149
 10
9.730017614641582
 20
4.848077379278754
 10
9.730137525969107
 20
4.868062655443282
 10
9.730257510680552
 20
4.888060107350693
 10
9.730377495391997
 20
4.908057559258104
 10
9.73049885660342
 20
4.928267676286425
 10
9.730658319222394
 20
4.9484898462414115
 10
9.73081761633726
 20
4.968399244579758
 10
9.73095821404646
 20
4.9881715577377586
 10
9.7310774147494
 20
5.008044118825179
 10
9.731198774910661
 20
5.028254084640433
 10
9.731358210499073
 20
5.048476254784846
 10
9.73151750995778
 20
5.068385955547353
 10
9.731658134395131
 20
5.088158268518289
 10
9.731777334106802
 20
5.10803067839227
 10
9.731897318818246
 20
5.128028130299664
 10
9.732017303529691
 20
5.148025582207065
 10
9.732137909169834
 20
5.168122833186553
 10
9.732277196098464
 20
5.188345144437067
 10
9.73243814011922
 20
5.208467500502922
 10
9.732596519897907
 20
5.228252462549988
 10
9.73271729988599
 20
5.248024914497167
 10
9.732837827552931
 20
5.268109241540101
 10
9.732977087450994
 20
5.28833155297981
 10
9.73313803259726
 20
5.308454060258169
 10
9.733296413443073
 20
5.328239173518201
 10
9.733417220159312
 20
5.348011625278089
 10
9.733537126955941
 20
5.367996153248635
 10
9.733657111667386
 20
5.387993605156036
 10
9.73377709637883
 20
5.407991057063428
 10
9.733898452395133
 20
5.428200425901438
 10
9.734057781269023
 20
5.448422596793665
 10
9.734217089981026
 20
5.468333491502841
 10
9.734357819939012
 20
5.488105803735227
 10
9.734477015736232
 20
5.507977616630521
 10
9.73459837070288
 20
5.528186834255453
 10
9.734757672546205
 20
5.548409005337075
 10
9.734916983602044
 20
5.568320202470443
 10
9.73505774028819
 20
5.588092514515767
 10
9.735176935093635
 20
5.607964176197602
 10
9.735298289010727
 20
5.62817324260945
 10
9.735457563823488
 20
5.648395413880493
 10
9.735616877223165
 20
5.668306913438042
 10
9.735757660637466
 20
5.688079225296299
 10
9.735876854451037
 20
5.707950735764697
 10
9.735996839162482
 20
5.727948187672098
 10
9.736116823873926
 20
5.747945639579482
 10
9.736237423720473
 20
5.76804199115283
 10
9.73637654987344
 20
5.788264303528635
 10
9.736537500587152
 20
5.808387558994492
 10
9.73669588671451
 20
5.828173420444224
 10
9.73681682567953
 20
5.847945871277382
 10
9.736937342104175
 20
5.868028399506384
 10
9.737076441226575
 20
5.888250712071355
 10
9.737237393065193
 20
5.908374118749746
 10
9.737395780260284
 20
5.928160131412441
 10
9.737516745953457
 20
5.947932582058275
 10
9.737636647300175
 20
5.967916210621059
 10
9.73775663201162
 20
5.98791366252847
 10
9.737876616723064
 20
6.007911114435855
 10
9.737997966497586
 20
6.028119583870456
 10
9.738157134595825
 20
6.0483417558892905
 10
9.7383164572488
 20
6.068254449393501
 10
9.738457346183733
 20
6.088026760513211
 10
9.738576536080465
 20
6.107897674002945
 10
9.738697884805937
 20
6.1281059922244605
 10
9.73885702587361
 20
6.148328164432702
 10
9.739016350870425
 20
6.168241160361095
 10
9.739157266533512
 20
6.18801347129374
 10
9.739276455437869
 20
6.20788423357003
 10
9.739396440149312
 20
6.227881685477441
 10
9.739516424860758
 20
6.247879137384845
 10
9.739637019890505
 20
6.267974740765568
 10
9.739776012298377
 20
6.288197054077426
 10
9.739936968577043
 20
6.308321057730811
 10
9.740095359988436
 20
6.32810766737024
 10
9.740216431202237
 20
6.3478801172766754
 10
9.740336556776052
 20
6.3679006036600585
 10
9.74046374604534
 20
6.387983999941924
 10
9.740599338689455
 20
6.408029886327734
 10
9.740734608279238
 20
6.428027240684205
 10
9.740869877869024
 20
6.44802459504066
  0
LWPOLYLINE
  5
94
330
17
100
AcDbEntity
  8
TRACK
100
AcDbPolyline
 90
2332
 70
1
 10
10.190999785088112
 20
6.466189017197332
 10
10.19091820941409
 20
6.487397644677807
 10
10.190838640443234
 20
6.507282864473481
 10
10.190779310683252
 20
6.527055579374297
 10
10.190739568426443
 20
6.546940786553261
 10
10.19069901077635
 20
6.5671634268832815
 10
10.190618255691392
 20
6.587386075342771
 10
10.190538685755103
 20
6.607271552578221
 10
10.190479333242745
 20
6.627044267410791
 10
10.190439591307811
 20
6.646929345869307
 10
10.19039903404377
 20
6.667151857479032
 10
10.190318301968622
 20
6.687374506007754
 10
10.190238731066893
 20
6.70726024068297
 10
10.190179355802163
 20
6.727032955447273
 10
10.190139614189178
 20
6.746917905185351
 10
10.190099057311112
 20
6.767140288074774
 10
10.190018348245777
 20
6.787362936672708
 10
10.189938776378614
 20
6.807248928787709
 10
10.189879378361509
 20
6.827021643483766
 10
10.189839637070547
 20
6.846906464501397
 10
10.189799080578384
 20
6.867128718670526
 10
10.18971839452286
 20
6.887351367337681
 10
10.189638821690261
 20
6.907237616892458
 10
10.18957940092078
 20
6.927010331520249
 10
10.189539659951915
 20
6.946895023817442
 10
10.18949910384558
 20
6.967117149266278
 10
10.18941844079987
 20
6.987339798002644
 10
10.189338867001833
 20
7.0072263049971975
 10
10.189279423479977
 20
7.026999019556741
 10
10.189239682833282
 20
7.0468835831334875
 10
10.189199127112705
 20
7.067105579862018
 10
10.189118487076804
 20
7.087328228667617
 10
10.189038493381346
 20
7.1073266528636445
 10
10.188958502773836
 20
7.127324304741372
 10
10.188878512166324
 20
7.14732195661909
 10
10.188799306331006
 20
7.167095516401634
 10
10.188759713416541
 20
7.186868290595959
 10
10.188719468977327
 20
7.206976689584984
 10
10.188658973786856
 20
7.227199398908261
 10
10.188578557928786
 20
7.247310516003768
 10
10.188499351706753
 20
7.267084204506625
 10
10.188459736039912
 20
7.286856978632492
 10
10.188419492179907
 20
7.306965120180571
 10
10.188359019999249
 20
7.327187829572895
 10
10.188278603691247
 20
7.347299075388467
 10
10.188199397082425
 20
7.367072892611604
 10
10.188159758663213
 20
7.386845666669022
 10
10.188119515382413
 20
7.406953550776176
 10
10.188059066211567
 20
7.427176260237529
 10
10.187978649453708
 20
7.447287634773165
 10
10.187899442458022
 20
7.467061580716593
 10
10.187859781286436
 20
7.486834354705553
 10
10.187819538584844
 20
7.506941981371783
 10
10.187759112423809
 20
7.5271646909021515
 10
10.187678695216169
 20
7.547276194157834
 10
10.18759948783355
 20
7.567050268821572
 10
10.18755980390959
 20
7.586823042742095
 10
10.187519561787202
 20
7.6069304119673795
 10
10.18745915863598
 20
7.627153121566774
 10
10.187378740978632
 20
7.647264753542532
 10
10.187299533209002
 20
7.667038956926562
 10
10.187259826532667
 20
7.686811730778636
 10
10.187219584989485
 20
7.706918842562996
 10
10.187159204848076
 20
7.727141552231408
 10
10.187078786741091
 20
7.747253312927211
 10
10.186998796133581
 20
7.767250964804939
 10
10.18691880552607
 20
7.787248616682656
 10
10.186839230679903
 20
7.807135513214328
 10
10.18677960454244
 20
7.826908227226031
 10
10.186739866484222
 20
7.846791757663939
 10
10.186699313857137
 20
7.867012721254787
 10
10.186618858503092
 20
7.887235370615962
 10
10.18653927599081
 20
7.907124201319073
 10
10.186479627100972
 20
7.926896915262524
 10
10.18643988936559
 20
7.946780316979985
 10
10.186399337123595
 20
7.967001151850526
 10
10.186318904779363
 20
7.98722380128092
 10
10.186239321301645
 20
8.007112889423809
 10
10.186179649659433
 20
8.026885603299004
 10
10.186139912246958
 20
8.04676887629603
 10
10.18609936038998
 20
8.066989582446267
 10
10.18601895105556
 20
8.08721223194589
 10
10.185939366612404
 20
8.107101577528553
 10
10.18587967221782
 20
8.126874291335486
 10
10.185839935128326
 20
8.146757435612075
 10
10.185799383656292
 20
8.166978013042014
 10
10.185718997331684
 20
8.187200662610856
 10
10.185639411923091
 20
8.207090265633298
 10
10.18557969477613
 20
8.226862979371978
 10
10.185539958009693
 20
8.246745994928121
 10
10.185499406922528
 20
8.266966443637752
 10
10.185419043607732
 20
8.287189093275813
 10
10.185339043730865
 20
8.307189065483817
 10
10.185259053123355
 20
8.327186717361524
 10
10.185179062515845
 20
8.347184369239251
 10
10.185099852024925
 20
8.36695947704064
 10
10.185059985485362
 20
8.386732250411782
 10
10.18501974801181
 20
8.406837553358992
 10
10.18495952954245
 20
8.427060263512404
 10
10.184879108278306
 20
8.447172928623939
 10
10.184799897399785
 20
8.466948165145626
 10
10.184760008107848
 20
8.486720938448324
 10
10.184719771213501
 20
8.506825983954586
 10
10.184659575753955
 20
8.527048694177024
 10
10.184579154040767
 20
8.547161488008628
 10
10.184499942774572
 20
8.566936853250603
 10
10.184460030730262
 20
8.586709626484856
 10
10.184419794415122
 20
8.606814414550191
 10
10.184359621965386
 20
8.627037124841666
 10
10.184279199803226
 20
8.647150047393316
 10
10.184199988149286
 20
8.66692554135558
 10
10.1841600533526
 20
8.686698314521395
 10
10.184119817616667
 20
8.706802845145788
 10
10.184059668176745
 20
8.727025555506284
 10
10.183979245565688
 20
8.747138606778005
 10
10.183900033523926
 20
8.766914229460555
 10
10.183860075974868
 20
8.786687002557928
 10
10.183819840818138
 20
8.806791275741391
 10
10.18375971438803
 20
8.827013986170902
 10
10.18367929132815
 20
8.847127166162684
 10
10.183600078898495
 20
8.866902917565541
 10
10.183560098597061
 20
8.886675690594469
 10
10.183519864019539
 20
8.906779706336996
 10
10.183459760599241
 20
8.927002416835531
 10
10.183379337090612
 20
8.947115725547382
 10
10.1832993464831
 20
8.967113377425099
 10
10.18321935587559
 20
8.987111029302817
 10
10.183139775594054
 20
9.006999473850385
 10
10.183079875831488
 20
9.026772187041258
 10
10.183040141660634
 20
9.046654169458593
 10
10.18299959365985
 20
9.0668735850305
 10
10.182919415026912
 20
9.087096235224095
 10
10.182839820904077
 20
9.106988161955115
 10
10.182779898389137
 20
9.126760875077748
 10
10.182740164542002
 20
9.146642728774639
 10
10.182699616925424
 20
9.166862015626247
 10
10.182619461302297
 20
9.187084665889069
 10
10.182539866214023
 20
9.206976850059858
 10
10.18247992094671
 20
9.226749563114227
 10
10.182440187423369
 20
9.246631288090683
 10
10.182399640190923
 20
9.266850446221982
 10
10.182319507577608
 20
9.28707309655401
 10
10.1822399115239
 20
9.306965538164588
 10
10.182179943504211
 20
9.326738251150717
 10
10.182140210304738
 20
9.346619847406728
 10
10.182099663456349
 20
9.366838876817727
 10
10.182019553852847
 20
9.387061527218984
 10
10.181939956833698
 20
9.40695422626933
 10
10.181879966061636
 20
9.426726939187196
 10
10.181840233186104
 20
9.446608406722774
 10
10.1817996867217
 20
9.466827307413464
 10
10.18171960012801
 20
9.487049957883926
 10
10.181640002143428
 20
9.50694291437406
 10
10.18157998861899
 20
9.526715627223687
 10
10.181540256067473
 20
9.54659696603882
 10
10.18149970998698
 20
9.56681573800921
 10
10.1814196464031
 20
9.587038388548885
 10
10.181339639842847
 20
9.607040037488655
 10
10.181259649235336
 20
9.627037689366382
 10
10.181179658627824
 20
9.647035341244111
 10
10.181100443082169
 20
9.666812125784595
 10
10.18106028016513
 20
9.686584898264165
 10
10.181020050236445
 20
9.706686847728575
 10
10.180960131498011
 20
9.726909558781104
 10
10.180879704390286
 20
9.747023900628779
 10
10.180800488456072
 20
9.766800813889569
 10
10.180760302786659
 20
9.786573586300705
 10
10.180720073437179
 20
9.806675278324168
 10
10.18066017770856
 20
9.82689798944573
 10
10.180579750152747
 20
9.847012460013477
 10
10.1805005338299
 20
9.86678950199454
 10
10.180460325408115
 20
9.886562274337246
 10
10.180420096637837
 20
9.906663708919782
 10
10.18036022391903
 20
9.926886420110344
 10
10.180279795915208
 20
9.947001019398165
 10
10.180200579203651
 20
9.966778190099527
 10
10.180160348029494
 20
9.986550962373766
 10
10.180120119838424
 20
10.006652139515376
 10
10.18006027012943
 20
10.02687485077497
 10
10.17997984167767
 20
10.046989578782844
 10
10.179900624577334
 20
10.066766878204499
 10
10.1798603706508
 20
10.086539650410309
 10
10.179820143038938
 20
10.106640570110969
 10
10.179760316339756
 20
10.126863281439595
 10
10.17967988744013
 20
10.146978138167553
 10
10.17960066995094
 20
10.166755566309481
 10
10.179560393272034
 20
10.18652833844684
 10
10.179520166239376
 20
10.206629000706572
 10
10.179460362550007
 20
10.22685171210421
 10
10.179379933202592
 20
10.246966697552221
 10
10.179299942595081
 20
10.266964349429948
 10
10.17921995198757
 20
10.286962001307664
 10
10.179140365806692
 20
10.306852122591122
 10
10.179080169666646
 20
10.326624834892964
 10
10.179040439718412
 20
10.346505140569269
 10
10.178999896716604
 20
10.366722879401923
 10
10.178920017814582
 20
10.386945530497142
 10
10.178840411115754
 20
10.406840810695858
 10
10.178780192223334
 20
10.426613522929452
 10
10.178740462599778
 20
10.446493699885314
 10
10.178699919981216
 20
10.466711309997656
 10
10.178620064089007
 20
10.48693396116209
 10
10.178540456424743
 20
10.506829498800585
 10
10.178480214779949
 20
10.526602210965931
 10
10.178440485481147
 20
10.54648225920136
 10
10.178399943245758
 20
10.566699740593391
 10
10.17832011036336
 20
10.586922391827047
 10
10.178240501733658
 20
10.606818186905322
 10
10.178180237336491
 20
10.62659089900241
 10
10.178140508362516
 20
10.646470818517415
 10
10.178099966510224
 20
10.666688171189143
 10
10.178020156637636
 20
10.686910822491994
 10
10.1779405470425
 20
10.706806875010047
 10
10.177880259892957
 20
10.726579587038897
 10
10.177840531243882
 20
10.746459377833451
 10
10.177799989774616
 20
10.766676601784868
 10
10.177720202911843
 20
10.78689925315695
 10
10.177640592351269
 20
10.806795563114784
 10
10.177580282449352
 20
10.826568275075376
 10
10.177540554125251
 20
10.846447937149497
 10
10.177500013038937
 20
10.866665032380611
 10
10.177420249185975
 20
10.886887683821906
 10
10.177340235954826
 20
10.906891009493524
 10
10.177260245347314
 20
10.926888661371233
 10
10.177180254739804
 20
10.94688631324894
 10
10.177101034126919
 20
10.966664774528493
 10
10.177060574832408
 20
10.986437546116537
 10
10.177020352448586
 20
11.006536142098152
 10
10.17696073344108
 20
11.02675885404976
 10
10.176880300502267
 20
11.046874872633639
 10
10.17680107949986
 20
11.066653462633475
 10
10.176760597452978
 20
11.08642623415307
 10
10.176720375648362
 20
11.106524572693754
 10
10.176660779650666
 20
11.126747284714392
 10
10.176580346264727
 20
11.146863432018328
 10
10.176501124872729
 20
11.166642150738447
 10
10.17646062007347
 20
11.186414922189611
 10
10.17642039884806
 20
11.206513003289347
 10
10.17636082586018
 20
11.226735715379005
 10
10.176280392027188
 20
11.246851991403016
 10
10.176201170245525
 20
11.266630838843417
 10
10.176160642693892
 20
11.286403610226142
 10
10.176120422047688
 20
11.30650143388495
 10
10.17606087206962
 20
11.326724146043615
 10
10.17598043778965
 20
11.346840550787697
 10
10.175901215618248
 20
11.366619526948398
 10
10.175860665314241
 20
11.386392298262694
 10
10.175820445247242
 20
11.406489864480552
 10
10.175760918278986
 20
11.426712576708237
 10
10.17568048355211
 20
11.446829110172395
 10
10.1756004929446
 20
11.466826762050102
 10
10.17552050233709
 20
11.486824413927831
 10
10.175440910698656
 20
11.506716083227081
 10
10.175380440933505
 20
11.52648879470816
 10
10.175340714894823
 20
11.546367552363927
 10
10.175300176497132
 20
11.566583743177574
 10
10.175220574316215
 20
11.586806395105148
 10
10.175140956006834
 20
11.606704771331804
 10
10.17508046348931
 20
11.626477482744656
 10
10.17504073777619
 20
11.646356111679982
 10
10.17500019976086
 20
11.666572173773305
 10
10.174920620589756
 20
11.686794825770102
 10
10.174841001314936
 20
11.706693459436536
 10
10.174780486045037
 20
11.726466170781123
 10
10.174740760657558
 20
11.746344670996018
 10
10.174700223024514
 20
11.766560604369047
 10
10.174620666863222
 20
11.786783256435042
 10
10.174541046622966
 20
11.80668214754126
 10
10.174480508600693
 20
11.82645485881761
 10
10.174440783538927
 20
11.846333230312062
 10
10.1744011184219
 20
11.866112967218093
 10
10.174399999892215
 20
11.885885778172726
 10
10.174399901114555
 20
11.905665679017213
 10
10.174436526677512
 20
11.925213418752296
 10
10.174515688078781
 20
11.944972021494763
 10
10.174595678686291
 20
11.964969673372488
 10
10.174675669293801
 20
11.984967325250206
 10
10.174756056602206
 20
12.005070317231294
 10
10.174818004226557
 20
12.02529302219695
 10
10.174858270901037
 20
12.045410450743853
 10
10.174898624564925
 20
12.06606155716997
 10
10.174820862117274
 20
12.086734208183902
 10
10.174738709100758
 20
12.107174338483727
 10
10.174576833615903
 20
12.12807130467193
 10
10.174331638289953
 20
12.148546760574156
 10
10.174063952548723
 20
12.170289163038516
 10
10.17347073099899
 20
12.192084358303383
 10
10.172876176741353
 20
12.21318806014377
 10
10.172043459054478
 20
12.235409706832126
 10
10.171030955950524
 20
12.256568644208764
 10
10.169931371704298
 20
12.27915871850353
 10
10.168330412952876
 20
12.30180612876235
 10
10.166765533292857
 20
12.323419739001046
 10
10.164751513276316
 20
12.346730397806997
 10
10.162532013502847
 20
12.368431471369915
 10
10.160053486728202
 20
12.39224606595192
 10
10.156791926667037
 20
12.416098792789564
 10
10.153741738829993
 20
12.437922372373748
 10
10.150013828654137
 20
12.461695897466942
 10
10.146172890691751
 20
12.483521023702478
 10
10.14191793660494
 20
12.50740058835842
 10
10.136808739564371
 20
12.531269077424941
 10
10.132065606269588
 20
12.553057382934938
 10
10.126387191713938
 20
12.57697517571506
 10
10.120746887701245
 20
12.598693670105018
 10
10.11457632875126
 20
12.622230707434829
 10
10.107540906046324
 20
12.645677885085712
 10
10.1011126390951
 20
12.666839436640034
 10
10.093682279266286
 20
12.68986555389269
 10
10.086450917298956
 20
12.710883718703032
 10
10.078695198322242
 20
12.733295296996285
 10
10.07021596750375
 20
12.755576938317995
 10
10.062401167826977
 20
12.77594752558257
 10
10.05361065856102
 20
12.797881074660477
 10
10.045109678518273
 20
12.818103389993775
 10
10.036127061774607
 20
12.839393283363203
 10
10.0265526965907
 20
12.860545679796054
 10
10.01793331652254
 20
12.879489074167454
 10
10.008904803242336
 20
12.899008957656127
 10
10.000037758088853
 20
12.917828799385285
 10
9.991011731186099
 20
12.936975488793184
 10
9.981775296469499
 20
12.95606566378964
 10
9.971585765440864
 20
12.977044114432381
 10
9.959090130888553
 20
13.00101078491992
 10
9.947446531374375
 20
13.021711090046201
 10
9.936067821942983
 20
13.041834221351452
 10
9.924111680146613
 20
13.061757639672221
 10
9.912305116896489
 20
13.081311797084627
 10
9.898415937170167
 20
13.103128272768048
 10
9.885469649995517
 20
13.122309484051547
 10
9.870713167758739
 20
13.14397473479944
 10
9.854784081264919
 20
13.165073721573794
 10
9.841452650010043
 20
13.182530036500507
 10
9.826769090481449
 20
13.201159942572827
 10
9.812868982747348
 20
13.218187129633321
 10
9.79395940536097
 20
13.241005639720834
 10
9.77320101835833
 20
13.262678517097777
 10
9.757134727848817
 20
13.27909215167081
 10
9.738846052258138
 20
13.2969501741011
 10
9.722007725069046
 20
13.312576511430935
 10
9.702883495895994
 20
13.330184780425837
 10
9.682779264543468
 20
13.347013790356796
 10
9.663741605619357
 20
13.362730427369213
 10
9.640195874264776
 20
13.380693223306427
 10
9.61955522321599
 20
13.395078118220786
 10
9.59713099293378
 20
13.410487149978923
 10
9.573648087235608
 20
13.424768541274563
 10
9.553488594244689
 20
13.436818925221557
 10
9.529988906797534
 20
13.449990845668747
 10
9.508928544260947
 20
13.460935438127034
 10
9.485193128599942
 20
13.473119051279989
 10
9.46061498679193
 20
13.48416081446409
 10
9.438653304344573
 20
13.493834453630063
 10
9.412629375812662
 20
13.504307474135897
 10
9.389747182856729
 20
13.512562080181567
 10
9.364320557132519
 20
13.521570471870529
 10
9.33817329339944
 20
13.529271722158148
 10
9.315976491522777
 20
13.535635235722994
 10
9.290761981966796
 20
13.542201053087108
 10
9.268107955648576
 20
13.547435144607165
 10
9.243835367960264
 20
13.552962672556964
 10
9.21918842901927
 20
13.557566055826713
 10
9.1970467828075
 20
13.561604171474722
 10
9.172346806800293
 20
13.565591606563526
 10
9.149865235906608
 20
13.56869006434703
 10
9.126411873015453
 20
13.57187521822633
 10
9.102721644695874
 20
13.574368784607309
 10
9.080700907105202
 20
13.576619708991919
 10
9.056493611305655
 20
13.578669696845193
 10
9.03422818812766
 20
13.580109464607808
 10
9.011673569620342
 20
13.581540774233183
 10
8.988988666033888
 20
13.58248435702839
 10
8.968079889084228
 20
13.583319226443814
 10
8.946301575433475
 20
13.584030256843915
 10
8.925340103143713
 20
13.584536430861293
 10
8.904260094061685
 20
13.585040732524144
 10
8.88313454818205
 20
13.585346961369648
 10
8.863096941313172
 20
13.58562749174127
 10
8.843101088952388
 20
13.585907433674322
 10
8.823105236591616
 20
13.586187375607372
 10
8.80419109614933
 20
13.586449572395209
 10
8.785323226174313
 20
13.586897829185608
 10
8.765581137761163
 20
13.587371547827123
 10
8.746039585382665
 20
13.58787654372717
 10
8.726291896042923
 20
13.58842960963037
 10
8.703927921091017
 20
13.589043265409364
 10
8.681456761961822
 20
13.589210487367627
 10
8.65929318989526
 20
13.589334000167772
 10
8.634802378766558
 20
13.589027347717554
 10
8.612385627247358
 20
13.588278323763669
 10
8.588289958846746
 20
13.587421452289707
 10
8.564055805449728
 20
13.585746510096477
 10
8.54165380439574
 20
13.584115559522438
 10
8.516815983219615
 20
13.581808454442486
 10
8.494300522040689
 20
13.579196828969147
 10
8.470322517926396
 20
13.576360104502378
 10
8.446278141626415
 20
13.572689891460081
 10
8.424164092096072
 20
13.569232082765076
 10
8.399735162045673
 20
13.564927542044604
 10
8.377569217993436
 20
13.560509721710362
 10
8.35298408907572
 20
13.555534073970795
 10
8.328415916197926
 20
13.549513034568962
 10
8.306134850821795
 20
13.543936932723017
 10
8.281086407927688
 20
13.537024552472266
 10
8.25887037495725
 20
13.530230997026688
 10
8.234901126687683
 20
13.522814800367101
 10
8.211027037129828
 20
13.514349073125583
 10
8.189719359375177
 20
13.50667380770556
 10
8.166137131003312
 20
13.497613699131758
 10
8.14500650019095
 20
13.48889754387588
 10
8.121558428679734
 20
13.479133465511397
 10
8.098333779723013
 20
13.468270049138109
 10
8.077846427665587
 20
13.458555846899927
 10
8.055197280617797
 20
13.447219864756095
 10
8.034981868152979
 20
13.4364686384499
 10
8.012179676482301
 20
13.424230713218893
 10
7.9897474774246495
 20
13.410816194141555
 10
7.969773505895724
 20
13.398704318927908
 10
7.947247273024002
 20
13.384198592914471
 10
7.927734959797714
 20
13.370752587078908
 10
7.906605290308709
 20
13.35606314521974
 10
7.885964092228464
 20
13.340278777742627
 10
7.86822509860961
 20
13.32655824425079
 10
7.848921696537659
 20
13.311030449538741
 10
7.831631798006951
 20
13.296475927635354
 10
7.812520982774519
 20
13.280292846115671
 10
7.793912772128318
 20
13.263199705908775
 10
7.776441029259426
 20
13.246973793641695
 10
7.756575374143703
 20
13.227326586553373
 10
7.739911465020485
 20
13.209602928942365
 10
7.723354250057924
 20
13.191873206826925
 10
7.707285764843759
 20
13.173428103442705
 10
7.692746723936252
 20
13.1566076379697
 10
7.677083828378942
 20
13.137820850498418
 10
7.663082453554171
 20
13.120295362032625
 10
7.646848751674518
 20
13.09981711175027
 10
7.6314463063881846
 20
13.07833847226397
 10
7.618447545873772
 20
13.059968906877705
 10
7.604481517564687
 20
13.03939995781153
 10
7.592183063741767
 20
13.020368657127333
 10
7.579681510852687
 20
13.00095433338435
 10
7.5676045744508045
 20
12.981097846008321
 10
7.556633672519648
 20
12.962963716938642
 10
7.545261317318638
 20
12.943767553486117
 10
7.534624983898172
 20
12.925352572002732
 10
7.522598006189605
 20
12.904446364136511
 10
7.511181162479657
 20
12.882965767148143
 10
7.500788826819107
 20
12.863230772848658
 10
7.489719099465656
 20
12.84123711087625
 10
7.480029811369979
 20
12.820900171355973
 10
7.46930974848107
 20
12.798229611614033
 10
7.459416086353162
 20
12.774899877263703
 10
7.450599121559415
 20
12.753801020522777
 10
7.441209366188286
 20
12.729809093533312
 10
7.433350630290414
 20
12.708019265081118
 10
7.424787251424154
 20
12.684005464460718
 10
7.417201401121651
 20
12.659387542167467
 10
7.41056151348485
 20
12.637397356265845
 10
7.403639181615696
 20
12.612344024704827
 10
7.398065928908125
 20
12.589730593210227
 10
7.392050682430918
 20
12.564930327912936
 10
7.3870761610764575
 20
12.539630211943313
 10
7.3828296685576245
 20
12.517382652689783
 10
7.378615015073564
 20
12.49249080778769
 10
7.37535056918569
 20
12.469860292492191
 10
7.371913675428938
 20
12.445578158488663
 10
7.369343433209895
 20
12.420968061827162
 10
7.367150667873397
 20
12.39910468519447
 10
7.365137032186601
 20
12.375343826035948
 10
7.363669383283696
 20
12.3532991041331
 10
7.362159829884911
 20
12.330121770296628
 10
7.361264086311687
 20
12.306760769285528
 10
7.360498443316677
 20
12.285402003917614
 10
7.3599300116102215
 20
12.262714341090094
 10
7.359667511206286
 20
12.2412425519274
 10
7.359414553677989
 20
12.21974584257731
 10
7.359438415937143
 20
12.198173204428988
 10
7.35948014155583
 20
12.17759198949618
 10
7.359618204704711
 20
12.15646993526173
 10
7.359864709620635
 20
12.135857580210246
 10
7.360113291514428
 20
12.115218852825782
 10
7.360478465415863
 20
12.094549437442888
 10
7.360838949083563
 20
12.074522437133826
 10
7.3611988513975595
 20
12.054527864134045
 10
7.361558753711555
 20
12.03453329113425
 10
7.361911365880962
 20
12.014966308416707
 10
7.362188467247341
 20
11.995420352245437
 10
7.36246535326955
 20
11.97564921030827
 10
7.36270385806035
 20
11.956102828075627
 10
7.362901215912608
 20
11.936353436862811
 10
7.363097316796406
 20
11.9167839291703
 10
7.363218132363942
 20
11.897236468739598
 10
7.363337396166958
 20
11.877362763999836
 10
7.363438273262883
 20
11.857590213713019
 10
7.363517734190084
 20
11.837716454279056
 10
7.363597724797595
 20
11.817718802401343
 10
7.363677715405105
 20
11.797721150523625
 10
7.363757706012616
 20
11.777723498645905
 10
7.363837696620127
 20
11.757725846768187
 10
7.363917687227638
 20
11.737728194890467
 10
7.363997677835149
 20
11.717730543012753
 10
7.36407766844266
 20
11.697732891135038
 10
7.3641576590501705
 20
11.67773523925732
 10
7.364237649657682
 20
11.657737587379598
 10
7.364317640265193
 20
11.637739935501884
 10
7.364398585008856
 20
11.617529018159775
 10
7.364517710952843
 20
11.597306564866813
 10
7.364637184069331
 20
11.577398083565024
 10
7.3647381322048675
 20
11.557625533633344
 10
7.3648175913027885
 20
11.537752176102794
 10
7.3648975819102995
 20
11.517754524225078
 10
7.364977572517811
 20
11.49775687234736
 10
7.365057563125322
 20
11.477759220469645
 10
7.365137553732832
 20
11.457761568591929
 10
7.365217544340343
 20
11.437763916714205
 10
7.365297534947854
 20
11.41776626483649
 10
7.365377525555365
 20
11.397768612958775
 10
7.365457516162875
 20
11.377770961081058
 10
7.365537506770386
 20
11.357773309203337
 10
7.365617497377897
 20
11.337775657325619
 10
7.365698440133355
 20
11.317565141886247
 10
7.36581749423395
 20
11.29734268823353
 10
7.365936971972423
 20
11.277433403130217
 10
7.3660379911475715
 20
11.25766085355367
 10
7.366117448415494
 20
11.237787897926536
 10
7.366197439023004
 20
11.217790246048816
 10
7.366277429630515
 20
11.197792594171098
 10
7.366357420238026
 20
11.17779494229338
 10
7.3664374108455375
 20
11.157797290415662
 10
7.366517401453049
 20
11.137799638537947
 10
7.366597392060559
 20
11.117801986660231
 10
7.36667738266807
 20
11.09780433478251
 10
7.366757373275581
 20
11.077806682904791
 10
7.366837363883092
 20
11.057809031027078
 10
7.366917354490602
 20
11.03781137914936
 10
7.366998295258572
 20
11.017601265612727
 10
7.3671172775157725
 20
10.997378811600255
 10
7.367236759876231
 20
10.977468722695416
 10
7.367337850090992
 20
10.957696173474
 10
7.367417305528199
 20
10.937823619750269
 10
7.36749729613571
 20
10.91782596787255
 10
7.367577286743221
 20
10.89782831599484
 10
7.367657277350731
 20
10.87783066411712
 10
7.367737267958242
 20
10.8578330122394
 10
7.367817258565753
 20
10.837835360361682
 10
7.367897249173264
 20
10.817837708483964
 10
7.3679772397807755
 20
10.797840056606251
 10
7.368057230388286
 20
10.777842404728533
 10
7.368137220995797
 20
10.757844752850813
 10
7.368217211603308
 20
10.737847100973095
 10
7.368298150384508
 20
10.717637389339211
 10
7.368417060798315
 20
10.697414934966984
 10
7.368536547780758
 20
10.677504042260619
 10
7.368637709035132
 20
10.657731493394332
 10
7.3687171626409045
 20
10.63785934157401
 10
7.368797153248415
 20
10.617861689696293
 10
7.368877143855926
 20
10.597864037818573
 10
7.368957134463437
 20
10.577866385940855
 10
7.369037125070948
 20
10.55786873406314
 10
7.369117115678458
 20
10.537871082185424
 10
7.369197106285969
 20
10.517873430307702
 10
7.36927709689348
 20
10.497875778429986
 10
7.369357087500991
 20
10.477878126552266
 10
7.369437078108502
 20
10.457880474674555
 10
7.3695170687160125
 20
10.437882822796837
 10
7.36959800551116
 20
10.417673513065694
 10
7.369716844081574
 20
10.397451058333722
 10
7.369836335686003
 20
10.377539361825828
 10
7.369937567979988
 20
10.357766813314667
 10
7.370017019753609
 20
10.337895063397744
 10
7.37009701036112
 20
10.317897411520027
 10
7.370177000968631
 20
10.297899759642313
 10
7.370256991576142
 20
10.277902107764596
 10
7.370336982183653
 20
10.257904455886875
 10
7.370416972791164
 20
10.237906804009159
 10
7.370496963398675
 20
10.21790915213144
 10
7.370576954006186
 20
10.197911500253726
 10
7.370656944613696
 20
10.177913848376008
 10
7.370736935221207
 20
10.157916196498288
 10
7.370816925828718
 20
10.13791854462057
 10
7.370896916436229
 20
10.117920892742855
 10
7.370976907043739
 20
10.09792324086514
 10
7.371057314073234
 20
10.077826895019626
 10
7.371155959449403
 20
10.0576043392575
 10
7.371276666496331
 20
10.037480590019715
 10
7.371395483555326
 20
10.017694255224523
 10
7.371476914004388
 20
9.997921607640599
 10
7.371556848688846
 20
9.977937829588335
 10
7.371636839296357
 20
9.957940177710611
 10
7.3717168299038685
 20
9.937942525832897
 10
7.3717968205113795
 20
9.917944873955177
 10
7.371876811118891
 20
9.897947222077459
 10
7.371956801726402
 20
9.877949570199744
 10
7.372036792333913
 20
9.857951918322028
 10
7.372116782941423
 20
9.837954266444312
 10
7.372196773548934
 20
9.817956614566592
 10
7.372276764156445
 20
9.797958962688874
 10
7.372357172025028
 20
9.777862427819935
 10
7.372455858551866
 20
9.75763851969488
 10
7.372576813898453
 20
9.737513608296783
 10
7.372695858738754
 20
9.71772927166758
 10
7.372777168491487
 20
9.697957976167128
 10
7.372857105791137
 20
9.677973554015601
 10
7.3729370963986485
 20
9.657975902137885
 10
7.3730170870061595
 20
9.63797825026017
 10
7.37309707761367
 20
9.617980598382452
 10
7.373177068221181
 20
9.597982946504734
 10
7.373257058828692
 20
9.577985294627014
 10
7.373337049436203
 20
9.557987642749298
 10
7.373417040043714
 20
9.537989990871585
 10
7.373497030651224
 20
9.517992338993865
 10
7.373577021258735
 20
9.497994687116146
 10
7.373657429714403
 20
9.477898020014537
 10
7.373756132517604
 20
9.45767546453949
 10
7.373876837817112
 20
9.437552036556253
 10
7.373995653250252
 20
9.417766023016311
 10
7.374077026914778
 20
9.39799337514804
 10
7.374156962903842
 20
9.378009275839345
 10
7.374236953511353
 20
9.358011623961621
 10
7.374316944118864
 20
9.338013972083905
 10
7.374396934726375
 20
9.318016320206185
 10
7.374476925333886
 20
9.298018668328474
 10
7.374556915941397
 20
9.278021016450756
 10
7.374636906548908
 20
9.258023364573033
 10
7.374716897156419
 20
9.238025712695318
 10
7.37479688776393
 20
9.2180280608176
 10
7.374876878371441
 20
9.198030408939886
 10
7.374957285042983
 20
9.177934143741853
 10
7.375055916002787
 20
9.157711587907656
 10
7.375176623488312
 20
9.137587758022782
 10
7.375295440955531
 20
9.117801342580332
 10
7.375376885659667
 20
9.098028695067782
 10
7.375456820016548
 20
9.078044997663078
 10
7.375536810624059
 20
9.05804734578536
 10
7.37561680123157
 20
9.038049693907645
 10
7.37569679183908
 20
9.018052042029929
 10
7.375776782446591
 20
8.998054390152207
 10
7.375856773054102
 20
8.97805673827449
 10
7.375936763661613
 20
8.958059086396776
 10
7.3760167542691235
 20
8.93806143451906
 10
7.376096744876635
 20
8.918063782641337
 10
7.376176735484146
 20
8.898066130763622
 10
7.376257140372282
 20
8.877970267469157
 10
7.376355699488689
 20
8.857747711275824
 10
7.376476409159514
 20
8.837623479489313
 10
7.376595228661528
 20
8.817836662144359
 10
7.376676744405273
 20
8.79806401498754
 10
7.3767566771292525
 20
8.778080719486818
 10
7.376836667736764
 20
8.758083067609096
 10
7.376916658344275
 20
8.73808541573138
 10
7.376996648951786
 20
8.718087763853664
 10
7.377076639559297
 20
8.698090111975947
 10
7.377156630166807
 20
8.678092460098233
 10
7.377236620774318
 20
8.65809480822051
 10
7.377316611381829
 20
8.638097156342793
 10
7.37739660198934
 20
8.61809950446508
 10
7.37747659259685
 20
8.59810185258736
 10
7.37755745070697
 20
8.57790858439223
 10
7.377674854577823
 20
8.557461165329462
 10
7.377836723027977
 20
8.537209635902371
 10
7.378128190209103
 20
8.511113607565509
 10
7.379695565271789
 20
8.484635411993528
 10
7.381545392977257
 20
8.457988163520875
 10
7.3858026184279035
 20
8.42376932948428
 10
7.391122711696256
 20
8.396066520894443
 10
7.395135006262938
 20
8.375762465317008
 10
7.399281597378976
 20
8.35543251014971
 10
7.403872508394751
 20
8.333068680145413
 10
7.409807416139326
 20
8.307361012427258
 10
7.415815516483981
 20
8.284529547374818
 10
7.421046143944582
 20
8.264753066027069
 10
7.426365204820829
 20
8.24496531051784
 10
7.4323538844972195
 20
8.222788923456116
 10
7.440013202352393
 20
8.197083883089217
 10
7.44757852866106
 20
8.174424860570555
 10
7.45414982399204
 20
8.154838023145372
 10
7.4608504586685775
 20
8.135242660163705
 10
7.468337736919288
 20
8.113443440534938
 10
7.477768525243552
 20
8.088175852719926
 10
7.48689569446655
 20
8.066006625247482
 10
7.4949692192998505
 20
8.04648538313843
 10
7.503265759937179
 20
8.0269661143782
 10
7.512204117059769
 20
8.006029103183524
 10
7.523070982273819
 20
7.982152372384984
 10
7.533466837469858
 20
7.961014834554594
 10
7.543319148079889
 20
7.941068146099671
 10
7.553623903181786
 20
7.921166439591782
 10
7.563876680731554
 20
7.90147960182051
 10
7.575694242682296
 20
7.879749924602066
 10
7.586998322396213
 20
7.860059979858268
 10
7.598914043872202
 20
7.839405067575872
 10
7.6116225343502
 20
7.818895130381052
 10
7.6229295182889985
 20
7.800808236579118
 10
7.634996133073322
 20
7.781899832854904
 10
7.6467147377303615
 20
7.764014776030331
 10
7.660893051838013
 20
7.74251924214459
 10
7.676280559026401
 20
7.721351741115981
 10
7.6888753101932865
 20
7.704263688486935
 10
7.701987622781865
 20
7.686739058362257
 10
7.714773642558018
 20
7.669982145895077
 10
7.728932059634269
 20
7.6514714042623035
 10
7.743744396990692
 20
7.633164798699503
 10
7.7575224003567085
 20
7.616255958916434
 10
7.772717828141133
 20
7.598127505075678
 10
7.787208233219514
 20
7.581457590304616
 10
7.801607277130779
 20
7.564920078763698
 10
7.816372615919567
 20
7.54851324458682
 10
7.830518790159203
 20
7.532849888667723
 10
7.845561278933517
 20
7.516477147025062
 10
7.86012569317944
 20
7.500973304844976
 10
7.875438624012525
 20
7.484696127353959
 10
7.891202355658445
 20
7.468590949343602
 10
7.905642294014281
 20
7.453903890859512
 10
7.920386977902183
 20
7.439015905991518
 10
7.9349128775256235
 20
7.424489070940429
 10
7.94947132620739
 20
7.4099317168627525
 10
7.964138402612699
 20
7.395416642696748
 10
7.978586133847436
 20
7.381131927387718
 10
7.993292357169376
 20
7.366661786273845
 10
8.007850127887322
 20
7.35242892265228
 10
8.021520198273016
 20
7.339066745705684
 10
8.035032582901673
 20
7.325645122722257
 10
8.04877613653058
 20
7.311980136382746
 10
8.061990541947047
 20
7.2987128412202615
 10
8.075501225905347
 20
7.284969536441339
 10
8.088283649482973
 20
7.271978570386297
 10
8.100751905631721
 20
7.258880869193376
 10
8.113448970686212
 20
7.245525944159685
 10
8.124776032480998
 20
7.233304038824933
 10
8.136840959724726
 20
7.219818270820094
 10
8.147056276610812
 20
7.208485008679866
 10
8.156463584404662
 20
7.196965704541759
 10
8.167240078070582
 20
7.183791032697652
 10
8.17579690583876
 20
7.172823501480129
 10
8.185513531657453
 20
7.159470919567183
 10
8.193567951729454
 20
7.148598088882195
 10
8.200543550714903
 20
7.137621387491586
 10
8.209103581374702
 20
7.124277498900528
 10
8.214997379883496
 20
7.114409263273909
 10
8.222116523916132
 20
7.1010512991228065
 10
8.2274333148421
 20
7.091547753312574
 10
8.231321318392395
 20
7.082196216583955
 10
8.237248806482633
 20
7.068486834774864
 10
8.240815498842277
 20
7.059305889582975
 10
8.245145205729978
 20
7.045795515226266
 10
8.24835580839188
 20
7.036729222066986
 10
8.2500681708394
 20
7.028103553312428
 10
8.253084018733308
 20
7.01464370484041
 10
8.254366754552143
 20
7.007374704881114
 10
8.255584464649015
 20
6.994610562110974
 10
8.257037219346087
 20
6.981768898680892
 10
8.257434547451231
 20
6.969427842782271
 10
8.258055297011595
 20
6.952617129607269
 10
8.25824658457326
 20
6.938709811582648
 10
8.257922392520728
 20
6.922191087153118
 10
8.257676525554853
 20
6.906374671461206
 10
8.25678406349936
 20
6.89090944762409
 10
8.255808880601586
 20
6.873873196611128
 10
8.254692974097884
 20
6.860020413509732
 10
8.252817077227794
 20
6.843612636659998
 10
8.250953346934839
 20
6.826874327745708
 10
8.248611879263555
 20
6.810447336752912
 10
8.245976392694027
 20
6.792052800731862
 10
8.243351177582962
 20
6.774994489455565
 10
8.240286315358386
 20
6.756822922972011
 10
8.23771205626825
 20
6.741290272091146
 10
8.234542738446873
 20
6.726213656017336
 10
8.230714271083503
 20
6.708026491824449
 10
8.226949589980519
 20
6.690954106500725
 10
8.222715059430865
 20
6.672884673852869
 10
8.218710856179095
 20
6.6557239500253225
 10
8.214367770414666
 20
6.638840666294907
 10
8.20976133360034
 20
6.620988124687361
 10
8.205370474627125
 20
6.604791849514078
 10
8.20032288715397
 20
6.587352188565916
 10
8.19545707246045
 20
6.570467266549301
 10
8.19026377427127
 20
6.55389199921953
 10
8.184506463638103
 20
6.535581372186443
 10
8.178840443949534
 20
6.517892217862657
 10
8.172855501890192
 20
6.499673641381981
 10
8.16766250227202
 20
6.483784905296831
 10
8.162057011262519
 20
6.46833001054813
 10
8.155500212754268
 20
6.4503069671525175
 10
8.14901978525119
 20
6.432758239023519
 10
8.142229362404054
 20
6.4147439782578175
 10
8.136022330045604
 20
6.398238959089019
 10
8.129517187339857
 20
6.382052644894603
 10
8.122418403070048
 20
6.364434811884961
 10
8.115540948868864
 20
6.347716937151662
 10
8.10817820743915
 20
6.33031762372562
 10
8.100857100087929
 20
6.313001592142925
 10
8.093387007716663
 20
6.295860627212535
 10
8.085973554625493
 20
6.278873583188609
 10
8.079079188034838
 20
6.26358378230877
 10
8.071341149797146
 20
6.247181223631631
 10
8.063295286783397
 20
6.230100865899778
 10
8.055115366950144
 20
6.2131867227439175
 10
8.046847145943305
 20
6.19611486289475
 10
8.038962226031002
 20
6.18017454917853
 10
8.030466841193551
 20
6.163491152670966
 10
8.022287230388644
 20
6.147401599757323
 10
8.013893961305378
 20
6.131612069678347
 10
8.004807549442399
 20
6.114559460379906
 10
7.995894882767126
 20
6.098013405675609
 10
7.986634830988273
 20
6.081077469310415
 10
7.978349404506492
 20
6.065888373359979
 10
7.96979181453899
 20
6.051121101874654
 10
7.960248412857543
 20
6.034693454026668
 10
7.951008308193195
 20
6.0190341811304595
 10
7.941223875927158
 20
6.002807382175262
 10
7.93161985365541
 20
5.986866839543346
 10
7.9218739132147515
 20
5.971149242299012
 10
7.912064803218879
 20
5.955351152309095
 10
7.902964869369743
 20
5.94106244527997
 10
7.892923615791691
 20
5.925848889415697
 10
7.882934554415321
 20
5.910688142514991
 10
7.872772905348026
 20
5.8958283972124255
 10
7.862390465277404
 20
5.880668238621311
 10
7.852895099657691
 20
5.867184450429074
 10
7.842276806709363
 20
5.852694342176485
 10
7.834033316320719
 20
5.841300366233626
 10
7.825398541897323
 20
5.830846398209722
 10
7.814851368632734
 20
5.818015600288484
 10
7.806257096743032
 20
5.808087712681506
 10
7.795304010200792
 20
5.796382932848832
 10
7.7866445774567
 20
5.786920920269635
 10
7.777701548180022
 20
5.778628462351172
 10
7.766267467246957
 20
5.767905828939405
 10
7.757843638679789
 20
5.760503840713883
 10
7.7461362797455156
 20
5.751234866739383
 10
7.7367456971365
 20
5.743565294012116
 10
7.727249877287338
 20
5.737186449733698
 10
7.714370581307892
 20
5.728387566888483
 10
7.704945323455692
 20
5.722389459631029
 10
7.691967685475532
 20
5.715039819324187
 10
7.681367477653516
 20
5.708830233261496
 10
7.67083531272317
 20
5.7038812688679394
 10
7.656500428367545
 20
5.69701906598358
 10
7.645683182427442
 20
5.692240874537669
 10
7.631408057639969
 20
5.686718130601601
 10
7.6193638168534745
 20
5.681896401516695
 10
7.607537712040482
 20
5.678224109342188
 10
7.59155456930743
 20
5.6731823739525975
 10
7.578385864376833
 20
5.669365948030327
 10
7.562510090964833
 20
5.665361530957055
 10
7.54857506830767
 20
5.661748222935891
 10
7.534895274958679
 20
5.659059288750038
 10
7.517791084537527
 20
5.6556706353320445
 10
7.503024551572908
 20
5.6530314146708065
 10
7.486099684903134
 20
5.650480517192235
 10
7.469878082847885
 20
5.6479888178930935
 10
7.453872112299114
 20
5.646107001407808
 10
7.435906686339589
 20
5.644004790143506
 10
7.419824607644712
 20
5.64235657337056
 10
7.402098833736738
 20
5.640908142256034
 10
7.3848704309949085
 20
5.639473366292447
 10
7.367836071278032
 20
5.638499535483756
 10
7.348955421839797
 20
5.6374385592006675
 10
7.331012604981723
 20
5.636568221165565
 10
7.312199217192943
 20
5.635856361651185
 10
7.294080084896628
 20
5.635160096964725
 10
7.276109691825509
 20
5.634783133919278
 10
7.256556577628082
 20
5.634391949189941
 10
7.237233457296123
 20
5.634053934151252
 10
7.217626332806209
 20
5.633779220201215
 10
7.197633409117501
 20
5.633498758326898
 10
7.177640712724378
 20
5.633218818897674
 10
7.1577407264519195
 20
5.6329401987610455
 10
7.137969595823877
 20
5.632680197399644
 10
7.1181025351339775
 20
5.6324418298384495
 10
7.097898159572416
 20
5.632199281164498
 10
7.077677326419635
 20
5.631919330851595
 10
7.057759946215354
 20
5.631640467930595
 10
7.03798881608974
 20
5.6313804279170245
 10
7.018121974073291
 20
5.631142063105722
 10
6.998125601901968
 20
5.630902106639666
 10
6.978129229730648
 20
5.6306621501736105
 10
6.958037646810474
 20
5.630421031029476
 10
6.93781655148643
 20
5.63016124322901
 10
6.9176909673190226
 20
5.629879522462122
 10
6.897902678097134
 20
5.629602390647292
 10
6.878131290206701
 20
5.629362174228041
 10
6.858057304423627
 20
5.629121267013282
 10
6.837836208591467
 20
5.628861518302256
 10
6.817710405753008
 20
5.628579794600197
 10
6.797921897859051
 20
5.628302659925633
 10
6.778150510471369
 20
5.628062404854218
 10
6.75807696203678
 20
5.627821502996875
 10
6.73785586569652
 20
5.627561793375289
 10
6.717729844187003
 20
5.627280066738274
 10
6.6977339918262295
 20
5.627000124805223
 10
6.677738139465463
 20
5.626720182872172
 10
6.654333920105668
 20
5.62636669377064
 10
6.626260379505075
 20
5.625098488198884
 10
6.601647088712947
 20
5.623022580223297
 10
6.565997063847127
 20
5.6193845216734415
 10
6.529638629134864
 20
5.61155385112155
 10
6.501338869937214
 20
5.6045192306067815
 10
6.465011949706883
 20
5.592828374408943
 10
6.436962850056853
 20
5.581197498036323
 10
6.402827187793211
 20
5.565998229459946
 10
6.369646016579618
 20
5.54618918174559
 10
6.3445834145148154
 20
5.530047251215632
 10
6.31296161377781
 20
5.506221949164551
 10
6.2898713165764395
 20
5.4854457338710825
 10
6.262839289866748
 20
5.459791468759109
 10
6.23833665214032
 20
5.43027973521999
 10
6.220341734397449
 20
5.407137989710951
 10
6.19896927351912
 20
5.37526212322552
 10
6.184250723175445
 20
5.348938870658551
 10
6.166426669924526
 20
5.3149184197088175
 10
6.152676688572993
 20
5.278119942417905
 10
6.143283615254293
 20
5.250260032896747
 10
6.133626957328024
 20
5.212916429983576
 10
6.128464911324131
 20
5.183311037261883
 10
6.123328054456088
 20
5.149919124701397
 10
6.121448560584095
 20
5.115684706269052
 10
6.120603794561995
 20
5.093303101896601
 10
6.12009642528414
 20
5.069257106648678
 10
6.120041750218048
 20
5.047100108798866
 10
6.1200014246346734
 20
5.026884677105782
 10
6.120000000119711
 20
5.0066618668863505
 10
6.12
 20
4.986656715424162
 10
6.12
 20
4.966658903565869
 10
6.12
 20
4.946661091707574
 10
6.12
 20
4.926663279849285
 10
6.12
 20
4.906665467990992
 10
6.12
 20
4.886667656132697
 10
6.12
 20
4.866669844274408
 10
6.12
 20
4.846672032416115
 10
6.12
 20
4.826674220557819
 10
6.12
 20
4.80667640869953
 10
6.12
 20
4.786678596841234
 10
6.12
 20
4.766680784982942
 10
6.12
 20
4.746682973124654
 10
6.12
 20
4.726685161266357
 10
6.12
 20
4.706687349408065
 10
6.12
 20
4.686689537549773
 10
6.12
 20
4.66669172569148
 10
6.12
 20
4.646693913833189
 10
6.12
 20
4.626696101974896
 10
6.12
 20
4.606698290116603
 10
6.12
 20
4.586700478258311
 10
6.12
 20
4.566702666400018
 10
6.12
 20
4.546704854541726
 10
6.12
 20
4.526707042683434
 10
6.12
 20
4.506709230825141
 10
6.12
 20
4.486711418966849
 10
6.12
 20
4.466713607108557
 10
6.12
 20
4.446715795250265
 10
6.12
 20
4.426717983391972
 10
6.12
 20
4.40672017153368
 10
6.12
 20
4.386722359675384
 10
6.12
 20
4.366724547817095
 10
6.12
 20
4.346726735958799
 10
6.12
 20
4.3267289241005065
 10
6.12
 20
4.306731112242217
 10
6.12
 20
4.286733300383922
 10
6.12
 20
4.2667354885256294
 10
6.12
 20
4.246737676667341
 10
6.12
 20
4.226739864809045
 10
6.12
 20
4.206742052950752
 10
6.12
 20
4.186744241092464
 10
6.12
 20
4.166746429234168
 10
6.12
 20
4.146748617375876
 10
6.12
 20
4.126750805517584
 10
6.12
 20
4.106752993659291
 10
6.12
 20
4.086755181800998
 10
6.12
 20
4.066757369942706
 10
6.12
 20
4.046759558084414
 10
6.12
 20
4.026761746226121
 10
6.12
 20
4.006763934367829
 10
6.120002899781387
 20
3.9879084417360344
 10
6.119826023971601
 20
3.9703873874692324
 10
6.119411536777461
 20
3.9517263723002483
 10
6.11918702100363
 20
3.9377990944562407
 10
6.118067548147765
 20
3.9241652563471505
 10
6.116802088722296
 20
3.907708405543407
 10
6.11542448169666
 20
3.8948069942117765
 10
6.113120407671902
 20
3.8787389361682325
 10
6.111302726591932
 20
3.8652397810450583
 10
6.108594238874683
 20
3.8521427581598
 10
6.1054319887029225
 20
3.8363432257421444
 10
6.102657853091741
 20
3.8245423608909275
 10
6.098422563066192
 20
3.809342107969028
 10
6.095208977015325
 20
3.797229918235108
 10
6.091060666808927
 20
3.7857133525222877
 10
6.085735868740071
 20
3.770487673515718
 10
6.081328907919038
 20
3.7590969975134674
 10
6.075030985723355
 20
3.7445956791450037
 10
6.070924533828067
 20
3.7346016663996857
 10
6.065860205321249
 20
3.725484007848075
 10
6.058723468806356
 20
3.7120859144909293
 10
6.053463476802342
 20
3.7031180119418927
 10
6.045297073552591
 20
3.6906912893639694
 10
6.039887280259299
 20
3.68200017628311
 10
6.033639943300213
 20
3.674364622255954
 10
6.024772546546985
 20
3.6630176631980724
 10
6.019037814310618
 20
3.656372802527725
 10
6.00923378585005
 20
3.6463149506852828
 10
6.004384480574425
 20
3.6407718465889016
 10
5.998824053277835
 20
3.636631060009646
 10
5.988537493236434
 20
3.6280735445574845
 10
5.9831010810255165
 20
3.6240600193780828
 10
5.972094384721489
 20
3.617130176728831
 10
5.966302129931548
 20
3.612977108862476
 10
5.960127749263525
 20
3.6103617158440944
 10
5.94838480570222
 20
3.604556808786952
 10
5.942648900882392
 20
3.6021453683413927
 10
5.930531941253383
 20
3.5981181803784654
 10
5.9246091663020755
 20
3.595655029341644
 10
5.918641619603593
 20
3.5948093211620966
 10
5.9055942574893
 20
3.591998849165955
 10
5.89893925585953
 20
3.5909741997128344
 10
5.885919701882979
 20
3.5899312571742046
 10
5.874543852039357
 20
3.588762514273145
 10
5.863331448412261
 20
3.588791060389347
 10
5.844096156868153
 20
3.588597781716366
 10
5.825226075527156
 20
3.588499234769673
 10
5.805815079706176
 20
3.5885000000000002
 10
5.785817267847883
 20
3.5885000000000002
 10
5.765819455989591
 20
3.5885000000000002
 10
5.745821644131299
 20
3.5885000000000002
 10
5.725823832273006
 20
3.5885000000000002
 10
5.7058260204147135
 20
3.5885000000000002
 10
5.685828208556421
 20
3.5885000000000002
 10
5.665830396698128
 20
3.5885000000000002
 10
5.6458325848398365
 20
3.5885000000000002
 10
5.62583477298154
 20
3.5885000000000002
 10
5.605836961123249
 20
3.5885000000000002
 10
5.5858391492649595
 20
3.5885000000000002
 10
5.565841337406663
 20
3.5885000000000002
 10
5.545843525548372
 20
3.5885000000000002
 10
5.5258457136900825
 20
3.5885000000000002
 10
5.505847901831787
 20
3.5885000000000002
 10
5.4858500899734945
 20
3.5885000000000002
 10
5.465852278115202
 20
3.5885000000000002
 10
5.445854466256909
 20
3.5885000000000002
 10
5.425856654398617
 20
3.5885000000000002
 10
5.405858842540325
 20
3.5885000000000002
 10
5.385861030682032
 20
3.5885000000000002
 10
5.36586321882374
 20
3.5885000000000002
 10
5.345865406965448
 20
3.5885000000000002
 10
5.325867595107155
 20
3.5885000000000002
 10
5.3058697832488635
 20
3.5885000000000002
 10
5.285871971390571
 20
3.5885000000000002
 10
5.265874159532278
 20
3.5885000000000002
 10
5.245876347673983
 20
3.5885000000000002
 10
5.225878535815694
 20
3.5885000000000002
 10
5.205880723957401
 20
3.5885000000000002
 10
5.185882912099105
 20
3.5885000000000002
 10
5.165885100240816
 20
3.5885000000000002
 10
5.145887288382524
 20
3.5885000000000002
 10
5.125889476524228
 20
3.5885000000000002
 10
5.10589166466594
 20
3.5885000000000002
 10
5.085893852807647
 20
3.5885000000000002
 10
5.065896040949351
 20
3.5885000000000002
 10
5.045898229091063
 20
3.5885000000000002
 10
5.025900417232767
 20
3.5885000000000002
 10
5.005902605374475
 20
3.5885000000000002
 10
4.985904793516182
 20
3.5885000000000002
 10
4.96590698165789
 20
3.5885000000000002
 10
4.945909169799597
 20
3.5885000000000002
 10
4.925911357941304
 20
3.5885000000000002
 10
4.9059135460830126
 20
3.5885000000000002
 10
4.88591573422472
 20
3.5885000000000002
 10
4.865917922366427
 20
3.5885000000000002
 10
4.8459201105081355
 20
3.5885000000000002
 10
4.825922298649843
 20
3.5885000000000002
 10
4.805924486791551
 20
3.5885000000000002
 10
4.7859266749332585
 20
3.5885000000000002
 10
4.765928863074966
 20
3.5885000000000002
 10
4.746357090888573
 20
3.588499596644523
 10
4.727259558920947
 20
3.58857182424976
 10
4.707736312723918
 20
3.5887285093830124
 10
4.691676237280995
 20
3.5888225331532007
 10
4.675741652351814
 20
3.5895426355093822
 10
4.658100060583175
 20
3.590307824794382
 10
4.642880963865827
 20
3.5912771687908753
 10
4.625461036916138
 20
3.592795372588657
 10
4.610339130020783
 20
3.5940491654926774
 10
4.595442701442172
 20
3.5960338970945456
 10
4.578527454665148
 20
3.5982331488357167
 10
4.564662284769622
 20
3.6003969546851886
 10
4.548111040886605
 20
3.6034870744956615
 10
4.53454824466869
 20
3.605913295011036
 10
4.521354481099917
 20
3.609210242932134
 10
4.505314156275089
 20
3.613112784924047
 10
4.4928394969690535
 20
3.6165527854096333
 10
4.477322967455172
 20
3.6214320994503484
 10
4.465066718140689
 20
3.625140070371104
 10
4.453355074739192
 20
3.6297615706478314
 10
4.438449761058279
 20
3.6354843495406297
 10
4.427489430174891
 20
3.640143097886174
 10
4.413262549022185
 20
3.6468917654502264
 10
4.402381669689321
 20
3.6518605294582773
 10
4.392208250949095
 20
3.6577402230523623
 10
4.3783612357370965
 20
3.6655141225858547
 10
4.368385628788751
 20
3.6715986365021447
 10
4.355414306110359
 20
3.6802871437556033
 10
4.345215030669254
 20
3.686914538762724
 10
4.335848315385854
 20
3.6943130589978663
 10
4.323249292403105
 20
3.704031552087513
 10
4.3141504723368325
 20
3.711583755899605
 10
4.302492626370351
 20
3.7221058117801222
 10
4.292952019945512
 20
3.7305134416337387
 10
4.284283457256471
 20
3.7395427031362343
 10
4.272816059486554
 20
3.7512691850669486
 10
4.264153594648062
 20
3.7607004959775927
 10
4.253620711107914
 20
3.773032243359146
 10
4.244692881500698
 20
3.783304104764805
 10
4.236599402362488
 20
3.7940548748175806
 10
4.226147369301105
 20
3.8077590214968415
 10
4.217632411868328
 20
3.8194938083328216
 10
4.207956044751507
 20
3.8336135275097445
 10
4.1996132887519195
 20
3.845646570272084
 10
4.192030679183149
 20
3.8580176537109474
 10
4.1823376264211936
 20
3.8737097089598382
 10
4.17359658647093
 20
3.8882747841061605
 10
4.164352377715541
 20
3.9041962795319063
 10
4.155818431345597
 20
3.9188431399354546
 10
4.1477592155687635
 20
3.933664190270261
 10
4.138305130342072
 20
3.9510295768859964
 10
4.1289112802591665
 20
3.9683373728822158
 10
4.119473260486206
 20
3.9857859327605136
 10
4.110050541366268
 20
4.003205912352202
 10
4.100660338365381
 20
4.020637401164815
 10
4.091809803509635
 20
4.03706040382499
 10
4.083843742550474
 20
4.0522780857382426
 10
4.075479244017844
 20
4.068795828113458
 10
4.0667492347645435
 20
4.08602176281328
 10
4.058134547322302
 20
4.103285017485569
 10
4.049236825312817
 20
4.121120351948466
 10
4.040361907066841
 20
4.138928903176177
 10
4.031474043159009
 20
4.15678435657503
 10
4.022954501189787
 20
4.173895963883036
 10
4.014583172156364
 20
4.191053707090955
 10
4.006160519112693
 20
4.208319117646253
 10
3.99821021426251
 20
4.224903088760709
 10
3.9900609788004866
 20
4.242238270052814
 10
3.9815964105289465
 20
4.260240322428658
 10
3.9731499747571384
 20
4.27824756589435
 10
3.9646786862898584
 20
4.29630898149553
 10
3.956234668960782
 20
4.3143311882423125
 10
3.947779424345172
 20
4.332398304274638
 10
3.939921457918321
 20
4.349177826966148
 10
3.93230786750963
 20
4.366027571221908
 10
3.9242280893812183
 20
4.383912309786469
 10
3.9163387365333957
 20
4.401515230377819
 10
3.908372404629434
 20
4.419450050874564
 10
3.9002542346680706
 20
4.4377259310338895
 10
3.8921360647067047
 20
4.456001811193221
 10
3.884057247933331
 20
4.474189046722797
 10
3.8760382056846816
 20
4.492283785901437
 10
3.8679974793463985
 20
4.510474999147786
 10
3.860501308394763
 20
4.527422334582164
 10
3.85325160380565
 20
4.5444319404273354
 10
3.84546713140697
 20
4.562701575778631
 10
3.8377252798982378
 20
4.58091513498975
 10
3.829962953547933
 20
4.599226331813195
 10
3.822112639442788
 20
4.617744944848366
 10
3.8142420764169667
 20
4.63625831932372
 10
3.8064382307710005
 20
4.6546132651285586
 10
3.7986694309293134
 20
4.6729110290661735
 10
3.790889118389992
 20
4.691264609621672
 10
3.783650355340527
 20
4.708328495687153
 10
3.7766594605552415
 20
4.725447702521327
 10
3.769081344784315
 20
4.7440120365659455
 10
3.76142861408241
 20
4.762712703698167
 10
3.7537947110980996
 20
4.781315391140648
 10
3.7462477816134476
 20
4.799705983884856
 10
3.7387218755165557
 20
4.818100853731916
 10
3.731166761920347
 20
4.836568899827073
 10
3.723633760498437
 20
4.85500166567737
 10
3.71609297269908
 20
4.873474612794465
 10
3.7089009012463023
 20
4.891087719630294
 10
3.7018762542885812
 20
4.908736460888681
 10
3.6945307770769893
 20
4.927199364833729
 10
3.6872314972391393
 20
4.945592736773731
 10
3.679914434665131
 20
4.964084301112653
 10
3.6724522363510115
 20
4.982942091217823
 10
3.6649394637919666
 20
5.001790065003383
 10
3.657580419058355
 20
5.020247232341008
 10
3.6503047050947997
 20
5.038560374635544
 10
3.643003807474406
 20
5.0570111578718215
 10
3.6358981064169886
 20
5.074965638273758
 10
3.628912400944266
 20
5.092943337365195
 10
3.6216800230433313
 20
5.111563716638262
 10
3.614439613142809
 20
5.130204771962258
 10
3.60719920324229
 20
5.148845827286245
 10
3.5999587933417714
 20
5.167486882610233
 10
3.5927183834412495
 20
5.186127937934229
 10
3.5854779735407294
 20
5.20476899325822
 10
3.5782375636402097
 20
5.22341004858221
 10
3.5709971537396883
 20
5.2420511039062045
 10
3.5639600526128854
 20
5.260166775500722
 10
3.5570214402880924
 20
5.278301318063521
 10
3.549905290570229
 20
5.296906649820819
 10
3.5428175874442616
 20
5.31546738584753
 10
3.535719938898488
 20
5.334088774916373
 10
3.5285974835478484
 20
5.352775216763275
 10
3.521475028197208
 20
5.3714616586101815
 10
3.514317706278162
 20
5.39023951650251
 10
3.5071039663051584
 20
5.4091160888545335
 10
3.499906425180752
 20
5.427894109715514
 10
3.4928939557217276
 20
5.4461881892984145
 10
3.4859534876982203
 20
5.46449375534715
 10
3.4789192954429997
 20
5.483052781551203
 10
3.471956847936662
 20
5.501489594393035
 10
3.464972082581601
 20
5.520062871317107
 10
3.457861138207364
 20
5.538971257442426
 10
3.450713714164533
 20
5.557873325987931
 10
3.4436370188498295
 20
5.5765845884804035
 10
3.4365627860985333
 20
5.595289339483831
 10
3.4294885533472375
 20
5.613994090487257
 10
3.422485916434802
 20
5.632509279305547
 10
3.415519564027122
 20
5.651029795269146
 10
3.408483086822362
 20
5.669740428222356
 10
3.4014438570482435
 20
5.688458380121717
 10
3.394404627274123
 20
5.707176332021082
 10
3.387365397500005
 20
5.725894283920441
 10
3.380326167725885
 20
5.744612235819806
 10
3.373286937951767
 20
5.7633301877191645
 10
3.3662477081776485
 20
5.782048139618526
 10
3.359208478403528
 20
5.800766091517891
 10
3.35207086443389
 20
5.819745164374
 10
3.3448825895942376
 20
5.838716973000373
 10
3.3378042890568618
 20
5.8573924812932585
 10
3.33075117742605
 20
5.876020022157348
 10
3.32369204690127
 20
5.894684853293546
 10
3.316689373311135
 20
5.913200139354678
 10
3.309723003708515
 20
5.931720648833295
 10
3.30263933441727
 20
5.950556656374427
 10
3.295475343779366
 20
5.969537633445586
 10
3.2883326004743965
 20
5.9883833292469815
 10
3.2812004796788106
 20
6.007200746366019
 10
3.274045740155242
 20
6.026014499768468
 10
3.2669218274894734
 20
6.044744778630907
 10
3.2597780652101895
 20
6.063508735284437
 10
3.2526402488506756
 20
6.082235489817093
 10
3.245517793500034
 20
6.100921931664002
 10
3.2383953381493935
 20
6.119608373510907
 10
3.231238229944895
 20
6.138385671432244
 10
3.224024590015381
 20
6.157262282023495
 10
3.2168268346533946
 20
6.176040862655603
 10
3.2095691941437687
 20
6.194975114855384
 10
3.202260806309411
 20
6.213901776261261
 10
3.1950296880329607
 20
6.232622316861785
 10
3.187767788013718
 20
6.251392958100238
 10
3.1805159397278486
 20
6.270103557239585
 10
3.173333549226264
 20
6.288634824821503
 10
3.1661734370786077
 20
6.3071690771981945
 10
3.158851348072854
 20
6.326124489165764
 10
3.151333176924167
 20
6.34542044376691
 10
3.143869741994458
 20
6.364385800863074
 10
3.1363985944432664
 20
6.3833688809130535
 10
3.1288543988974133
 20
6.4023400471003855
 10
3.121441867484995
 20
6.420971537669493
 10
3.114012202702399
 20
6.43962761635863
 10
3.106589258725705
 20
6.4582451744731495
 10
3.0991382465348867
 20
6.4769330311821065
 10
3.091665474669936
 20
6.4956173539906095
 10
3.08408704257537
 20
6.514562467138952
 10
3.0762643271605246
 20
6.533917970932814
 10
3.068512423065247
 20
6.552868404262965
 10
3.060788635218637
 20
6.571747833313631
 10
3.0529922050169795
 20
6.590614789155038
 10
3.0453090906507474
 20
6.609199024280472
 10
3.0375734702043893
 20
6.6278652162013
 10
3.0298561156103294
 20
6.646435173212321
 10
3.021919660775194
 20
6.665529587778871
 10
3.013858650127782
 20
6.684602791683407
 10
3.0059147785134948
 20
6.703382167698267
 10
2.9977515826384162
 20
6.722507763561472
 10
2.989659447268824
 20
6.7412678572085865
 10
2.9815475313192605
 20
6.760071455675419
 10
2.97334759789384
 20
6.778860435536789
 10
2.9651513163138348
 20
6.7976287453538555
 10
2.9566670913876383
 20
6.816842309131073
 10
2.948278594956724
 20
6.835594683827581
 10
2.9395536073576656
 20
6.855087552516445
 10
2.9305774707923735
 20
6.874528638919727
 10
2.922158150791459
 20
6.8927304240362375
 10
2.9137626958644463
 20
6.910880598021303
 10
2.905367240937434
 20
6.929030772006369
 10
2.8959497066834627
 20
6.949359922325428
 10
2.886075282495751
 20
6.969590955652102
 10
2.877026162023718
 20
6.98805837933999
 10
2.8677073148633827
 20
7.006881800508658
 10
2.8585037605513244
 20
7.025249303495229
 10
2.8491113749770736
 20
7.043987548276924
 10
2.839542801176806
 20
7.062685422558947
 10
2.829602196308689
 20
7.0820722056863445
 10
2.8184102518894383
 20
7.10309944474849
 10
2.807689494088204
 20
7.1223989341998255
 10
2.7974502050407
 20
7.140807594798422
 10
2.7870169210903764
 20
7.1591635130578215
 10
2.7763426739292325
 20
7.177908644732886
 10
2.7645336860224154
 20
7.198015192099373
 10
2.7532045911036493
 20
7.21663485947829
 10
2.742206835856919
 20
7.234690965991754
 10
2.731005112028202
 20
7.25267891483808
 10
2.7197820094487564
 20
7.270672588210593
 10
2.70765324338785
 20
7.289682411775733
 10
2.6959301298910026
 20
7.307574440518099
 10
2.6844422824290874
 20
7.3250960081210135
 10
2.6727847822336113
 20
7.3425590013238615
 10
2.660875071808273
 20
7.36037305203143
 10
2.647828705508463
 20
7.379380988995272
 10
2.635308074384976
 20
7.397067925952606
 10
2.623053978568236
 20
7.414362309010124
 10
2.6105869442201937
 20
7.43157678700319
 10
2.598021999733308
 20
7.448895053138725
 10
2.584341671595424
 20
7.467290381180854
 10
2.571222049878664
 20
7.484432799531423
 10
2.55745745863272
 20
7.50238312999759
 10
2.5432283163466387
 20
7.520118574293239
 10
2.529800193973554
 20
7.536790950801089
 10
2.5152676376590946
 20
7.554419893369728
 10
2.5013321831851654
 20
7.570866035988183
 10
2.4862088404136986
 20
7.58866623949419
 10
2.470493572291204
 20
7.606156428280404
 10
2.4554704050789056
 20
7.622777318996682
 10
2.4383929378748292
 20
7.640938823921853
 10
2.4224788311810275
 20
7.657102450730531
 10
2.405420643462318
 20
7.674346250001552
 10
2.3876347896180623
 20
7.691124866181238
 10
2.3710347623223673
 20
7.706659317737481
 10
2.351972826241367
 20
7.7237195875172455
 10
2.334408086944486
 20
7.738637478568666
 10
2.314193071818601
 20
7.7556548092382975
 10
2.2929201600274767
 20
7.771809648737003
 10
2.2739622662110976
 20
7.785996338515357
 10
2.2515358706286146
 20
7.801769362964506
 10
2.231419986133175
 20
7.8149190738984995
 10
2.2068049042526465
 20
7.830729688184818
 10
2.1807810837999715
 20
7.844999276459686
 10
2.1586750113281075
 20
7.856775846515438
 10
2.131517122181596
 20
7.869879665634807
 10
2.108029322065632
 20
7.8799105989844005
 10
2.0781314349034274
 20
7.8922173560298345
 10
2.0467250518370657
 20
7.901985105407204
 10
2.021371766204919
 20
7.909369662997233
 10
1.9895457094073272
 20
7.916934114955985
 10
1.9630894034967257
 20
7.921665336622616
 10
1.930433763334423
 20
7.926986776213579
 10
1.8969107749527572
 20
7.929268789150016
 10
1.8711101281163152
 20
7.930550747335571
 10
1.8396443160053169
 20
7.93067851656673
 10
1.8135144287670777
 20
7.9294538661793865
 10
1.7830788015560675
 20
7.927684143839566
 10
1.7524951986559194
 20
7.92351725289901
 10
1.7290680230919515
 20
7.920031103600573
 10
1.7024283323262974
 20
7.915283133388568
 10
1.6791824502212174
 20
7.910371367954743
 10
1.6557021894831032
 20
7.905340980028239
 10
1.6322701446367924
 20
7.899513113945083
 10
1.6080539008218
 20
7.893367676368172
 10
1.5789455681151867
 20
7.884677651350984
 10
1.554839699610012
 20
7.876253998353339
 10
1.5213053303336894
 20
7.863849669505473
 10
1.4888908924317812
 20
7.84763704330035
 10
1.465541037295765
 20
7.83529349733519
 10
1.4376123672844672
 20
7.818679647050761
 10
1.415538316306622
 20
7.803866713039691
 10
1.3895462763995907
 20
7.7859274152026
 10
1.3649209765042234
 20
7.765672819181055
 10
1.345891023716236
 20
7.749569918742318
 10
1.3239906483892043
 20
7.72949801887011
 10
1.306233533698971
 20
7.711772222843119
 10
1.2866059451181096
 20
7.69189057946441
 10
1.2680912587013384
 20
7.670711334509596
 10
1.2524264968658836
 20
7.652498076964579
 10
1.2348951617492212
 20
7.630702877100866
 10
1.2204302505550344
 20
7.611367462526341
 10
1.2038420253318418
 20
7.588885881941596
 10
1.1885526304708138
 20
7.5652971707396
 10
1.1758087283868663
 20
7.545300579444098
 10
1.1618130054335114
 20
7.52178723300019
 10
1.1502977474251328
 20
7.500926709985034
 10
1.1375102664770664
 20
7.477478788236037
 10
1.1259060299299106
 20
7.45327665295093
 10
1.1158649033119186
 20
7.432008747383988
 10
1.1050342377341895
 20
7.407217723582634
 10
1.096239585582697
 20
7.385240762360168
 10
1.0864631482499498
 20
7.360455324381632
 10
1.0779427184652224
 20
7.335082215469648
 10
1.0706621347772034
 20
7.312984997202254
 10
1.0630442259436503
 20
7.28755998642563
 10
1.056980900536923
 20
7.264957549276585
 10
1.0501661841068692
 20
7.239044074328843
 10
1.0447005769738054
 20
7.212674596006623
 10
1.040124816998408
 20
7.189920961491193
 10
1.0356109773635374
 20
7.163918402466707
 10
1.0322754683043096
 20
7.1408367018403185
 10
1.0285893678286773
 20
7.11444570092225
 10
1.0262617928777316
 20
7.087764758684954
 10
1.0243882714515908
 20
7.064776067316492
 10
1.0229293427300448
 20
7.038733450420099
 10
1.0222590288377833
 20
7.015586127048449
 10
1.0216111930055942
 20
6.9894180636520495
 10
1.0222346691548065
 20
6.963124137361265
 10
1.0229098260715794
 20
6.939849908534426
 10
1.02440146695656
 20
6.913367011579851
 10
1.0263867001700757
 20
6.890081469273425
 10
1.028729663473882
 20
6.863951655438606
 10
1.0323599096731495
 20
6.837869108855411
 10
1.035640749571542
 20
6.815125460530518
 10
1.0399846416201508
 20
6.789540826583933
 10
1.0444447902008096
 20
6.766901877300625
 10
1.0496380791637532
 20
6.741121991507527
 10
1.0561178626345102
 20
6.715542064064423
 10
1.061919878848753
 20
6.693114510433825
 10
1.0692052056085006
 20
6.667753681059993
 10
1.076274018922234
 20
6.645536776630093
 10
1.084518630643704
 20
6.6200544907008
 10
1.0941366655550535
 20
6.594930421692029
 10
1.1025132773133515
 20
6.57341810298981
 10
1.112620013045812
 20
6.549310470457482
 10
1.1221589948245767
 20
6.528186882488367
 10
1.1318225316013906
 20
6.506904079200164
 10
1.1420970628842457
 20
6.48585316643666
 10
1.1517185473216986
 20
6.4662330122938645
 10
1.1624942383937271
 20
6.445107161733939
 10
1.172774370331774
 20
6.425754388420275
 10
1.1836722456631397
 20
6.405304809097558
 10
1.195132953566465
 20
6.3850974407647945
 10
1.205416152829039
 20
6.367031368834829
 10
1.2161745959414119
 20
6.348410599916506
 10
1.2266903962606266
 20
6.330493680314816
 10
1.2383309738607204
 20
6.310701841600792
 10
1.2504786998808946
 20
6.291165913028181
 10
1.2613197055083623
 20
6.273780227135097
 10
1.272463194721295
 20
6.256066017216514
 10
1.2834423527976768
 20
6.238776973970638
 10
1.2950215005480281
 20
6.22055464579327
 10
1.3068646894171077
 20
6.202466313374127
 10
1.3181420800928343
 20
6.1852633040080915
 10
1.3298062517032259
 20
6.167654716519987
 10
1.341259409992909
 20
6.150556022120504
 10
1.3529375014570668
 20
6.1331267513105105
 10
1.3647727143289505
 20
6.115784561022786
 10
1.3762796559259265
 20
6.098932800684924
 10
1.3880733982764355
 20
6.081789063940666
 10
1.399707260765057
 20
6.065011124983374
 10
1.4112781641094712
 20
6.048325033459588
 10
1.4228974729289365
 20
6.031665869116223
 10
1.4344792505368478
 20
6.015062845337546
 10
1.4462408951024612
 20
5.998278242954377
 10
1.4579025630037865
 20
5.9817167990171995
 10
1.46959340370893
 20
5.965114546736058
 10
1.481332663447246
 20
5.948539267829819
 10
1.4929824433616077
 20
5.932092607173403
 10
1.5047451407482182
 20
5.915533608135086
 10
1.5164441660060601
 20
5.899114529716823
 10
1.5281531297794733
 20
5.882681728523131
 10
1.5398901480307812
 20
5.866264894329684
 10
1.5514720074718855
 20
5.850066240677189
 10
1.5629839539173769
 20
5.833938724159102
 10
1.5745332428782504
 20
5.817729859761715
 10
1.5861378007070224
 20
5.801443463084784
 10
1.5977423585357922
 20
5.785157066407855
 10
1.6092591815807542
 20
5.768993888581876
 10
1.6206600643494027
 20
5.752947744482058
 10
1.6321251388883313
 20
5.736761655308606
 10
1.6435064700677997
 20
5.720694257917049
 10
1.6548401672191824
 20
5.7046002014896295
 10
1.6663504432873057
 20
5.6882540106978965
 10
1.6778640029810437
 20
5.671903156827276
 10
1.6893775626747805
 20
5.6555523029566555
 10
1.700435279740531
 20
5.639851240661657
 10
1.7113699393607529
 20
5.624084947506083
 10
1.7227052770558071
 20
5.607738226741424
 10
1.7339824472453114
 20
5.591448027584655
 10
1.745295896097234
 20
5.575075359144919
 10
1.755867448549814
 20
5.559784137313833
 10
1.766223302157153
 20
5.544380937334452
 10
1.7773644531554236
 20
5.527808971041111
 10
1.7885217595051046
 20
5.511212977725277
 10
1.799679065854782
 20
5.494616984409449
 10
1.8100570435487304
 20
5.479188051612395
 10
1.8202176453455081
 20
5.463651729289839
 10
1.8310477716433227
 20
5.447090458251808
 10
1.841760160972409
 20
5.430652050087183
 10
1.8525410903089083
 20
5.414044502880989
 10
1.8626709721701646
 20
5.398448019319462
 10
1.872581088496152
 20
5.382749668322375
 10
1.8829838362400064
 20
5.366269852001798
 10
1.8930551819072787
 20
5.350163549167768
 10
1.9033015530566537
 20
5.33360456084775
 10
1.9131533439525457
 20
5.3176913048414445
 10
1.9228010452350381
 20
5.301689410790859
 10
1.9327584711429833
 20
5.28517288350271
 10
1.9422496598099834
 20
5.269210394255592
 10
1.9519781265132945
 20
5.252596499554648
 10
1.9614014521041365
 20
5.236514188306454
 10
1.9706049645105972
 20
5.220346610066705
 10
1.9800262351707827
 20
5.203796415761127
 10
1.9888374843976164
 20
5.188016951125879
 10
1.9979456172113514
 20
5.1713519675565385
 10
2.006837218727093
 20
5.155097764549792
 10
2.015489548293319
 20
5.138757369457615
 10
2.0242956031941293
 20
5.122129930013014
 10
2.032364210221276
 20
5.106508189820743
 10
2.0407667367904483
 20
5.089770184078137
 10
2.0489973910705404
 20
5.07339619839983
 10
2.0569567007514116
 20
5.056929342270206
 10
2.065064806037457
 20
5.040164375643492
 10
2.072353600719479
 20
5.024617997215746
 10
2.079983675995677
 20
5.007753242037635
 10
2.0874296778387706
 20
4.991327746493111
 10
2.0945530605900693
 20
4.974812251191619
 10
2.101813780516297
 20
4.9579955213161515
 10
2.1081560067392924
 20
4.942689192249352
 10
2.1148471464739234
 20
4.925760072639192
 10
2.1211729597315823
 20
4.909822734473479
 10
2.127034485667468
 20
4.893784592996564
 10
2.133390161423786
 20
4.876430824015152
 10
2.1390077041550115
 20
4.86045035465407
 10
2.144849811960686
 20
4.843016129224501
 10
2.1498809155164436
 20
4.828146993978495
 10
2.154227381825092
 20
4.813188444799583
 10
2.1594191309298636
 20
4.7954403594996995
 10
2.1640124287427827
 20
4.778976855614726
 10
2.1687324739407177
 20
4.761109176991535
 10
2.1725849313740047
 20
4.746772900855741
 10
2.1756323321109825
 20
4.732385384689945
 10
2.179533702179512
 20
4.71423367430328
 10
2.182963800200342
 20
4.697317732320473
 10
2.1864125416175146
 20
4.679085037388857
 10
2.1891681729255366
 20
4.664904667339132
 10
2.1910646931529123
 20
4.650733880030283
 10
2.193678523281706
 20
4.631713293830041
 10
2.1961072371476744
 20
4.613243337106467
 10
2.1984975090735195
 20
4.594111934044671
 10
2.200426091794764
 20
4.579108398389649
 10
2.201588572005316
 20
4.564146867565181
 10
2.2031357359860024
 20
4.5448531881362415
 10
2.204557996623166
 20
4.526014381433173
 10
2.205918400711723
 20
4.506647011469335
 10
2.2070542359027003
 20
4.491102835943857
 10
2.2074898716548477
 20
4.475630886941059
 10
2.208073897165659
 20
4.456176039702529
 10
2.2085741970423878
 20
4.4370843314927475
 10
2.209003159687456
 20
4.417563495427274
 10
2.209394715254298
 20
4.400857056532431
 10
2.209250693687641
 20
4.384234562785071
 10
2.209096293253426
 20
4.364857790727149
 10
2.2088560900524916
 20
4.345986563083972
 10
2.2085060634956304
 20
4.326583919092139
 10
2.2082089730624683
 20
4.309222367668012
 10
2.207477782278901
 20
4.291947013873433
 10
2.206658160700557
 20
4.272462089605219
 10
2.2057830652451043
 20
4.253373126845186
 10
2.2048072150337332
 20
4.233865789437337
 10
2.2039419714700754
 20
4.216301888869803
 10
2.2026794345786183
 20
4.198831602637456
 10
2.201261278441868
 20
4.179173050021397
 10
2.199817904879143
 20
4.159694224164379
 10
2.198315015829473
 20
4.1400002433916905
 10
2.196951438715691
 20
4.122017595089387
 10
2.195262294500469
 20
4.104117747200076
 10
2.1934295225683353
 20
4.084693804920628
 10
2.1915638333826517
 20
4.065705483957188
 10
2.189571461849072
 20
4.046294750779786
 10
2.187667209274427
 20
4.0277004754906525
 10
2.1855437452166986
 20
4.009166227423683
 10
2.1833191366877087
 20
3.989765553638955
 10
2.181072440198115
 20
3.9708209376148464
 10
2.1786902551180938
 20
3.951455343727178
 10
2.1763296980234066
 20
3.9322535785350357
 10
2.173858453828493
 20
3.913084217258099
 10
2.1713714313027648
 20
3.8938047299118206
 10
2.168869250829815
 20
3.8751190235586126
 10
2.16619106137521
 20
3.8559118126408154
 10
2.163490434356239
 20
3.836534725340498
 10
2.1607160777621828
 20
3.8171803851680277
 10
2.157955940818698
 20
3.797932599475181
 10
2.155189841222838
 20
3.7792850919346574
 10
2.1522402297535255
 20
3.7601179676690806
 10
2.149194369076374
 20
3.740319857134512
 10
2.1461542091893757
 20
3.7205199265572397
 10
2.1431878666701554
 20
3.701196714971858
 10
2.1402236261163234
 20
3.682390198552882
 10
2.137101525356443
 20
3.6631538576889957
 10
2.1338927464569855
 20
3.6433797407644457
 10
2.1306899397898773
 20
3.623603594007925
 10
2.1275625296278498
 20
3.6042892307404064
 10
2.1244411221436192
 20
3.5854729466552846
 10
2.121164182162302
 20
3.566243622927506
 10
2.117805255070749
 20
3.5465299198782763
 10
2.114446327979196
 20
3.5268162168290393
 10
2.1110903702124943
 20
3.5071199367559176
 10
2.107734711117017
 20
3.487444081789833
 10
2.1043725462141625
 20
3.4677514070241546
 10
2.101037093917219
 20
3.4482147657678124
 10
2.0976714166541295
 20
3.4286887234822543
 10
2.0942745565341183
 20
3.4089869351584787
 10
2.0908767899843754
 20
3.38927988916997
 10
2.087479023434632
 20
3.3695728431814618
 10
2.0840812568848897
 20
3.3498657971929555
 10
2.0806834903351468
 20
3.330158751204446
 10
2.0772681933775643
 20
3.310349889247141
 10
2.0738510704290247
 20
3.2904212460760736
 10
2.070472231004336
 20
3.2705908619646853
 10
2.0670417522060665
 20
3.250454790589341
 10
2.063684637938056
 20
3.230290727316833
 10
2.0603840118976664
 20
3.2104465775767363
 10
2.057084802477715
 20
3.1904976266454974
 10
2.053823369656547
 20
3.170647370264915
 10
2.05050631327146
 20
3.150455411705513
 10
2.047269315581808
 20
3.130234802238826
 10
2.0440438834710157
 20
3.1100632296344872
 10
2.040821705566306
 20
3.0894262850910272
 10
2.037748237286885
 20
3.0691857112660013
 10
2.0346775308062646
 20
3.0489568200878905
 10
2.031686863004775
 20
3.0287002567579764
 10
2.02867703869166
 20
3.008285278786433
 10
2.0256814990431913
 20
2.987162269709645
 10
2.0229022167302184
 20
2.9666372251587942
 10
2.0201586017297783
 20
2.9463637204402464
 10
2.0174950605722985
 20
2.9260640264419275
 10
2.0147601380681546
 20
2.9051754822501077
 10
2.012075693837011
 20
2.88308094837674
 10
2.0097401666537853
 20
2.8620056830336194
 10
2.0074471109245016
 20
2.8412696956618726
 10
2.0053070411011267
 20
2.8204865516443807
 10
2.0031258410183868
 20
2.7991890815956424
 10
2.001064722046726
 20
2.7763322541615634
 10
1.9994213291242868
 20
2.754824308342225
 10
1.9977487824333884
 20
2.7327238433746226
 10
1.9964767446697274
 20
2.7105179750421735
 10
1.9953009048164463
 20
2.689527515401186
 10
1.9942524825691563
 20
2.6675223749746304
 10
1.993449248294282
 20
2.646453676108817
 10
1.9925557847680688
 20
2.6214873518335597
 10
1.9926599360681911
 20
2.5963178227091612
 10
1.9928442204046044
 20
2.5742535243916715
 10
1.9934410621743281
 20
2.5502093504473615
 10
1.994407241250115
 20
2.5280555160619484
 10
1.9955218806279884
 20
2.5037297611529095
 10
1.9975057436857153
 20
2.4793042492883304
 10
1.9994158942971945
 20
2.4568098619465824
 10
2.002076554731245
 20
2.431763853641461
 10
2.0050181083287746
 20
2.4091862512439643
 10
2.0081658153328314
 20
2.3854351622946552
 10
2.012102551087299
 20
2.361656820404758
 10
2.015717801590597
 20
2.3402171339354347
 10
2.0199394075282333
 20
2.317162003514442
 10
2.024215085224063
 20
2.2957451833213085
 10
2.0289479717314483
 20
2.272258538946297
 10
2.034468722711171
 20
2.248802725086642
 10
2.039623735602416
 20
2.2272015354511137
 10
2.0457344482357778
 20
2.203506194819208
 10
2.051775639653536
 20
2.1819341179460245
 10
2.058649035661893
 20
2.157668760006671
 10
2.066586144094246
 20
2.1335293514049605
 10
2.073824106368441
 20
2.1118646567533763
 10
2.0825228484804192
 20
2.087699060058424
 10
2.0908839593339197
 20
2.0662345746182518
 10
2.100499413346254
 20
2.0418506512832866
 10
2.1113848494097964
 20
2.0177563603346074
 10
2.1212224233988812
 20
1.9963431511012233
 10
2.1332585174328
 20
1.972023419044564
 10
2.144498221879244
 20
1.9510410510142309
 10
2.1579672345012826
 20
1.9262925239092445
 10
2.173111690617409
 20
1.902170514763955
 10
2.186057639489216
 20
1.881965260883176
 10
2.2018636641407427
 20
1.8589481006637265
 10
2.2162882689029897
 20
1.8394708533667352
 10
2.2329479996116275
 20
1.817276895749381
 10
2.2510640052597894
 20
1.7959107212090168
 10
2.2669231238099345
 20
1.7775280625164347
 10
2.2863348163216597
 20
1.756542890479291
 10
2.3037049929584965
 20
1.739155971049338
 10
2.3234142183528164
 20
1.719688752956035
 10
2.344431319315477
 20
1.7012479256278508
 10
2.3622059012117593
 20
1.6859018857820414
 10
2.3830373341408477
 20
1.6689093819676528
 10
2.401829623832646
 20
1.6545290939054138
 10
2.4226018689820648
 20
1.638778257513575
 10
2.44425184366747
 20
1.623933025846519
 10
2.4627952097940673
 20
1.6113600162116974
 10
2.4835360890293665
 20
1.5978769953201828
 10
2.502676928864716
 20
1.5860155935543896
 10
2.522944928892197
 20
1.5735113560689244
 10
2.5436973172305297
 20
1.5615861423529283
 10
2.5622360970605906
 20
1.5509964027435763
 10
2.581996919193701
 20
1.539990896716719
 10
2.6008069979831197
 20
1.5298114724297374
 10
2.619253940418015
 20
1.5198357489678544
 10
2.637812612492241
 20
1.510001477460666
 10
2.657180946682933
 20
1.4997565512923627
 10
2.67859503909011
 20
1.4888768520006095
 10
2.6985161213425846
 20
1.479214857059801
 10
2.721454807491266
 20
1.4681759277312452
 10
2.7450201785867914
 20
1.4580685000309375
 10
2.765917007877265
 20
1.4492251582606384
 10
2.7894669595095314
 20
1.4398600072964531
 10
2.8108894878082067
 20
1.4319387448449454
 10
2.834654835040864
 20
1.4232392091461183
 10
2.8589277789241065
 20
1.4155002942532802
 10
2.880366600837498
 20
1.4087708110195734
 10
2.9042765228311684
 20
1.4017899696357006
 10
2.9261160631191476
 20
1.395941364307007
 10
2.9499960763652475
 20
1.3896144194734603
 10
2.9742465126839037
 20
1.3841627267220473
 10
2.9957216146528047
 20
1.3794177192820853
 10
3.01916065155487
 20
1.3746339641108956
 10
3.0408721723790224
 20
1.3706084025928278
 10
3.0644143533008164
 20
1.366289092716757
 10
3.088214153317007
 20
1.3627086077398873
 10
3.109935503752448
 20
1.3595062190737595
 10
3.1336100988735094
 20
1.3564014369747754
 10
3.1555245521821007
 20
1.353922746090656
 10
3.179106255475654
 20
1.351296761950821
 10
3.202874749329704
 20
1.3493829891175642
 10
3.2247052918139167
 20
1.347683829873679
 10
3.248472632864169
 20
1.346206499898327
 10
3.2704858492153877
 20
1.3452267456000633
 10
3.2939557528826455
 20
1.3442191525637308
 10
3.3175575676512516
 20
1.343885138104456
 10
3.339352142939332
 20
1.3436298873895898
 10
3.362947121410841
 20
1.343702089763282
 10
3.384854736238565
 20
1.3441320992238714
 10
3.4083365343788987
 20
1.3446287970669875
 10
3.4319113101158987
 20
1.3458054265322204
 10
3.4536884265451815
 20
1.3469464447450925
 10
3.4772397575759078
 20
1.3485308501670632
 10
3.499077745393309
 20
1.3503644124950631
 10
3.5222693564202103
 20
1.3523442980784597
 10
3.5455004065230225
 20
1.3549631786908696
 10
3.56715523100989
 20
1.3574531499920257
 10
3.590579190671196
 20
1.3605001896763604
 10
3.612271965228146
 20
1.3636909730056757
 10
3.6355503073615845
 20
1.3671520344337371
 10
3.6588400871246582
 20
1.3713102844008263
 10
3.6803183297262123
 20
1.3752021145147642
 10
3.703531185730675
 20
1.3797678553359358
 10
3.7249974421384735
 20
1.3843684789759505
 10
3.7483005792807105
 20
1.3894057991209665
 10
3.771569336313048
 20
1.3952065029456067
 10
3.7929800765725923
 20
1.4006120490786496
 10
3.8162844646600638
 20
1.4069192011816023
 10
3.837600053679095
 20
1.4131250156564026
 10
3.862005271209022
 20
1.4203118059789388
 10
3.8862432382904175
 20
1.4286035695417607
 10
3.9093651488365113
 20
1.4366641438355534
 10
3.9366165970446803
 20
1.4473143196888316
 10
3.959463468184119
 20
1.4573532225033594
 10
3.9849975884393336
 20
1.4687944875536652
 10
4.0100305425228315
 20
1.4818955346322795
 10
4.03082835982221
 20
1.493005616607005
 10
4.054320248666789
 20
1.5064333917684165
 10
4.0745609172561155
 20
1.5188742487727702
 10
4.096298357666755
 20
1.532356063639989
 10
4.117554320015329
 20
1.546878381322349
 10
4.135834445177851
 20
1.5594904693965654
 10
4.155632495673575
 20
1.5736789007462597
 10
4.173506999530561
 20
1.587036456330649
 10
4.192187514892706
 20
1.6010430618461617
 10
4.210569292294253
 20
1.6156368077526069
 10
4.22736967005796
 20
1.629039333043229
 10
4.245106731654826
 20
1.6435421002139785
 10
4.261598801886207
 20
1.6574005756868224
 10
4.278311368315532
 20
1.671461208581494
 10
4.294846857301316
 20
1.6858219278474922
 10
4.310488569298303
 20
1.6994319661234554
 10
4.326576277392764
 20
1.7135997282944604
 10
4.34206473349305
 20
1.7274254861289087
 10
4.357790342632271
 20
1.741468211008363
 10
4.373408914394071
 20
1.7556814322530232
 10
4.388271342042242
 20
1.769218303439593
 10
4.403159397209193
 20
1.7827956383105232
 10
4.417985494914633
 20
1.7963359842753241
 10
4.432643529361836
 20
1.8097229259968772
 10
4.447315423566411
 20
1.8230873573344675
 10
4.461981724024724
 20
1.836445654421112
 10
4.476538046542363
 20
1.8496671038872254
 10
4.491230233832267
 20
1.8629693943285421
 10
4.505152105096073
 20
1.8755787532448633
 10
4.519184493501845
 20
1.8880063744823874
 10
4.533568442414504
 20
1.9007426142591226
 10
4.547417614563375
 20
1.9128412728327828
 10
4.561926820755007
 20
1.9253193142913312
 10
4.575798162325211
 20
1.9372592898743972
 10
4.589808199933742
 20
1.9489391482958627
 10
4.6043808830010695
 20
1.9610857305987444
 10
4.6182470786542895
 20
1.9724417425800804
 10
4.6329796564117025
 20
1.9842620731485643
 10
4.646262435707365
 20
1.9949471651814115
 10
4.659757426709805
 20
2.0051833935065706
 10
4.6742271140857214
 20
2.0161711273782807
 10
4.68736322694357
 20
2.0258283368989276
 10
4.702079023096386
 20
2.036241452758534
 10
4.7151802988216325
 20
2.0455633433520704
 10
4.728519791472469
 20
2.0542900791728207
 10
4.743345603508586
 20
2.0640203923093536
 10
4.756412166831184
 20
2.0722404198644955
 10
4.771489530275465
 20
2.0812574850885004
 10
4.784360762086959
 20
2.0890319838144396
 10
4.797459542901788
 20
2.0960516651940786
 10
4.812589115388198
 20
2.104218383064114
 10
4.825381842698349
 20
2.110733122617246
 10
4.840736687427861
 20
2.118014658616564
 10
4.8534936690364425
 20
2.124166495111729
 10
4.866407095549038
 20
2.129424779239538
 10
4.881681974912029
 20
2.1357319762136884
 10
4.893841703021979
 20
2.1403341230069794
 10
4.909251868245799
 20
2.145546783021954
 10
4.9212342020662945
 20
2.1497504653316613
 10
4.933286032665013
 20
2.1528749826135396
 10
4.949631435410543
 20
2.157258790329332
 10
4.963181452379196
 20
2.1605204782211698
 10
4.979602538061441
 20
2.16394867217032
 10
4.9964213304747
 20
2.1675019536888978
 10
5.013225433401092
 20
2.170580708004644
 10
5.031411517927995
 20
2.173918621507824
 10
5.048166259735634
 20
2.1767757319881906
 10
5.066348212295616
 20
2.179604023527139
 10
5.083276369600731
 20
2.1822610510891822
 10
5.10017530989177
 20
2.1844379698016483
 10
5.118441534766182
 20
2.186799808657055
 10
5.135146797434023
 20
2.1887333241260274
 10
5.153357914291331
 20
2.1905553269289726
 10
5.170243690191144
 20
2.1922711251752105
 10
5.187058622031533
 20
2.193483403967567
 10
5.205308801439002
 20
2.1948082679897634
 10
5.221879926839958
 20
2.1957732826225485
 10
5.240051837999595
 20
2.1965292146353286
 10
5.257215272991367
 20
2.197267748415604
 10
5.2742883861833585
 20
2.1975390399606356
 10
5.292823260812642
 20
2.1978396649739476
 10
5.309894343187156
 20
2.1979082704418156
 10
5.328323230065243
 20
2.1977185179805834
 10
5.3454960691167095
 20
2.19756451700178
 10
5.3625511676296105
 20
2.196947834356029
 10
5.381176965513622
 20
2.1962794277008535
 10
5.398468495716889
 20
2.195463822063295
 10
5.417000271233292
 20
2.1943473475713753
 10
5.434563439830187
 20
2.1933064217846514
 10
5.4520029827943315
 20
2.19187266094761
 10
5.470897451316304
 20
2.190319059706759
 10
5.488782174879846
 20
2.1886960771539865
 10
5.507590255039459
 20
2.186801240532363
 10
5.525769372339625
 20
2.184979021496323
 10
5.54385507505308
 20
2.1828718636082534
 10
5.562822699330818
 20
2.1806599064244105
 10
5.580868420809495
 20
2.178417879475217
 10
5.599726652487346
 20
2.1759063952602644
 10
5.618459592859986
 20
2.173416418775744
 10
5.637122337727511
 20
2.1707443782054185
 10
5.656132601576015
 20
2.168018907010739
 10
5.674300258482033
 20
2.165290015816265
 10
5.693185671471957
 20
2.162300328700043
 10
5.712125900175355
 20
2.1593052212773873
 10
5.731013366213026
 20
2.156173754559708
 10
5.7502742370569635
 20
2.1529770463773583
 10
5.7690399323348105
 20
2.1497862416843616
 10
5.788227336701122
 20
2.14643173724524
 10
5.807295945313773
 20
2.1430995312012766
 10
5.826320641336963
 20
2.139661460669389
 10
5.845553184099377
 20
2.136182816424133
 10
5.86430701450647
 20
2.1327166784437956
 10
5.88346639405033
 20
2.1290871522702295
 10
5.902696359798732
 20
2.1254452270800006
 10
5.921896499294971
 20
2.12173276044831
 10
5.941313861480756
 20
2.1179759309266895
 10
5.960507401664991
 20
2.1142261680335945
 10
5.979893458662853
 20
2.1103962087155317
 10
5.9992629628465926
 20
2.1065697928986875
 10
6.018613401009284
 20
2.1027014419374783
 10
6.038112707755048
 20
2.09880160383342
 10
6.057502260253423
 20
2.094905447209487
 10
6.076987493707886
 20
2.09096860271139
 10
6.096173793498984
 20
2.087092594445902
 10
6.1153286224289145
 20
2.0831469486236127
 10
6.134778311358703
 20
2.0791379644215544
 10
6.154099459765092
 20
2.075133545685633
 10
6.173535244240776
 20
2.071079408796218
 10
6.193154932997066
 20
2.06698696280596
 10
6.2127779336745395
 20
2.0629018527849965
 10
6.232337141341575
 20
2.058830345251456
 10
6.251869575559331
 20
2.054760592619294
 10
6.27142174209956
 20
2.0506822251937726
 10
6.290834418793706
 20
2.046633018766909
 10
6.31023442797411
 20
2.0425562079844033
 10
6.329777224591429
 20
2.038448233284836
 10
6.349301256873163
 20
2.0343403633015265
 10
6.368845101010634
 20
2.030223764841039
 10
6.388620255941986
 20
2.026058547245597
 10
6.408412100523294
 20
2.0219284082888143
 10
6.427699674931383
 20
2.0179054432602586
 10
6.446618652292353
 20
2.0139058024490835
 10
6.465822388534888
 20
2.0097820122669465
 10
6.481899353779271
 20
2.0063587177026356
 10
6.497700554490497
 20
2.0024099213561186
 10
6.516666398001447
 20
1.9976783927291677
 10
6.535422130937654
 20
1.9929458777890106
 10
6.554454456167353
 20
1.9880795950679027
 10
6.5685749345132445
 20
1.9845372984205238
 10
6.5822327544244645
 20
1.9802636621165859
 10
6.600409528081317
 20
1.9746249763757124
 10
6.617974804225088
 20
1.9690518113268276
 10
6.636182700051009
 20
1.9631210875310465
 10
6.65384128615746
 20
1.9573756839200949
 10
6.671360356793722
 20
1.9514191647474446
 10
6.688690340289034
 20
1.945526585110617
 10
6.704173234700111
 20
1.9400077988226672
 10
6.721081726660091
 20
1.933640205358598
 10
6.739163161647712
 20
1.9268414486611627
 10
6.7571740126713955
 20
1.9199424123338766
 10
6.775302831156841
 20
1.9129944038760551
 10
6.792811394321228
 20
1.9061848643707064
 10
6.810793604214495
 20
1.8990682866677828
 10
6.827684329480655
 20
1.892392698911523
 10
6.844379311090355
 20
1.885461259035321
 10
6.8626074377815005
 20
1.8778859882621752
 10
6.880710280503077
 20
1.8703300820018733
 10
6.898958668806073
 20
1.8626735884539445
 10
6.91648377968547
 20
1.8553230406549681
 10
6.933902813793764
 20
1.8478306305543706
 10
6.95168952062482
 20
1.8401754556259156
 10
6.9688245452487525
 20
1.8326932732998575
 10
6.986452470713057
 20
1.8248617050373337
 10
7.004648547869019
 20
1.8167790022192642
 10
7.022834524764209
 20
1.808683840470638
 10
7.0408419737934675
 20
1.8006675605457105
 10
7.05852841723434
 20
1.7927407916170466
 10
7.076448665263494
 20
1.7846449694495097
 10
7.093798049641866
 20
1.7768095616131216
 10
7.111038270341783
 20
1.7688409159956964
 10
7.1290252285694535
 20
1.760520997890653
 10
7.146894163231327
 20
1.752229420369655
 10
7.164874308142184
 20
1.7438544975570918
 10
7.183261179329856
 20
1.7352903934185524
 10
7.201681502871801
 20
1.7267671697833922
 10
7.2194287966895345
 20
1.718558580584275
 10
7.236633654523153
 20
1.710515562669671
 10
7.254212181317101
 20
1.7021922465656874
 10
7.272028128729334
 20
1.6937574637967392
 10
7.289809941933034
 20
1.6852830248158395
 10
7.307972326274147
 20
1.6766247274126844
 10
7.326305124520081
 20
1.667912467314936
 10
7.344527071097
 20
1.6592851969796287
 10
7.362167694886041
 20
1.6509337871586276
 10
7.379751536280637
 20
1.6425160631258138
 10
7.397766982888175
 20
1.6338878213461103
 10
7.415802953200919
 20
1.625249751307191
 10
7.43383892351367
 20
1.616611681268268
 10
7.451700566402908
 20
1.6080571949486857
 10
7.469538939083328
 20
1.5994759518554138
 10
7.4876332266297645
 20
1.5907698516295812
 10
7.5058433911308615
 20
1.5820262018094577
 10
7.5239797442694645
 20
1.5733400243209255
 10
7.541758344390809
 20
1.5648254188235309
 10
7.559501690838636
 20
1.5562718808296752
 10
7.577623446710614
 20
1.5475332123954137
 10
7.595917461675019
 20
1.5387386565418864
 10
7.614101819576161
 20
1.530029451668494
 10
7.632137789888906
 20
1.5213913816295743
 10
7.650173760201655
 20
1.512753311590652
 10
7.668209730514401
 20
1.5041152415517314
 10
7.686245700827154
 20
1.495477171512808
 10
7.704281671139904
 20
1.4868391014738858
 10
7.72274899409779
 20
1.477995004295572
 10
7.741275803010829
 20
1.4692178785288568
 10
7.759372727534891
 20
1.4606498640643442
 10
7.777447134934725
 20
1.4520925118883163
 10
7.795521542334554
 20
1.443535159712291
 10
7.813770510362483
 20
1.4348952532518686
 10
7.832043612176627
 20
1.4262821013299496
 10
7.850142871965587
 20
1.4177530251019967
 10
7.868232728522862
 20
1.4092283803084138
 10
7.886322585080143
 20
1.4007037355148277
 10
7.905279646430125
 20
1.3917726832786377
 10
7.924354513107275
 20
1.3829792812047532
 10
7.942602719322635
 20
1.3745786738851498
 10
7.960856627725415
 20
1.3661838016285475
 10
7.979075747885987
 20
1.357815012487593
 10
7.996991099978042
 20
1.349585958580874
 10
8.01487162911942
 20
1.3413179925978342
 10
8.033378346956123
 20
1.332758023515013
 10
8.052388180473972
 20
1.324048697852871
 10
8.071065006787126
 20
1.3155921956915113
 10
8.090153974789475
 20
1.3069519451258849
 10
8.109360294101695
 20
1.2984499465032127
 10
8.127612432448384
 20
1.2903822764190753
 10
8.145708314796908
 20
1.2823658140664957
 10
8.163880964661564
 20
1.2742934681192883
 10
8.182414598641754
 20
1.2660609968886853
 10
8.20098208245439
 20
1.257868760025346
 10
8.2199580056202
 20
1.249500748126919
 10
8.239796791965505
 20
1.2409041873813658
 10
8.259034041435836
 20
1.2327473230095425
 10
8.27788498690204
 20
1.2247567099643801
 10
8.29679283975135
 20
1.2168352376655713
 10
8.315176823609292
 20
1.2091387085231355
 10
8.333425556476755
 20
1.2014809914656919
 10
8.3517525447183
 20
1.1937685181538693
 10
8.371062852507446
 20
1.1856444558947374
 10
8.390487096337369
 20
1.1776608619177549
 10
8.409708085233108
 20
1.1697744618874255
 10
8.429768077748804
 20
1.1616942230205507
 10
8.44921538065196
 20
1.1540388252802702
 10
8.468266044897044
 20
1.1465420055859445
 10
8.48737238599322
 20
1.139115183385749
 10
8.506038017492099
 20
1.1318652261463789
 10
8.524679072816093
 20
1.1246248162458574
 10
8.54332012814008
 20
1.117384406345339
 10
8.56410556502555
 20
1.1093236595193896
 10
8.585162016121096
 20
1.1016233884463444
 10
8.604582017583178
 20
1.094558466599505
 10
8.624546454808511
 20
1.0874036293631626
 10
8.644042935030416
 20
1.0805457601213542
 10
8.663097237965554
 20
1.0738445533824699
 10
8.682174468139344
 20
1.0671732795088014
 10
8.701540635672538
 20
1.060403928416109
 10
8.721523289600942
 20
1.0535194365752134
 10
8.74106517606669
 20
1.0469081358768146
 10
8.762824971292027
 20
1.039568174995942
 10
8.7849159397523
 20
1.0327187527839796
 10
8.804399139979584
 20
1.0267271085615477
 10
8.823999181576916
 20
1.0207417560802514
 10
8.843401738381438
 20
1.0148681560528325
 10
8.862482847681479
 20
1.0090920461840587
 10
8.881557298527067
 20
1.0033065293407404
 10
8.90300467106397
 20
0.9968140639854245
 10
8.927468381385244
 20
0.9899701124318461
 10
8.94976169672711
 20
0.9843417539627528
 10
8.96955590282919
 20
0.9793629835753584
 10
8.989391157871788
 20
0.9744504502028257
 10
9.008944875216384
 20
0.9696124496732104
 10
9.028626855052192
 20
0.964765294441182
 10
9.048197060614083
 20
0.9599733609927834
 10
9.073104171354101
 20
0.9539471803673663
 10
9.09857509354912
 20
0.9489745448022076
 10
9.119259494048388
 20
0.9450576794294072
 10
9.14053451640771
 20
0.941170907314321
 10
9.1611237853896
 20
0.9375774319929184
 10
9.180788120368383
 20
0.9341471453306942
 10
9.200449190556126
 20
0.9307108441024587
 10
9.223855958397108
 20
0.9266513217735134
 10
9.252002352108663
 20
0.9227133597616572
 10
9.276547079568104
 20
0.9202496083873986
 10
9.29771140429909
 20
0.9181707671120618
 10
9.318972414180426
 20
0.9163170128446466
 10
9.340270368201018
 20
0.9144818100097762
 10
9.363137505364639
 20
0.9127761652354074
 10
9.384726765208223
 20
0.9114722930850001
 10
9.412760749949463
 20
0.9099322034406229
 10
9.44130940612671
 20
0.9101238533444103
 10
9.462178646658508
 20
0.9104576145663086
 10
9.48307194242907
 20
0.9108662923756643
 10
9.503564187210591
 20
0.9113575498215677
 10
9.529508225720676
 20
0.9120590633595047
 10
9.555749405931621
 20
0.9140033253744441
 10
9.582089572021609
 20
0.9162009485003099
 10
9.615428998406689
 20
0.9207483503197537
 10
9.64248190664126
 20
0.9261499791710479
 10
9.67741521674835
 20
0.93385870652248
 10
9.71209743106459
 20
0.9456212305110878
 10
9.739297591669388
 20
0.9556942613428349
 10
9.773952725539184
 20
0.9713404162111405
 10
9.800127005517078
 20
0.9857399537592058
 10
9.831485334747788
 20
1.0039638141340212
 10
9.861223134067508
 20
1.0260629861867814
 10
9.883278727661605
 20
1.04339567271468
 10
9.910095645935002
 20
1.0672993506041142
 10
9.930107826065258
 20
1.0878207273824716
 10
9.953028370777272
 20
1.1121794732485641
 10
9.973891125185565
 20
1.1391061204485182
 10
9.989442048650476
 20
1.1600186605544167
 10
10.007236272980627
 20
1.1864431893052647
 10
10.020816569757875
 20
1.209110412053873
 10
10.03581537640807
 20
1.2347538794609418
 10
10.049085344696355
 20
1.2617463875094261
 10
10.059700641820596
 20
1.28400473849355
 10
10.071312492115217
 20
1.3108675953502922
 10
10.080262339455704
 20
1.3341932535118286
 10
10.089751256505213
 20
1.359387523342069
 10
10.097953654124769
 20
1.3853044417696025
 10
10.104748427489888
 20
1.4073067239590362
 10
10.11181717179368
 20
1.4323194222148936
 10
10.117517695117218
 20
1.4548395994555297
 10
10.123760690673228
 20
1.4799176090031085
 10
10.12888220255404
 20
1.5054625581877725
 10
10.133135953118714
 20
1.5272647586757384
 10
10.137373661975351
 20
1.5512136369094156
 10
10.140822841342153
 20
1.5732644012814054
 10
10.144564358667912
 20
1.5975734291081876
 10
10.147422596623468
 20
1.622177575288826
 10
10.149872704322709
 20
1.6439839196991424
 10
10.152164921452757
 20
1.6676990788308523
 10
10.153896405320651
 20
1.6896880939382986
 10
10.155703344550801
 20
1.7131084422127603
 10
10.156842653015834
 20
1.736699252779901
 10
10.157829578280289
 20
1.7582553376993877
 10
10.158592803250087
 20
1.7813853169977845
 10
10.158989573436756
 20
1.8030736882626501
 10
10.159366331328792
 20
1.8241489151129393
 10
10.159546161351654
 20
1.845270721472756
 10
10.159707300131894
 20
1.8654155129914831
 10
10.159850444007347
 20
1.8856377972439506
 10
10.159971189711321
 20
1.9057566246281936
 10
10.160091174422766
 20
1.9257540765355952
 10
10.16021115913421
 20
1.9457515284430063
 10
10.160330499261324
 20
1.9656455147197907
 10
10.160467309902396
 20
1.9854178543867502
 10
10.160626347954983
 20
2.00529350877234
 10
10.160787948771706
 20
2.0255065571881583
 10
10.160911023670385
 20
2.0457289818525903
 10
10.161030419595498
 20
2.0656322255004027
 10
10.161167203508414
 20
2.085404565354487
 10
10.161326240433025
 20
2.105280068527579
 10
10.161487840185087
 20
2.125492965730424
 10
10.161610942114335
 20
2.14571539020586
 10
10.161730339929568
 20
2.165618936281028
 10
10.161867097114328
 20
2.1853912763222154
 10
10.162026132911068
 20
2.205266628282823
 10
10.162187731598367
 20
2.2254793742726995
 10
10.162310860558181
 20
2.245701798559113
 10
10.162430901917862
 20
2.265708659051657
 10
10.162550886629306
 20
2.285706110959061
 10
10.16267087134075
 20
2.3057035628664626
 10
10.162789460316727
 20
2.325485582508941
 10
10.16294606195171
 20
2.3452577837091937
 10
10.1631067624796
 20
2.365348263540939
 10
10.163250040100147
 20
2.3855705468570996
 10
10.163370790698153
 20
2.4056901224335365
 10
10.163489380726151
 20
2.425472293289095
 10
10.163645955632976
 20
2.4452444946762446
 10
10.163806653817026
 20
2.465334672083802
 10
10.163949958468141
 20
2.485556955210733
 10
10.164070710055555
 20
2.5056766820006375
 10
10.164190694766999
 20
2.5256741339080286
 10
10.164310679478444
 20
2.545671585815423
 10
10.164430025413811
 20
2.565566471498283
 10
10.164566677077941
 20
2.585338812278203
 10
10.164725708422916
 20
2.6052135672639
 10
10.16488729379716
 20
2.625424423808113
 10
10.165010752324806
 20
2.6456454933280056
 10
10.165130395207894
 20
2.6655499716665085
 10
10.165267356805185
 20
2.6853236630963297
 10
10.16542640086093
 20
2.7052001220157966
 10
10.16558800220148
 20
2.7254132448356416
 10
10.165711063799826
 20
2.745635669593073
 10
10.165831102883072
 20
2.7656421532535207
 10
10.165951087594516
 20
2.785639605160915
 10
10.16607107230596
 20
2.805637057068316
 10
10.166189658659814
 20
2.825418699880609
 10
10.16634632690264
 20
2.8451909006151257
 10
10.166507033271493
 20
2.8652821341024017
 10
10.166650243530576
 20
2.8855044178901395
 10
10.166770991663364
 20
2.9056236166354
 10
10.16688957906949
 20
2.9254054106607614
 10
10.16704622058416
 20
2.945177611582174
 10
10.167206924609173
 20
2.9652685426452723
 10
10.16735016189882
 20
2.9854908262437707
 10
10.167470911020766
 20
3.005610176202491
 10
10.16759089573221
 20
3.0256076281098925
 10
10.167710880443655
 20
3.0456050800172867
 10
10.16783022394593
 20
3.0654995888687937
 10
10.167966942217902
 20
3.0852719291824107
 10
10.16812597637278
 20
3.105147060996871
 10
10.168287573509739
 20
3.1253595868398856
 10
10.168410741822619
 20
3.1455820108511467
 10
10.168530144279751
 20
3.1654862996494204
 10
10.168666835823567
 20
3.1852586401501406
 10
10.168825868850822
 20
3.2051336207521075
 10
10.168987464922768
 20
3.2253459953821557
 10
10.169110660266217
 20
3.245568419204401
 10
10.169230703869905
 20
3.2655756510588634
 10
10.16935068858135
 20
3.2855731029662674
 10
10.169470673292793
 20
3.3055705548736682
 10
10.169589264852215
 20
3.3253529458761917
 10
10.169745800846247
 20
3.3451251475354296
 10
10.169906495617965
 20
3.365214884651868
 10
10.170049839622141
 20
3.3854371675032957
 10
10.170170592650196
 20
3.4055571144407497
 10
10.170289185261389
 20
3.4253396566563543
 10
10.170445694527263
 20
3.4451118585024822
 10
10.170606386955143
 20
3.4652012931947334
 10
10.170749757989885
 20
3.4854235758569296
 10
10.170870512007598
 20
3.505543674007844
 10
10.170990496719043
 20
3.525541125915235
 10
10.171110481430487
 20
3.5455385778226294
 10
10.17122982976301
 20
3.5654338348666808
 10
10.171366415786194
 20
3.5852061761061376
 10
10.17152544436267
 20
3.605080559733192
 10
10.171687036229041
 20
3.625292337386424
 10
10.171810338287022
 20
3.645514760462483
 10
10.171929750096329
 20
3.6654205456473004
 10
10.172066309391354
 20
3.6851928870738817
 10
10.172225336840711
 20
3.7050671194884277
 10
10.172386927641568
 20
3.725278745928678
 10
10.172510256730117
 20
3.7455011688157493
 10
10.172630304856735
 20
3.7655091488642163
 10
10.17275028956818
 20
3.785506600771597
 10
10.172870274279626
 20
3.805504052678991
 10
10.172988871042131
 20
3.825287191871809
 10
10.173145274787364
 20
3.845059394455768
 10
10.173305957961949
 20
3.8651476352013563
 10
10.17344943571122
 20
3.8853699171164657
 10
10.173570193637028
 20
3.905490612246093
 10
10.1736887914508
 20
3.9252739026519645
 10
10.173845168467878
 20
3.9450461054228088
 10
10.174005849298624
 20
3.965134043744236
 10
10.174149354078459
 20
3.985356325470092
 10
10.174270112994432
 20
4.005477171813167
 10
10.17438871185937
 20
4.025260613432132
 10
10.17454506214829
 20
4.045032816389868
 10
10.174705740635195
 20
4.065120452287108
 10
10.174849272445597
 20
4.085342733823737
 10
10.174970032351833
 20
4.105463731380261
 10
10.175090017063278
 20
4.125461183287662
 10
10.175210001774722
 20
4.145458635195063
 10
10.175329355910419
 20
4.165354791645213
 10
10.175465782956657
 20
4.185127133997644
 10
10.175624804830601
 20
4.205000618224759
 10
10.175786390357878
 20
4.225211496475235
 10
10.175909853191529
 20
4.245433918427079
 10
10.176029276243131
 20
4.265341502425834
 10
10.176165676561215
 20
4.285113844965382
 10
10.176324697308644
 20
4.304987177980005
 10
10.176486281769801
 20
4.3251979050175136
 10
10.176609771634018
 20
4.345420326780354
 10
10.17672982520097
 20
4.365429206236633
 10
10.176849809912415
 20
4.385426658144034
 10
10.17696979462386
 20
4.4054241100514355
 10
10.177088397637725
 20
4.4252081486475925
 10
10.177244642406006
 20
4.444980352343166
 10
10.177405311639617
 20
4.46506679429374
 10
10.177548950164548
 20
4.485289075083279
 10
10.177669713981263
 20
4.505410669618529
 10
10.177788318045788
 20
4.525194859427763
 10
10.177944536085915
 20
4.54496706331022
 10
10.178105202975686
 20
4.565053202836618
 10
10.178248868531181
 20
4.585275483436927
 10
10.178369633338665
 20
4.60539722918561
 10
10.17848961805011
 20
4.625394681093004
 10
10.178609602761554
 20
4.645392133000417
 10
10.178728961722017
 20
4.665289037643137
 10
10.178865256519469
 20
4.685061380921396
 10
10.179024272820493
 20
4.704934116961069
 10
10.179185853071704
 20
4.725144247021813
 10
10.179309449650454
 20
4.7453666680384465
 10
10.179428882054228
 20
4.765275748423752
 10
10.179565150123526
 20
4.785048091889159
 10
10.179724165298534
 20
4.804920676716315
 10
10.179885744483125
 20
4.825130655564075
 10
10.180009368092442
 20
4.845353076391724
 10
10.180129426187802
 20
4.865362704041985
 10
10.180249410899247
 20
4.8853601559493764
 10
10.180369395610692
 20
4.905357607856768
 10
10.18048800382216
 20
4.925142394643237
 10
10.180644116341645
 20
4.944914599263559
 10
10.180804773978123
 20
4.964999544843276
 10
10.180948546248146
 20
4.98522182469648
 10
10.181069314968095
 20
5.005344167423862
 10
10.181187924229723
 20
5.025129105423411
 10
10.181344010021052
 20
5.044901310230617
 10
10.181504665313689
 20
5.0649859533861585
 10
10.181648464614279
 20
5.085208233050131
 10
10.181769234325497
 20
5.105330726990953
 10
10.181889219036941
 20
5.125328178898347
 10
10.182009203748386
 20
5.145325630805749
 10
10.182128567531132
 20
5.165223283641049
 10
10.182264730079796
 20
5.184995627845192
 10
10.182423740810384
 20
5.2048676156974
 10
10.18258531578304
 20
5.225076997568398
 10
10.18270904610689
 20
5.245299417649816
 10
10.182828487862839
 20
5.265209994421685
 10
10.182964623683347
 20
5.284982338812957
 10
10.183123633288425
 20
5.304854175452645
 10
10.183285207193956
 20
5.325063406110663
 10
10.183408964548375
 20
5.345285826003075
 10
10.183529027174636
 20
5.365296201847318
 10
10.18364901188608
 20
5.38529365375472
 10
10.183768996597525
 20
5.405291105662131
 10
10.183887610004108
 20
5.425076640638909
 10
10.184043590274797
 20
5.4448488461839455
 10
10.184204236314141
 20
5.464932295392833
 10
10.184348142329258
 20
5.485154574309712
 10
10.184468915954927
 20
5.505277665229205
 10
10.184587530411168
 20
5.5250633514190755
 10
10.1847434839537
 20
5.544835557151029
 10
10.184904127649204
 20
5.564918703935709
 10
10.185048060694887
 20
5.585140982663339
 10
10.18516883531233
 20
5.605264224796305
 10
10.185287450818125
 20
5.625050062199246
 10
10.185443377632502
 20
5.644822268118103
 10
10.185604018984165
 20
5.664905112478604
 10
10.185747979060414
 20
5.685127391016977
 10
10.185868754669732
 20
5.70525078436338
 10
10.185988739381177
 20
5.725248236270781
 10
10.186108724092621
 20
5.745245688178185
 10
10.18622809366896
 20
5.76514424041964
 10
10.186364097240682
 20
5.784916585736758
 10
10.186523101278317
 20
5.804787674188948
 10
10.186684669902302
 20
5.8249961566572805
 10
10.186808561001822
 20
5.845218575614467
 10
10.186928014000065
 20
5.865130951200268
 10
10.187063990843631
 20
5.88490329670453
 10
10.187222993756357
 20
5.904774233944202
 10
10.187384561312614
 20
5.924982565199557
 10
10.187508479442702
 20
5.945204983967743
 10
10.18762854751887
 20
5.965216259219762
 10
10.187748532230314
 20
5.9852137111271535
 10
10.187868516941759
 20
6.0052111630345575
 10
10.187987136590122
 20
6.0249975974147585
 10
10.18814295788386
 20
6.044769804071454
 10
10.18830358998223
 20
6.064851454485292
 10
10.188447656773008
 20
6.08507373227658
 10
10.18856843629916
 20
6.105197722601648
 10
10.188687056996578
 20
6.124984308194922
 10
10.18884285156216
 20
6.144756515038535
 10
10.18900348131669
 20
6.1648378630281915
 10
10.189147575138032
 20
6.18506014063022
 10
10.189268355656564
 20
6.205184282168733
 10
10.189388340368007
 20
6.225181734076124
 10
10.189508325079453
 20
6.245179185983509
 10
10.189627699472595
 20
6.265078486417589
 10
10.18976357079553
 20
6.284850832660607
 10
10.189922569268207
 20
6.304721172925286
 10
10.190084132608158
 20
6.324928907203905
 10
10.190208157452778
 20
6.34515132522586
 10
10.190328001301852
 20
6.36512574265728
 10
10.190454097236387
 20
6.385037165206408
 10
10.190589043771839
 20
6.404985987533507
 10
10.190724313361622
 20
6.424983341889959
 10
10.190859582951408
 20
6.444980696246414
  0
LWPOLYLINE
  5
95
330
17
100
AcDbEntity
  8
GRASS
100
AcDbPolyline
 90
2332
 70
1
 10
9.541000405944677
 20
6.467087411960594
 10
9.54092340935169
 20
6.484797665477551
 10
9.540842622319381
 20
6.505007689065793
 10
9.540781342397114
 20
6.525430395109899
 10
9.540740868422542
 20
6.545640789153246
 10
9.540701934635289
 20
6.565213809466822
 10
9.540623454141672
 20
6.5847864679994945
 10
9.540542668932966
 20
6.604996005312606
 10
9.54048136588647
 20
6.625418711287321
 10
9.540440891303911
 20
6.645629348469292
 10
9.540401956787452
 20
6.6652026119212
 10
9.540323498931793
 20
6.684775270521403
 10
9.540242715546688
 20
6.704984321559402
 10
9.540181389375963
 20
6.725407027464762
 10
9.540140914185278
 20
6.745617907785337
 10
9.540101978939752
 20
6.765191414375595
 10
9.540023543722052
 20
6.784764073043368
 10
9.539942762160553
 20
6.804972637806217
 10
9.539881412865597
 20
6.825395343642184
 10
9.539840937066646
 20
6.8456064671013825
 10
9.539802001092193
 20
6.865180216829974
 10
9.539723588512452
 20
6.8847528755652965
 10
9.539642808774554
 20
6.904960954053014
 10
9.539581436355368
 20
6.925383659819625
 10
9.539540959948015
 20
6.945595026417427
 10
9.539502023244772
 20
6.965169019284352
 10
9.53942363330299
 20
6.984741678087245
 10
9.539342855388695
 20
7.00494927029983
 10
9.539281459845279
 20
7.025371975997048
 10
9.539240982829382
 20
7.045583585733473
 10
9.539202045397492
 20
7.065157821738749
 10
9.539123678093667
 20
7.084730480609175
 10
9.539043693318947
 20
7.104726673663417
 10
9.538963702711436
 20
7.124724325541116
 10
9.538883712103924
 20
7.144721977418834
 10
9.53880223914894
 20
7.1651429143652114
 10
9.538761018643422
 20
7.18556568043067
 10
9.538721493235615
 20
7.205354489943903
 10
9.538662945222836
 20
7.224927208114982
 10
9.538583757866386
 20
7.244710536803541
 10
9.538502285641862
 20
7.265131230611553
 10
9.538461042012115
 20
7.285553996608019
 10
9.538421515510251
 20
7.305343292398593
 10
9.53836299013543
 20
7.324916010637551
 10
9.538283803628847
 20
7.344699096188211
 10
9.538202332134924
 20
7.365119546857914
 10
9.538161065380946
 20
7.385542312785368
 10
9.538121537785027
 20
7.405332094853244
 10
9.538063035048165
 20
7.424904813160121
 10
9.537983849391308
 20
7.44468765557288
 10
9.537902378628122
 20
7.465107863104256
 10
9.537861088749915
 20
7.485530628962717
 10
9.537821560059943
 20
7.505320897307897
 10
9.537763079961035
 20
7.524893615682709
 10
9.53768389515377
 20
7.544676214957606
 10
9.537602425121463
 20
7.565096179350618
 10
9.537561112119025
 20
7.585518945140048
 10
9.537521582334996
 20
7.605309699762567
 10
9.537463124874048
 20
7.624882418205299
 10
9.537383940916232
 20
7.644664774342276
 10
9.537302471614943
 20
7.665084495596961
 10
9.537261135488274
 20
7.685507261317379
 10
9.537221604610188
 20
7.705298502217201
 10
9.537163169787195
 20
7.72487122072787
 10
9.537083986678692
 20
7.744653333726983
 10
9.537003996071181
 20
7.764650985604683
 10
9.53692400546367
 20
7.7846486374824
 10
9.536843229529174
 20
7.80485549390265
 10
9.53678164838556
 20
7.825278199043055
 10
9.536741166480322
 20
7.845491760263953
 10
9.53670222320517
 20
7.865067947751521
 10
9.536624037598624
 20
7.884640607164144
 10
9.53654327614457
 20
7.904843810149453
 10
9.536481671876725
 20
7.925266515220479
 10
9.536441189361689
 20
7.945480319579999
 10
9.536402245359142
 20
7.965056750205922
 10
9.536324082390557
 20
7.9846294096861
 10
9.536243322760106
 20
8.004832126396275
 10
9.536181695368033
 20
8.025254831397923
 10
9.536141212243058
 20
8.045468878896044
 10
9.536102267513257
 20
8.065045552660326
 10
9.536024127182632
 20
8.08461821220804
 10
9.53594336937578
 20
8.104820442643081
 10
9.535881718859478
 20
8.125243147575366
 10
9.535841235124426
 20
8.14545743821209
 10
9.53580228966751
 20
8.165034355114708
 10
9.535724171974843
 20
8.184607014729979
 10
9.535643415991593
 20
8.204808758889886
 10
9.535581742351061
 20
8.225231463752793
 10
9.535541258005793
 20
8.245445997528135
 10
9.5355023118219
 20
8.26502315756911
 10
9.535424216767193
 20
8.284595817251938
 10
9.535344243668465
 20
8.304589086283562
 10
9.535264253060955
 20
8.324586738161296
 10
9.535184262453445
 20
8.344584390038996
 10
9.53510279829237
 20
8.365002402949782
 10
9.535061299689726
 20
8.385425168185307
 10
9.535021761124565
 20
8.405219825777529
 10
9.534963485360883
 20
8.424792544765403
 10
9.534884308215906
 20
8.444572949423684
 10
9.534802844786965
 20
8.464990719196129
 10
9.53476132306009
 20
8.485413484362638
 10
9.534721783400872
 20
8.5052086282322
 10
9.53466353027515
 20
8.524781347287997
 10
9.534584353978367
 20
8.544561508808373
 10
9.534502891281699
 20
8.564979035442494
 10
9.534461346430595
 20
8.585401800539989
 10
9.53442180567732
 20
8.605197430686855
 10
9.534363575189555
 20
8.624770149810557
 10
9.534284399740827
 20
8.64455006819306
 10
9.534202937776572
 20
8.66496735168886
 10
9.534161369801238
 20
8.685390116717318
 10
9.534121827953907
 20
8.705186233141529
 10
9.534063620104101
 20
8.724758952333152
 10
9.533984445503288
 20
8.74453862757775
 10
9.533902984271585
 20
8.764955667935226
 10
9.533861393172021
 20
8.785378432894667
 10
9.533821850230636
 20
8.805175035596182
 10
9.533763665018785
 20
8.824747754855748
 10
9.53368449126575
 20
8.844527186962457
 10
9.533603030766738
 20
8.864943984181576
 10
9.533561416542943
 20
8.885366749071999
 10
9.533521872507501
 20
8.905163838050838
 10
9.533463709933608
 20
8.924736557378328
 10
9.533384537028212
 20
8.944515746347127
 10
9.5333045464207
 20
8.964513398224843
 10
9.53322455581319
 20
8.984511050102562
 10
9.5331437901455
 20
9.004714982492786
 10
9.53308193090477
 20
9.02513768679882
 10
9.533041441656733
 20
9.045354172058577
 10
9.533002489643003
 20
9.06493328358192
 10
9.532924576285577
 20
9.084505943807024
 10
9.53284383676257
 20
9.104703298739613
 10
9.53278195439761
 20
9.125126002976247
 10
9.532741464538102
 20
9.145342731374623
 10
9.53270251179865
 20
9.164922086036308
 10
9.532624621079183
 20
9.184494746328953
 10
9.532543883379777
 20
9.204691614986427
 10
9.532481977890587
 20
9.225114319153692
 10
9.532441487419469
 20
9.245331290690666
 10
9.532402533954436
 20
9.264910888490714
 10
9.532324665872927
 20
9.284483548850938
 10
9.532243929997126
 20
9.304679931233256
 10
9.532182001383706
 20
9.32510263533112
 10
9.532141510300837
 20
9.345319850006712
 10
9.532102556110361
 20
9.364899690945103
 10
9.53202471066681
 20
9.38447235137287
 10
9.53194397661461
 20
9.40466824748007
 10
9.531882024876962
 20
9.425090951508565
 10
9.531841533182204
 20
9.445308409322758
 10
9.531802578266424
 20
9.46488849339951
 10
9.531724755460834
 20
9.484461153894857
 10
9.531644023232236
 20
9.5046565637269
 10
9.531582048370359
 20
9.525079267685996
 10
9.531541556063573
 20
9.545296968638803
 10
9.531502600422629
 20
9.5648772958539
 10
9.531424800254996
 20
9.584449956416806
 10
9.531344839780447
 20
9.604440058288429
 10
9.531264849172937
 20
9.624437710166127
 10
9.531184858565425
 20
9.644435362043826
 10
9.531103403952184
 20
9.664850207780765
 10
9.531061604128183
 20
9.68527297211724
 10
9.531022051311608
 20
9.705073964065855
 10
9.530964070434987
 20
9.72464668393853
 10
9.530884904327886
 20
9.744423921428552
 10
9.530803450448593
 20
9.764838524027134
 10
9.530761627500361
 20
9.785261288294569
 10
9.53072207358973
 20
9.805062766520528
 10
9.530664115351067
 20
9.824635486461116
 10
9.530584950090347
 20
9.844412480813222
 10
9.530503496945139
 20
9.864826840273505
 10
9.530461650872677
 20
9.8852496044719
 10
9.530422095867989
 20
9.905051568975168
 10
9.530364160267283
 20
9.924624288983718
 10
9.530284995852808
 20
9.94440104019791
 10
9.530203543441822
 20
9.96481515651986
 10
9.530161674245132
 20
9.985237920649267
 10
9.530122118146389
 20
10.005040371429844
 10
9.53006420518364
 20
10.024613091506303
 10
9.52998504161527
 20
10.044389599582617
 10
9.529903589938648
 20
10.064803472766231
 10
9.529861697617726
 20
10.085226236826598
 10
9.52982214042493
 20
10.105029173884521
 10
9.529764250100138
 20
10.12460189402889
 10
9.52968508737773
 20
10.144378158967267
 10
9.52960363643561
 20
10.164791789012584
 10
9.52956172099046
 20
10.185214553003947
 10
9.529522162703605
 20
10.205017976339176
 10
9.529464295016771
 20
10.224590696551495
 10
9.529385133140192
 20
10.244366718351994
 10
9.529305142532682
 20
10.264364370229693
 10
9.52922515192517
 20
10.284362022107409
 10
9.529144397400685
 20
10.304562787329846
 10
9.529082236938608
 20
10.324985490732024
 10
9.529041739714511
 20
10.345205143169283
 10
9.529002778258276
 20
10.36478742186677
 10
9.528925159787924
 20
10.384360082971941
 10
9.528844444019567
 20
10.404551103576665
 10
9.528782260433259
 20
10.424973806909454
 10
9.528741762595878
 20
10.445193702485328
 10
9.528702800415735
 20
10.464776224321183
 10
9.52862520458334
 20
10.48434888549392
 10
9.528544490638586
 20
10.504539419823503
 10
9.52848228392805
 20
10.524962123086905
 10
9.528441785477247
 20
10.545182261801374
 10
9.528402822573332
 20
10.564765026775595
 10
9.528325249378899
 20
10.584337688015879
 10
9.528244537257745
 20
10.604527736070324
 10
9.52818230742298
 20
10.624950439264355
 10
9.528141808358615
 20
10.645170821117398
 10
9.52810284473107
 20
10.664753829229971
 10
9.528025294174594
 20
10.684326490537858
 10
9.527944583877044
 20
10.704516052317162
 10
9.527882330918048
 20
10.724938755441784
 10
9.527841831239982
 20
10.745159380433465
 10
9.527802866888946
 20
10.764742631684403
 10
9.527725338970429
 20
10.78431529305982
 10
9.52764463049648
 20
10.804504368563984
 10
9.527582354413257
 20
10.824927071619234
 10
9.52754185412135
 20
10.845147939749511
 10
9.527502889046962
 20
10.864731434138797
 10
9.527425383766403
 20
10.884304095581781
 10
9.527345435892427
 20
10.904291030293239
 10
9.527265445284915
 20
10.924288682170978
 10
9.527185454677404
 20
10.944286334048712
 10
9.527104009635602
 20
10.964698012611857
 10
9.527061908590246
 20
10.98512077604919
 10
9.527022341522258
 20
11.0049281023542
 10
9.526964655532694
 20
11.024500823111747
 10
9.526885500439867
 20
11.044274893433384
 10
9.526804056133821
 20
11.064686328858215
 10
9.526761931964236
 20
11.085109092226542
 10
9.526722363802193
 20
11.104916904808858
 10
9.526664700450585
 20
11.124489625634322
 10
9.526585546202327
 20
11.144263452818073
 10
9.52650410263218
 20
11.164674645104594
 10
9.526461955338362
 20
11.185097408403871
 10
9.526422386082263
 20
11.204905707263537
 10
9.526364745368614
 20
11.224478428156935
 10
9.526285591964788
 20
11.244252012202761
 10
9.526204149130677
 20
11.26466296135097
 10
9.52616197871263
 20
11.28508572458122
 10
9.526122408362475
 20
11.304894509718197
 10
9.526064790286783
 20
11.324467230679547
 10
9.525985637727251
 20
11.34424057158747
 10
9.525904195629316
 20
11.364651277597329
 10
9.525862002087036
 20
11.385074040758534
 10
9.525822430642826
 20
11.404883312172856
 10
9.525764835205091
 20
11.424456033202143
 10
9.52568568348971
 20
11.44422913097214
 10
9.5256056928822
 20
11.464226782849876
 10
9.52552570227469
 20
11.484224434727576
 10
9.52544495805892
 20
11.504422275920174
 10
9.525382519499727
 20
11.52484497848786
 10
9.525342014890922
 20
11.54506755496391
 10
9.525303044738019
 20
11.5646527576973
 10
9.525225698516783
 20
11.584225419615075
 10
9.525145004679475
 20
11.60441059216702
 10
9.525082542996051
 20
11.624833294665274
 10
9.52504203777229
 20
11.645056114279939
 10
9.525003066897149
 20
11.664641560151717
 10
9.524925743313874
 20
11.684214222137044
 10
9.524845051300165
 20
11.704398908413847
 10
9.524782566492513
 20
11.724821610842742
 10
9.524742060653658
 20
11.745044673596002
 10
9.52470308905642
 20
11.764630362606114
 10
9.524625788111102
 20
11.784203024659032
 10
9.524545097921
 20
11.804387224660696
 10
9.524482589989118
 20
11.824809927020176
 10
9.524442083535027
 20
11.845033232912046
 10
9.52440146385198
 20
11.865442848582049
 10
9.524400000203597
 20
11.885865658570829
 10
9.524400186783621
 20
11.906275080121866
 10
9.52443933113041
 20
11.927122811561826
 10
9.524520888016381
 20
11.947572000695018
 10
9.524600878623891
 20
11.967569652572717
 10
9.524680869231402
 20
11.987567304450435
 10
9.524760110515
 20
12.007365980577344
 10
9.524820087489283
 20
12.026938694462158
 10
9.524859570897137
 20
12.04671044814384
 10
9.524898889991665
 20
12.065474143609231
 10
9.524825814750344
 20
12.084196808242556
 10
9.524749908693176
 20
12.103358667545185
 10
9.524608494077967
 20
12.12165588587832
 10
9.524378433236159
 20
12.140747322113498
 10
9.524190854289872
 20
12.157445637064637
 10
9.523721621183359
 20
12.174026277181737
 10
9.52322446319111
 20
12.191912461885806
 10
9.522635799530567
 20
12.20766638778636
 10
9.521778464503464
 20
12.225404524619307
 10
9.521085616078427
 20
12.240439402829141
 10
9.519997306722498
 20
12.255285344529188
 10
9.518796114228607
 20
12.272081332738876
 10
9.517632366886074
 20
12.285600941935343
 10
9.515927465104419
 20
12.302079696785778
 10
9.514711836547205
 20
12.314566245266828
 10
9.512963881226003
 20
12.326737459408843
 10
9.510749471740738
 20
12.342733378979442
 10
9.508848304274743
 20
12.354893414596484
 10
9.506063577460097
 20
12.370560556661571
 10
9.504060881102703
 20
12.382347092821451
 10
9.501526386705006
 20
12.393732419964213
 10
9.498222874443647
 20
12.409031720945732
 10
9.495613588306263
 20
12.420052706820082
 10
9.491712930751092
 20
12.434936896188235
 10
9.488813865855242
 20
12.446386060003329
 10
9.485405909247644
 20
12.457401370994585
 10
9.480777992458433
 20
12.472713379187248
 10
9.477080111193352
 20
12.484191621835759
 10
9.471917070390585
 20
12.499109898309671
 10
9.467744481716649
 20
12.511396171538093
 10
9.46314441694335
 20
12.523275124936793
 10
9.45722889907294
 20
12.538741865592995
 10
9.452348653399657
 20
12.55093168480633
 10
9.445997770131747
 20
12.56598254351444
 10
9.440556645076684
 20
12.579016865932084
 10
9.434770507139296
 20
12.591670541026954
 10
9.427128145936889
 20
12.60847385243764
 10
9.4199309788468
 20
12.624036533262524
 10
9.412053090288582
 20
12.640747528939581
 10
9.404475500590095
 20
12.656841145667906
 10
9.396753357420826
 20
12.672782535397339
 10
9.390813103292734
 20
12.685148388356485
 10
9.387734387568887
 20
12.69108722244744
 10
9.381339023418027
 20
12.702301808034148
 10
9.374443311333017
 20
12.714606610838347
 10
9.367254547474024
 20
12.726481434444853
 10
9.359730726425758
 20
12.73902311337466
 10
9.35496105525569
 20
12.746537763467366
 10
9.347049929917679
 20
12.75816088110036
 10
9.342558061919252
 20
12.765091924189507
 10
9.337689541656463
 20
12.771229542859523
 10
9.327820809049474
 20
12.784180526708596
 10
9.319803761249927
 20
12.794360047099419
 10
9.309507854789157
 20
12.806935898801537
 10
9.308674279893806
 20
12.80857258478595
 10
9.307643712491313
 20
12.809074730788794
 10
9.29760605034652
 20
12.81938203153749
 10
9.290837011278985
 20
12.826006547749772
 10
9.280262979784505
 20
12.835752036373817
 10
9.274006763148623
 20
12.841753876297176
 10
9.26757167339182
 20
12.846911144642892
 10
9.259046428709892
 20
12.85408338492601
 10
9.257649742188754
 20
12.855185414769126
 10
9.249163361853567
 20
12.860934065519196
 10
9.244045964514843
 20
12.864748235564349
 10
9.238920863017196
 20
12.867581242992346
 10
9.227440915489417
 20
12.874508591706068
 10
9.221466745221697
 20
12.877877154330587
 10
9.209950069936195
 20
12.88377699203927
 10
9.203486272774585
 20
12.887336457324695
 10
9.197130856852844
 20
12.88995873329116
 10
9.185774240035505
 20
12.895042186784398
 10
9.181378699335783
 20
12.896834738427549
 10
9.170223608915386
 20
12.900753776475234
 10
9.163874669279515
 20
12.903248997196698
 10
9.157786323208839
 20
12.904803515613207
 10
9.144191242176749
 20
12.908746227917687
 10
9.135935095702626
 20
12.910909808660463
 10
9.122424309222112
 20
12.913971432020652
 10
9.111970805329538
 20
12.916478786569103
 10
9.101716305753017
 20
12.918269332657168
 10
9.086710938772669
 20
12.92103723389433
 10
9.076349051137964
 20
12.922719589045423
 10
9.061578171117214
 20
12.924713827059602
 10
9.048642898202795
 20
12.926544305781723
 10
9.035930772017796
 20
12.927809445237054
 10
9.020055826997565
 20
12.929454989419893
 10
9.008226388511405
 20
12.930464270144883
 10
8.99263026797166
 20
12.931441897175388
 10
8.977580405276198
 20
12.932435500687355
 10
8.962707168644606
 20
12.933015895211362
 10
8.94447623040399
 20
12.93374793143694
 10
8.927874225210454
 20
12.934291514914701
 10
8.909713358524211
 20
12.934724300432354
 10
8.8917763946678
 20
12.935160622619676
 10
8.873914815716425
 20
12.935412351940927
 10
8.853997832982076
 20
12.9356911823789
 10
8.834001980621322
 20
12.935971124311951
 10
8.81400612826055
 20
12.936251066245001
 10
8.79196704227597
 20
12.936564526785679
 10
8.769851109957976
 20
12.937081998646072
 10
8.749386895920745
 20
12.937573312579277
 10
8.72854665865153
 20
12.93811197289064
 10
8.708099026250627
 20
12.938684259905788
 10
8.692593266672704
 20
12.939142099377776
 10
8.677269241752514
 20
12.939223976219512
 10
8.66136335014576
 20
12.93933729676341
 10
8.649868205142562
 20
12.939201970500251
 10
8.63447286451158
 20
12.93865369834524
 10
8.622248811323255
 20
12.93830913817259
 10
8.610398391473561
 20
12.937400641966956
 10
8.595092185616425
 20
12.936315945897581
 10
8.584497168751758
 20
12.935341705780992
 10
8.56964433650447
 20
12.933578280891377
 10
8.557554085357319
 20
12.932240042989351
 10
8.545876696675753
 20
12.930365886123147
 10
8.530565484226694
 20
12.927999875407503
 10
8.519825274231591
 20
12.926117425534876
 10
8.505044705833262
 20
12.923132282511265
 10
8.49483370884751
 20
12.921200813475494
 10
8.485163025390499
 20
12.918695831442912
 10
8.471196145119082
 20
12.915244027462505
 10
8.462835902364546
 20
12.912951542903716
 10
8.449570324675511
 20
12.908834562230467
 10
8.439616375884825
 20
12.905893681628124
 10
8.430308959051303
 20
12.902454115867048
 10
8.41619298991592
 20
12.8974040032103
 10
8.406819174529474
 20
12.893815592208533
 10
8.393343753573168
 20
12.88820743360056
 10
8.384245720603586
 20
12.884578685308838
 10
8.375849453254844
 20
12.880490285158288
 10
8.362332830208238
 20
12.874118094210779
 10
8.35346140502483
 20
12.869691932884653
 10
8.340661660745626
 20
12.862831240435687
 10
8.332748054966382
 20
12.858778757066926
 10
8.325627972718884
 20
12.854323343440937
 10
8.313930407796398
 20
12.84729156347685
 10
8.30791947151556
 20
12.843443967196608
 10
8.297247699920938
 20
12.83599999485833
 10
8.28963093460034
 20
12.830904735009085
 10
8.282829949747708
 20
12.82549970752365
 10
8.270623250673609
 20
12.816092058088103
 10
8.262073706843262
 20
12.809228280969851
 10
8.250560366854454
 20
12.79948613477902
 10
8.24248653619112
 20
12.7928201567523
 10
8.235178816196585
 20
12.78593219355083
 10
8.225801236541733
 20
12.777319235363803
 10
8.222256680636123
 20
12.773850103388575
 10
8.214232205654152
 20
12.765170892513027
 10
8.206006197257603
 20
12.756503136812507
 10
8.198483082638635
 20
12.74772257729685
 10
8.188149044326906
 20
12.73580300283416
 10
8.180740009058955
 20
12.726931021392339
 10
8.171153872834601
 20
12.714877758923967
 10
8.165784354380584
 20
12.708401935442437
 10
8.161362119951075
 20
12.701922172755062
 10
8.152522430608784
 20
12.689477317910717
 10
8.146448453250795
 20
12.68055202257571
 10
8.13835677460624
 20
12.667956572260016
 10
8.130648727531101
 20
12.656084609944262
 10
8.12348570008294
 20
12.644205913534494
 10
8.114298748363035
 20
12.629033090633433
 10
8.106332879837163
 20
12.615592749863076
 10
8.097537368106849
 20
12.600345421766768
 10
8.091368628920725
 20
12.5898037435047
 10
8.085900124307035
 20
12.579324342246892
 10
8.078589889954218
 20
12.56549610667769
 10
8.073522612192505
 20
12.555451424517061
 10
8.067009115440904
 20
12.5416954138886
 10
8.062442637743189
 20
12.532347352567719
 10
8.0586966652882
 20
12.523180216308733
 10
8.053040884936548
 20
12.509743810551324
 10
8.049713912567263
 20
12.501287284867017
 10
8.045010355257562
 20
12.488082044826989
 10
8.04163779022149
 20
12.479077641104695
 10
8.039098753954304
 20
12.4703275449715
 10
8.034902634229953
 20
12.456571017070612
 10
8.03258087921904
 20
12.448233266325543
 10
8.029341612009187
 20
12.43484027096481
 10
8.026937221919761
 20
12.425577961675822
 10
8.0253371975721
 20
12.416655217365108
 10
8.022495512908856
 20
12.401937394794857
 10
8.020801932600794
 20
12.39201213862415
 10
8.018765644000508
 20
12.377572473680377
 10
8.017055090263657
 20
12.366252532962877
 10
8.016014797353753
 20
12.355270673779218
 10
8.014373860258566
 20
12.339086860852442
 10
8.013292653083571
 20
12.32641233209122
 10
8.012252648801063
 20
12.310406824048803
 10
8.011291797455215
 20
12.296540694103236
 10
8.010827344068
 20
12.28293695403678
 10
8.010195132564858
 20
12.265547231696459
 10
8.009818089732365
 20
12.250652586876583
 10
8.00962071626008
 20
12.233443113466741
 10
8.009405317356036
 20
12.216280711521975
 10
8.00943751092286
 20
12.199257878457828
 10
8.009474238547217
 20
12.180362165727294
 10
8.009590327502568
 20
12.162489867624135
 10
8.009817914674429
 20
12.143657018670888
 10
8.01004157866587
 20
12.124873984124385
 10
8.010374870463108
 20
12.106153863609931
 10
8.010733674664557
 20
12.086220542194303
 10
8.011093576978553
 20
12.066225969194493
 10
8.011453479292548
 20
12.046231396194699
 10
8.01182715187966
 20
12.02542915266177
 10
8.012123874378146
 20
12.004583679027574
 10
8.01240958858723
 20
11.98416337364444
 10
8.012663819722937
 20
11.963317274386284
 10
8.012868718349905
 20
11.942853111887182
 10
8.013075991250629
 20
11.92204916940528
 10
8.013206036818117
 20
11.901201826639088
 10
8.01332738324548
 20
11.880970630081709
 10
8.013431543137719
 20
11.860548104417452
 10
8.013512534252483
 20
11.84031643347931
 10
8.013592524859995
 20
11.820318781601586
 10
8.013672515467505
 20
11.800321129723867
 10
8.013752506075015
 20
11.78032347784616
 10
8.013832496682527
 20
11.760325825968442
 10
8.013912487290037
 20
11.740328174090722
 10
8.013992477897549
 20
11.720330522213008
 10
8.01407246850506
 20
11.70033287033528
 10
8.01415245911257
 20
11.680335218457563
 10
8.014232449720081
 20
11.660337566579853
 10
8.014312440327592
 20
11.640339914702139
 10
8.014390628677926
 20
11.620745097590484
 10
8.01450621364477
 20
11.601172618190992
 10
8.014627164702244
 20
11.58100711069522
 10
8.014731396795117
 20
11.560584585392084
 10
8.014812391365188
 20
11.540352155303049
 10
8.014892381972698
 20
11.520354503425333
 10
8.01497237258021
 20
11.500356851547615
 10
8.01505236318772
 20
11.480359199669888
 10
8.01513235379523
 20
11.460361547792171
 10
8.015212344402743
 20
11.44036389591446
 10
8.015292335010253
 20
11.420366244036746
 10
8.015372325617765
 20
11.400368592159017
 10
8.015452316225275
 20
11.380370940281301
 10
8.015532306832785
 20
11.360373288403592
 10
8.015612297440297
 20
11.340375636525874
 10
8.015690489546131
 20
11.320780060264616
 10
8.015806003830596
 20
11.30120758051273
 10
8.015926946157652
 20
11.28104359130872
 10
8.01603125045116
 20
11.260621066366706
 10
8.016112248477894
 20
11.240387877126778
 10
8.016192239085404
 20
11.220390225249059
 10
8.016272229692914
 20
11.200392573371353
 10
8.016352220300426
 20
11.180394921493635
 10
8.016432210907936
 20
11.160397269615917
 10
8.016512201515448
 20
11.14039961773819
 10
8.016592192122959
 20
11.120401965860474
 10
8.016672182730469
 20
11.100404313982764
 10
8.01675217333798
 20
11.080406662105046
 10
8.016832163945491
 20
11.060409010227321
 10
8.016912154553001
 20
11.040411358349603
 10
8.016990350412978
 20
11.02081502293873
 10
8.017105794015064
 20
11.001242542834445
 10
8.017226727611705
 20
10.98108007192221
 10
8.017331104105846
 20
10.960657547341327
 10
8.017412105590598
 20
10.940423598950524
 10
8.01749209619811
 20
10.920425947072806
 10
8.01757208680562
 20
10.900428295195082
 10
8.01765207741313
 20
10.880430643317363
 10
8.017732068020642
 20
10.860432991439655
 10
8.017812058628152
 20
10.840435339561937
 10
8.017892049235664
 20
10.820437687684219
 10
8.017972039843174
 20
10.800440035806494
 10
8.018052030450685
 20
10.780442383928776
 10
8.018132021058197
 20
10.760444732051068
 10
8.018212011665707
 20
10.74044708017335
 10
8.018290211278472
 20
10.720849985612839
 10
8.018405584198177
 20
10.70127750515615
 10
8.018526509064403
 20
10.681116552535693
 10
8.018630957759177
 20
10.66069402831594
 10
8.018711962703303
 20
10.640459320774253
 10
8.018791953310814
 20
10.620461668896535
 10
8.018871943918326
 20
10.600464017018828
 10
8.018951934525836
 20
10.58046636514111
 10
8.019031925133348
 20
10.560468713263383
 10
8.019111915740858
 20
10.540471061385666
 10
8.019191906348368
 20
10.520473409507957
 10
8.01927189695588
 20
10.500475757630241
 10
8.01935188756339
 20
10.480478105752521
 10
8.019431878170902
 20
10.460480453874798
 10
8.019511868778412
 20
10.44048280199708
 10
8.019590072142607
 20
10.420884948286938
 10
8.019705374379933
 20
10.401312467477846
 10
8.019826290515741
 20
10.381153033149166
 10
8.01993081141115
 20
10.36073050929055
 10
8.020011819816009
 20
10.340495042597999
 10
8.02009181042352
 20
10.320497390720282
 10
8.020171801031031
 20
10.300499738842555
 10
8.020251791638541
 20
10.28050208696484
 10
8.020331782246052
 20
10.26050443508713
 10
8.020411772853564
 20
10.240506783209414
 10
8.020491763461074
 20
10.220509131331696
 10
8.020571754068586
 20
10.200511479453969
 10
8.020651744676096
 20
10.18051382757625
 10
8.020731735283606
 20
10.160516175698543
 10
8.020811725891118
 20
10.140518523820825
 10
8.020891716498628
 20
10.120520871943098
 10
8.020971707106138
 20
10.100523220065382
 10
8.021050911138792
 20
10.080711990126831
 10
8.021146346512245
 20
10.061139410104946
 10
8.021264966812222
 20
10.041380519821615
 10
8.021387157089404
 20
10.020984291146709
 10
8.021471552511303
 20
10.000561666781037
 10
8.021551648751245
 20
9.980537808788577
 10
8.021631639358757
 20
9.960540156910866
 10
8.021711629966267
 20
9.940542505033152
 10
8.02179162057378
 20
9.920544853155432
 10
8.02187161118129
 20
9.900547201277714
 10
8.021951601788802
 20
9.8805495494
 10
8.022031592396312
 20
9.86055189752227
 10
8.022111583003822
 20
9.840554245644554
 10
8.022191573611334
 20
9.820556593766847
 10
8.022271564218844
 20
9.800558941889129
 10
8.022350766666552
 20
9.780748068994829
 10
8.022446221377415
 20
9.761178044226861
 10
8.022565067276108
 20
9.741421353307052
 10
8.022687521908896
 20
9.721021354490457
 10
8.022771814553401
 20
9.700596174576374
 10
8.022851905853537
 20
9.680573533215856
 10
8.022931896461047
 20
9.66057588133814
 10
8.02301188706856
 20
9.640578229460413
 10
8.02309187767607
 20
9.620580577582695
 10
8.02317186828358
 20
9.60058292570499
 10
8.023251858891092
 20
9.58058527382727
 10
8.023331849498602
 20
9.560587621949553
 10
8.023411840106114
 20
9.540589970071828
 10
8.023491830713624
 20
9.520592318194108
 10
8.023571821321134
 20
9.5005946663164
 10
8.023651022659905
 20
9.480784043194914
 10
8.023746514532343
 20
9.461211463455635
 10
8.023865138133003
 20
9.441451966358153
 10
8.023987331481244
 20
9.421055130867776
 10
8.024071669190555
 20
9.40063250621434
 10
8.024151762966241
 20
9.380609255039587
 10
8.024231753573753
 20
9.360611603161876
 10
8.024311744181263
 20
9.34061395128416
 10
8.024391734788775
 20
9.32061629940644
 10
8.024471725396285
 20
9.300618647528717
 10
8.024551716003796
 20
9.280620995650999
 10
8.024631706611308
 20
9.260623343773288
 10
8.024711697218818
 20
9.240625691895573
 10
8.02479168782633
 20
9.220628040017855
 10
8.02487167843384
 20
9.200630388140128
 10
8.024950883142623
 20
9.180819005867455
 10
8.025046304332687
 20
9.161246425774634
 10
8.025164923804203
 20
9.141487687824682
 10
8.025287113310297
 20
9.12109161148349
 10
8.025371523220246
 20
9.100668987190064
 10
8.025451620078947
 20
9.080644976863333
 10
8.025531610686459
 20
9.060647324985615
 10
8.025611601293969
 20
9.040649673107888
 10
8.025691591901479
 20
9.020652021230172
 10
8.025771582508991
 20
9.000654369352462
 10
8.025851573116501
 20
8.980656717474744
 10
8.025931563724013
 20
8.960659065597019
 10
8.026011554331523
 20
8.940661413719303
 10
8.026091544939034
 20
8.920663761841592
 10
8.026171535546545
 20
8.900666109963877
 10
8.026250743623986
 20
8.880853968540007
 10
8.026346094131677
 20
8.861281388093623
 10
8.026464709475404
 20
8.841523409291213
 10
8.026586895137994
 20
8.821128092099196
 10
8.026671377248583
 20
8.80070546816577
 10
8.026751477191652
 20
8.78068069868706
 10
8.026831467799163
 20
8.760683046809351
 10
8.026911458406675
 20
8.740685394931635
 10
8.026991449014185
 20
8.720687743053919
 10
8.027071439621697
 20
8.70069009117619
 10
8.027151430229207
 20
8.680692439298475
 10
8.027231420836717
 20
8.660694787420764
 10
8.027311411444229
 20
8.640697135543048
 10
8.02739140205174
 20
8.620699483665323
 10
8.02747139265925
 20
8.600701831787603
 10
8.027549744650722
 20
8.581073677398338
 10
8.02765951868023
 20
8.561926188474155
 10
8.027815924026324
 20
8.54240946951035
 10
8.027727531769472
 20
8.533932359598342
 10
8.028359300466175
 20
8.52629304807226
 10
8.028677411454952
 20
8.51898120132836
 10
8.027650465627188
 20
8.526391651839814
 10
8.028798095731899
 20
8.522043124257902
 10
8.032416012273096
 20
8.50371917431924
 10
8.036132111812046
 20
8.485514877388065
 10
8.039035048465815
 20
8.471157592410213
 10
8.040789718921616
 20
8.463442188664366
 10
8.044211683514455
 20
8.450716963448988
 10
8.049102207999397
 20
8.43222121345808
 10
8.054053281304382
 20
8.413807481317603
 10
8.057756234927739
 20
8.399910068653357
 10
8.059748686205301
 20
8.393114314536993
 10
8.063831528698161
 20
8.381142639064018
 10
8.069791985259984
 20
8.363367947303358
 10
8.075830073690986
 20
8.345718485632787
 10
8.08040639974584
 20
8.332240040110246
 10
8.082754005849564
 20
8.325857505894739
 10
8.08758580474187
 20
8.3143438786297
 10
8.094407820814714
 20
8.297828501233806
 10
8.101342257715828
 20
8.281533399795677
 10
8.107104380551649
 20
8.267933048356733
 10
8.110475909001636
 20
8.260460568555866
 10
8.116397545996971
 20
8.248576634966398
 10
8.123345878321432
 20
8.234443319223272
 10
8.130469981692556
 20
8.22074714942929
 10
8.137767546212881
 20
8.206683262540846
 10
8.143025935033695
 20
8.196979732239521
 10
8.150473360354011
 20
8.184090659884804
 10
8.156765462345964
 20
8.173024303991895
 10
8.16325460859652
 20
8.162700387267424
 10
8.172515782964261
 20
8.147874422889874
 10
8.180795941106123
 20
8.1348907244532
 10
8.190332228233366
 20
8.120357341575362
 10
8.195222397509449
 20
8.11264374870196
 10
8.200253739279667
 20
8.10599717053804
 10
8.21073756248759
 20
8.091768255724944
 10
8.22057647960074
 20
8.078613524975344
 10
8.231475433889761
 20
8.064341447591596
 10
8.239782082167485
 20
8.053382158631743
 10
8.248187023747754
 20
8.043088738364457
 10
8.258644292529697
 20
8.030232829266655
 10
8.267040710520236
 20
8.020199641038733
 10
8.277589793065747
 20
8.008102554839269
 10
8.2883114467047
 20
7.995755373649528
 10
8.299082835313396
 20
7.983818705261003
 10
8.311079537427847
 20
7.970527130690429
 10
8.321746870973923
 20
7.958910511423733
 10
8.333798435617958
 20
7.946095909383068
 10
8.344436135597357
 20
7.934742051818603
 10
8.355092420344691
 20
7.923899644500404
 10
8.368318935103332
 20
7.910445592996955
 10
8.381119507061035
 20
7.897519490028641
 10
8.394532285296894
 20
7.884108478711671
 10
8.407883581978126
 20
7.8707551144449335
 10
8.421243385296615
 20
7.85753679461131
 10
8.435034603668369
 20
7.8439005460278866
 10
8.448435560083478
 20
7.830714223872327
 10
8.462247088875502
 20
7.81721209989163
 10
8.477735384961777
 20
7.802065345524882
 10
8.493203575099578
 20
7.78670839593797
 10
8.508209677660467
 20
7.771785335662673
 10
8.524016307862155
 20
7.755913225767953
 10
8.538999069855574
 20
7.740677500661289
 10
8.555357434790263
 20
7.724020691298409
 10
8.571654700627088
 20
7.7069328278606175
 10
8.587467495428815
 20
7.690280301306242
 10
8.605328744591384
 20
7.670990103125994
 10
8.62107800877828
 20
7.653424636460527
 10
8.640320981418496
 20
7.631793325384119
 10
8.659240226430889
 20
7.60893129562047
 10
8.67542360229476
 20
7.589068105460341
 10
8.694745452537044
 20
7.564221516140065
 10
8.710460568135408
 20
7.542786206104275
 10
8.729315405699744
 20
7.516666921526786
 10
8.747466435664387
 20
7.488869672780687
 10
8.762403302538633
 20
7.465392462746907
 10
8.780771815284243
 20
7.434408151157858
 10
8.794672684089942
 20
7.408751548467885
 10
8.811977997652676
 20
7.375814377800718
 10
8.82776830790538
 20
7.340558343647686
 10
8.839357148141367
 20
7.313365467785112
 10
8.853334544261651
 20
7.276838459554783
 10
8.863077910122636
 20
7.2474367135017586
 10
8.874935139521241
 20
7.209640591853597
 10
8.884477526897495
 20
7.169612453901588
 10
8.891154092867657
 20
7.138605717143316
 10
8.898370066001114
 20
7.09546406202918
 10
8.902069688775073
 20
7.062115043345039
 10
8.905325338415313
 20
7.028912452574137
 10
8.906950433315373
 20
6.994509988027813
 10
8.907860492192468
 20
6.968529650336169
 10
8.908244473131813
 20
6.9370530468362706
 10
8.907817118101722
 20
6.910492982092656
 10
8.907241815685715
 20
6.8826063341779715
 10
8.905743118028743
 20
6.854137915913702
 10
8.90423332635576
 20
6.828643359684678
 10
8.901654956463966
 20
6.797249453879131
 10
8.898729789693936
 20
6.77083373948073
 10
8.895781641611537
 20
6.745042363426486
 10
8.892128284341638
 20
6.71886875631305
 10
8.888903961473364
 20
6.696427797184205
 10
8.885067868705672
 20
6.671555191630597
 10
8.881265801743156
 20
6.6489095408828796
 10
8.876537039971145
 20
6.621279271774527
 10
8.870786241901675
 20
6.593194092375144
 10
8.866110439624062
 20
6.571016605305353
 10
8.86077522958939
 20
6.546853243996694
 10
8.855606239790903
 20
6.5247335556577015
 10
8.850002187318633
 20
6.500897417324789
 10
8.843853413791027
 20
6.476828861839035
 10
8.838108158357798
 20
6.4546142450751445
 10
8.831275990300988
 20
6.429457068454999
 10
8.82477171904855
 20
6.406898160222152
 10
8.817924099212357
 20
6.383291411785283
 10
8.810502454209246
 20
6.359459543315699
 10
8.804046942486154
 20
6.338935510117785
 10
8.79712488248198
 20
6.317332119466643
 10
8.790403672526223
 20
6.29685782113097
 10
8.782186571292705
 20
6.271982713159309
 10
8.773155894833026
 20
6.246839255664593
 10
8.765788689920575
 20
6.226592920570661
 10
8.758015166711623
 20
6.205547708105909
 10
8.7504678338135
 20
6.185514918369027
 10
8.74181854110342
 20
6.162631338949103
 10
8.732601184590026
 20
6.139586786966609
 10
8.724414916960773
 20
6.1192813961155395
 10
8.715423745925852
 20
6.097435835597659
 10
8.706824841857411
 20
6.077093993114869
 10
8.698147295640707
 20
6.056594840483526
 10
8.689186095056888
 20
6.036007885213234
 10
8.680069786657905
 20
6.015150874487046
 10
8.669336274774354
 20
5.991376927961237
 10
8.659325817597415
 20
5.970099953185922
 10
8.6498968072197
 20
5.950103265513956
 10
8.640203328235476
 20
5.9300399806489885
 10
8.6306339329551
 20
5.910295011746432
 10
8.619909598260278
 20
5.888626695988185
 10
8.609751507062647
 20
5.868653441567165
 10
8.59899695380355
 20
5.847558482579853
 10
8.587758566560119
 20
5.8263590355643196
 10
8.57775322460731
 20
5.8075851075264096
 10
8.567190098512521
 20
5.787978284332198
 10
8.556968794044165
 20
5.7692775806238386
 10
8.544906530681356
 20
5.747277289465398
 10
8.532152377720788
 20
5.725160065893586
 10
8.52115575651254
 20
5.706238050914015
 10
8.509247915503135
 20
5.686064902021346
 10
8.497904513707145
 20
5.667238212672361
 10
8.486220337477501
 20
5.647870816934965
 10
8.474196414978843
 20
5.628454255400961
 10
8.462240969137572
 20
5.609220849597808
 10
8.448389724962606
 20
5.587492470732491
 10
8.435551306489488
 20
5.568000891953121
 10
8.422614302746528
 20
5.5484095629092325
 10
8.409218243099575
 20
5.5287774476092055
 10
8.39617382107898
 20
5.50975675447825
 10
8.380837904214442
 20
5.488005870975076
 10
8.366770870420078
 20
5.468759481643842
 10
8.348218098457421
 20
5.443664842394227
 10
8.327997760379965
 20
5.418664368542442
 10
8.311186367509485
 20
5.398311455812861
 10
8.289570948680547
 20
5.373452554732542
 10
8.270878641225472
 20
5.353292907768444
 10
8.247853876596116
 20
5.328896922658889
 10
8.222758750630158
 20
5.304894268369717
 10
8.202141566891488
 20
5.28570901304462
 10
8.174596945548771
 20
5.261688563067169
 10
8.151553882854195
 20
5.2431634474589695
 10
8.124134687100806
 20
5.221617240606
 10
8.094514230759268
 20
5.200887191232583
 10
8.071077647363502
 20
5.185009182127001
 10
8.040104350121624
 20
5.1654617921154475
 10
8.014457995407481
 20
5.1506817769432915
 10
7.984320939283524
 20
5.133748325976634
 10
7.952219211158635
 20
5.117943472082939
 10
7.927147339238252
 20
5.106045082092458
 10
7.894724418898745
 20
5.0918422881495555
 10
7.867875672832835
 20
5.081257093898991
 10
7.836813034765081
 20
5.069347760485119
 10
7.804140424564367
 20
5.058669936223928
 10
7.779220032133055
 20
5.050862782374088
 10
7.748611241627114
 20
5.042051576331416
 10
7.7226071315793865
 20
5.035386184148577
 10
7.692937158994745
 20
5.027982030422867
 10
7.662151792094265
 20
5.02163809452559
 10
7.637783652415952
 20
5.016842189147983
 10
7.608813602031622
 20
5.011697900184744
 10
7.5836658572079765
 20
5.007844662277664
 10
7.557189723667996
 20
5.003879605587215
 10
7.530061317390794
 20
5.000587671699163
 10
7.506613974173528
 20
4.997862019970251
 10
7.479527082500276
 20
4.995104215710798
 10
7.4554324445022395
 20
4.993099894421295
 10
7.4303983276348085
 20
4.991069780068908
 10
7.404901608154364
 20
4.98955720678569
 10
7.382884335481542
 20
4.988324679500741
 10
7.359074794533369
 20
4.987174262525999
 10
7.336881403083296
 20
4.9863251540101095
 10
7.3133766401474665
 20
4.9854465885970365
 10
7.28956316071152
 20
4.984922376391226
 10
7.268736915208864
 20
4.984506082766906
 10
7.247473765648279
 20
4.9841346037071945
 10
7.226743672239283
 20
4.9838431663300184
 10
7.206742310650233
 20
4.9835625861431465
 10
7.186740498705336
 20
4.983282519022755
 10
7.166563565955529
 20
4.983000080363132
 10
7.146142600786423
 20
4.98273158251545
 10
7.125901973594634
 20
4.982488624784656
 10
7.106298496715979
 20
4.982253564711289
 10
7.086727494979169
 20
4.981982338175348
 10
7.066583417433911
 20
4.981700358108424
 10
7.046162452775588
 20
4.981431820976963
 10
7.025921412533948
 20
4.981188858051929
 10
7.0059250403626105
 20
4.980948901585872
 10
6.985928668191291
 20
4.980708945119817
 10
6.966112138545573
 20
4.980471184823463
 10
6.946540879042762
 20
4.980219795013333
 10
6.926790075650088
 20
4.979943213099752
 10
6.906402159582527
 20
4.979657963165619
 10
6.885980933116756
 20
4.9794095735668975
 10
6.866131164434303
 20
4.979171412959503
 10
6.8465599044314525
 20
4.9789200616072
 10
6.826809514084089
 20
4.978643485237827
 10
6.806422011063787
 20
4.978358240705415
 10
6.786000785108177
 20
4.978109811822906
 10
6.766150190323025
 20
4.977871641095945
 10
6.746578929820123
 20
4.977620328201466
 10
6.726828952518082
 20
4.977343757375904
 10
6.7068331001573105
 20
4.977063815442852
 10
6.686837247796529
 20
4.976783873509802
 10
6.673279421989466
 20
4.976642854006105
 10
6.668629054054485
 20
4.9764808077299305
 10
6.657563530564166
 20
4.975432160644147
 10
6.6673451714352625
 20
4.977334242420871
 10
6.679781441622665
 20
4.979132207075228
 10
6.677109095357418
 20
4.978735859258732
 10
6.6908612037102495
 20
4.983326844906249
 10
6.690653189215186
 20
4.982748492842288
 10
6.701942015212497
 20
4.988910437163201
 10
6.715576231278421
 20
4.995887185966509
 10
6.71418191607006
 20
4.995353930097705
 10
6.7278470050640795
 20
5.005851973948972
 10
6.728856324484581
 20
5.006079315739933
 10
6.737311132976344
 20
5.0155207516325095
 10
6.747489153154241
 20
5.026220666875683
 10
6.74578710243569
 20
5.024506097146888
 10
6.75399193820082
 20
5.036957760720948
 10
6.753983638835801
 20
5.036042074872545
 10
6.759841289406692
 20
5.049665541524929
 10
6.766645671104113
 20
5.064714018203741
 10
6.76563369687898
 20
5.062695708192537
 10
6.769367999414723
 20
5.0775158117925265
 10
6.769620961815025
 20
5.076451695513403
 10
6.7698263447364955
 20
5.08253989448533
 10
6.77092099342004
 20
5.0895015249085205
 10
6.770318540631321
 20
5.074048265099798
 10
6.770052717778983
 20
5.061719345286153
 10
6.770040450221948
 20
5.045800111398852
 10
6.770001078086447
 20
5.026213474771064
 10
6.76999999977388
 20
5.006640663586203
 10
6.77
 20
4.986656715424162
 10
6.77
 20
4.966658903565869
 10
6.77
 20
4.946661091707574
 10
6.77
 20
4.926663279849285
 10
6.77
 20
4.906665467990992
 10
6.77
 20
4.886667656132697
 10
6.77
 20
4.866669844274408
 10
6.77
 20
4.846672032416115
 10
6.77
 20
4.826674220557819
 10
6.77
 20
4.80667640869953
 10
6.77
 20
4.786678596841234
 10
6.77
 20
4.766680784982942
 10
6.77
 20
4.746682973124654
 10
6.77
 20
4.726685161266357
 10
6.77
 20
4.706687349408065
 10
6.77
 20
4.686689537549773
 10
6.77
 20
4.66669172569148
 10
6.77
 20
4.646693913833189
 10
6.77
 20
4.626696101974896
 10
6.77
 20
4.606698290116603
 10
6.77
 20
4.586700478258311
 10
6.77
 20
4.566702666400018
 10
6.77
 20
4.546704854541726
 10
6.77
 20
4.526707042683434
 10
6.77
 20
4.506709230825141
 10
6.77
 20
4.486711418966849
 10
6.77
 20
4.466713607108557
 10
6.77
 20
4.446715795250265
 10
6.77
 20
4.426717983391972
 10
6.77
 20
4.40672017153368
 10
6.77
 20
4.386722359675384
 10
6.77
 20
4.366724547817095
 10
6.77
 20
4.346726735958799
 10
6.77
 20
4.3267289241005065
 10
6.77
 20
4.306731112242217
 10
6.77
 20
4.286733300383922
 10
6.77
 20
4.2667354885256294
 10
6.77
 20
4.246737676667341
 10
6.77
 20
4.226739864809045
 10
6.77
 20
4.206742052950752
 10
6.77
 20
4.186744241092464
 10
6.77
 20
4.166746429234168
 10
6.77
 20
4.146748617375876
 10
6.77
 20
4.126750805517584
 10
6.77
 20
4.106752993659291
 10
6.77
 20
4.086755181800998
 10
6.77
 20
4.066757369942706
 10
6.77
 20
4.046759558084414
 10
6.77
 20
4.026761746226121
 10
6.77
 20
4.006763934367829
 10
6.769994522635159
 20
3.9846084084150415
 10
6.769742038177662
 20
3.9599387282964607
 10
6.769254293854341
 20
3.9374298316445513
 10
6.7684077146259884
 20
3.905979431156576
 10
6.766138955036283
 20
3.8741307525169213
 10
6.764018806704156
 20
3.8476208031216967
 10
6.760454031951669
 20
3.8145768296985354
 10
6.756716954395459
 20
3.7877252830962225
 10
6.7520611346102015
 20
3.7560213643110076
 10
6.745860300913061
 20
3.724111644073815
 10
6.740392426198374
 20
3.6973279646533554
 10
6.732373087722794
 20
3.663425250460167
 10
6.7250062721015365
 20
3.6364466031937117
 10
6.715709571194768
 20
3.603634947683294
 10
6.7045193781087296
 20
3.5708449985694872
 10
6.695410235661112
 20
3.5451054064239442
 10
6.682854959237314
 20
3.5127914766954342
 10
6.671868274089654
 20
3.487136456712474
 10
6.656742145041253
 20
3.452967637219127
 10
6.639173264572437
 20
3.419196338994033
 10
6.625347164618678
 20
3.39359323428621
 10
6.606011164648044
 20
3.3607862245537374
 10
6.5898990540170725
 20
3.335855154121003
 10
6.568580013468346
 20
3.303867932416038
 10
6.54476999788246
 20
3.272810058961313
 10
6.525755556213581
 20
3.248872732014074
 10
6.4987993107872
 20
3.217819605642158
 10
6.477225362077494
 20
3.195223070266058
 10
6.446292491796221
 20
3.164098678036279
 10
6.412298440974308
 20
3.1350944903369777
 10
6.387083036892316
 20
3.114593798479767
 10
6.350834872888969
 20
3.0880825400734695
 10
6.322995444571206
 20
3.069984450074273
 10
6.2853065156157415
 20
3.0466413410407265
 10
6.245103948099281
 20
3.0261626349674438
 10
6.2153152689373
 20
3.0118949087148237
 10
6.172910473430062
 20
2.9942970252426604
 10
6.141143314574634
 20
2.983184973088652
 10
6.097676029105778
 20
2.969118628963115
 10
6.052445725342616
 20
2.958730347065813
 10
6.020536506163587
 20
2.952242427182011
 10
5.9760813530153385
 20
2.94556805096121
 10
5.943126567118741
 20
2.9424535551875666
 10
5.907067006748832
 20
2.9395766823207343
 10
5.870483009735284
 20
2.938830403756468
 10
5.849047781671481
 20
2.938616642442458
 10
5.826921321857168
 20
2.9385014454350626
 10
5.805815079706176
 20
2.9385000000000003
 10
5.785817267847883
 20
2.9385000000000003
 10
5.765819455989591
 20
2.9385000000000003
 10
5.745821644131299
 20
2.9385000000000003
 10
5.725823832273006
 20
2.9385000000000003
 10
5.7058260204147135
 20
2.9385000000000003
 10
5.685828208556421
 20
2.9385000000000003
 10
5.665830396698128
 20
2.9385000000000003
 10
5.6458325848398365
 20
2.9385000000000003
 10
5.62583477298154
 20
2.9385000000000003
 10
5.605836961123249
 20
2.9385000000000003
 10
5.5858391492649595
 20
2.9385000000000003
 10
5.565841337406663
 20
2.9385000000000003
 10
5.545843525548372
 20
2.9385000000000003
 10
5.5258457136900825
 20
2.9385000000000003
 10
5.505847901831787
 20
2.9385000000000003
 10
5.4858500899734945
 20
2.9385000000000003
 10
5.465852278115202
 20
2.9385000000000003
 10
5.445854466256909
 20
2.9385000000000003
 10
5.425856654398617
 20
2.9385000000000003
 10
5.405858842540325
 20
2.9385000000000003
 10
5.385861030682032
 20
2.9385000000000003
 10
5.36586321882374
 20
2.9385000000000003
 10
5.345865406965448
 20
2.9385000000000003
 10
5.325867595107155
 20
2.9385000000000003
 10
5.3058697832488635
 20
2.9385000000000003
 10
5.285871971390571
 20
2.9385000000000003
 10
5.265874159532278
 20
2.9385000000000003
 10
5.245876347673983
 20
2.9385000000000003
 10
5.225878535815694
 20
2.9385000000000003
 10
5.205880723957401
 20
2.9385000000000003
 10
5.185882912099105
 20
2.9385000000000003
 10
5.165885100240816
 20
2.9385000000000003
 10
5.145887288382524
 20
2.9385000000000003
 10
5.125889476524228
 20
2.9385000000000003
 10
5.10589166466594
 20
2.9385000000000003
 10
5.085893852807647
 20
2.9385000000000003
 10
5.065896040949351
 20
2.9385000000000003
 10
5.045898229091063
 20
2.9385000000000003
 10
5.025900417232767
 20
2.9385000000000003
 10
5.005902605374475
 20
2.9385000000000003
 10
4.985904793516182
 20
2.9385000000000003
 10
4.96590698165789
 20
2.9385000000000003
 10
4.945909169799597
 20
2.9385000000000003
 10
4.925911357941304
 20
2.9385000000000003
 10
4.9059135460830126
 20
2.9385000000000003
 10
4.88591573422472
 20
2.9385000000000003
 10
4.865917922366427
 20
2.9385000000000003
 10
4.8459201105081355
 20
2.9385000000000003
 10
4.825922298649843
 20
2.9385000000000003
 10
4.805924486791551
 20
2.9385000000000003
 10
4.7859266749332585
 20
2.9385000000000003
 10
4.765928863074966
 20
2.9385000000000003
 10
4.745126309614199
 20
2.938500761893679
 10
4.723428844180959
 20
2.9385831123288675
 10
4.702536479115933
 20
2.9387493083846654
 10
4.675102569293136
 20
2.939033864792919
 10
4.64748415908072
 20
2.940157145931709
 10
4.623091550976093
 20
2.9412512754436406
 10
4.5941975835909545
 20
2.9431028646989805
 10
4.569544595064927
 20
2.9452049530095064
 10
4.540550901991801
 20
2.9478064841193605
 10
4.511398872254381
 20
2.9514901555413027
 10
4.486068212236482
 20
2.954842685361539
 10
4.455200438478355
 20
2.959680087257378
 10
4.429659800550954
 20
2.9643710414758773
 10
4.398474317033927
 20
2.9703160276962297
 10
4.367262907096615
 20
2.9777391138841107
 10
4.341447493697804
 20
2.98410744560189
 10
4.309353039615123
 20
2.992988257900487
 10
4.2835182846544715
 20
3.0009969739742677
 10
4.251525222650505
 20
3.011218227052416
 10
4.219720339865019
 20
3.0232017544217027
 10
4.193983947460908
 20
3.0332082783057053
 10
4.16156786645351
 20
3.0470278292005872
 10
4.136181278576486
 20
3.0589070976499526
 10
4.10447446503976
 20
3.0741484061495443
 10
4.073326322634078
 20
3.0913354951465157
 10
4.04916663387595
 20
3.1050402925942295
 10
4.018744509331453
 20
3.1236469163801543
 10
3.9951593631650018
 20
3.1392544496571437
 10
3.966338127772581
 20
3.1587551949549817
 10
3.9382928423345174
 20
3.1800663809853313
 10
3.9164205711859577
 20
3.197089354600639
 10
3.8892072596602807
 20
3.2197267990512435
 10
3.8682405129897552
 20
3.238447769332272
 10
3.8432745360739013
 20
3.261162655441899
 10
3.8192506840810108
 20
3.2854011834832284
 10
3.8005840246806013
 20
3.304618420707332
 10
3.7779070781633255
 20
3.329348754116662
 10
3.7601958309306553
 20
3.3499106442625526
 10
3.7394528151580015
 20
3.374363430140688
 10
3.719685283473241
 20
3.3999739266699276
 10
3.7044334144874074
 20
3.4200548180728254
 10
3.686609053534992
 20
3.4446415802423576
 10
3.6721770646774994
 20
3.4655905873132715
 10
3.6552260325985655
 20
3.4904810942783975
 10
3.639143456798455
 20
3.516234507075924
 10
3.627103894906027
 20
3.5357518663407568
 10
3.6138924666743573
 20
3.5577731982056644
 10
3.602330703272452
 20
3.5776512788716808
 10
3.589427333142484
 20
3.5999370034685123
 10
3.576990592905854
 20
3.622660686458028
 10
3.5672248228465704
 20
3.6405987755939155
 10
3.5574106251257884
 20
3.65868110993551
 10
3.5477521923247
 20
3.6765368095276965
 10
3.5380648582901353
 20
3.6944464941056805
 10
3.528403175293889
 20
3.7123814372105564
 10
3.517724521842548
 20
3.732222595518309
 10
3.5059834747977203
 20
3.7546583435289684
 10
3.4956699669951954
 20
3.7749911272006345
 10
3.4860468683317056
 20
3.793986214259166
 10
3.476520675414243
 20
3.8130690565114764
 10
3.467537573167638
 20
3.831075562211191
 10
3.4585333450771216
 20
3.8491435956587416
 10
3.4495777473416345
 20
3.8671350843266468
 10
3.439926430388763
 20
3.886531615610611
 10
3.4304017344613436
 20
3.9060413427055134
 10
3.420985096888884
 20
3.9253531740679013
 10
3.4110298084978425
 20
3.946121505642239
 10
3.401840569017826
 20
3.9656578124728914
 10
3.3932469581780067
 20
3.983934473923149
 10
3.3846679167684517
 20
4.002224256325394
 10
3.3761372179335063
 20
4.020412370380154
 10
3.3675761329528497
 20
4.038684443322301
 10
3.3590595450739698
 20
4.056882599185252
 10
3.3494147650607653
 20
4.077512875803079
 10
3.339993973038638
 20
4.098325777397873
 10
3.331471624931247
 20
4.117191905893609
 10
3.3227462834213366
 20
4.136660553982615
 10
3.3143413082404365
 20
4.155580657949038
 10
3.306223138279072
 20
4.1738565381083665
 10
3.298104968317708
 20
4.1921324182676925
 10
3.2899124645568074
 20
4.210575738283213
 10
3.2816525886294134
 20
4.229213950614629
 10
3.273484744239421
 20
4.2476925648116595
 10
3.264288295230209
 20
4.268520725986846
 10
3.2553171801314416
 20
4.289531126412566
 10
3.247375497261566
 20
4.30816985444457
 10
3.2393995615711244
 20
4.326934161709577
 10
3.2315139483539035
 20
4.34553599265485
 10
3.2237945342291523
 20
4.3637460374224375
 10
3.2160585238094064
 20
4.381942693791591
 10
3.2081950306491143
 20
4.400437984056767
 10
3.200291752500596
 20
4.419052497678594
 10
3.1924401131959597
 20
4.437574270463333
 10
3.183565547077149
 20
4.458532132840324
 10
3.174915966062541
 20
4.479673890174053
 10
3.1673965039006093
 20
4.498094667820365
 10
3.159971495976924
 20
4.516238901682124
 10
3.152458500170769
 20
4.534546751667231
 10
3.144781221087481
 20
4.553255224971309
 10
3.1371207436100437
 20
4.571978774086867
 10
3.1295173427679606
 20
4.590564882718416
 10
3.12189125600818
 20
4.6092254294587445
 10
3.1143012854555128
 20
4.627818826857026
 10
3.106052628470414
 20
4.64803636700882
 10
3.097951113341943
 20
4.66837335196266
 10
3.0904696766958324
 20
4.6871781428422015
 10
3.0829476743974635
 20
4.706132799724023
 10
3.0755123398748054
 20
4.724923042098852
 10
3.0683511506390295
 20
4.743021524692974
 10
3.0611505532448966
 20
4.761084951845431
 10
3.05365502503369
 20
4.779884759288011
 10
3.0460675810080025
 20
4.798982625511555
 10
3.0386017126840805
 20
4.817849898858022
 10
3.030767139741197
 20
4.837654633113817
 10
3.0230350166515545
 20
4.857544537022836
 10
3.0157794351962655
 20
4.8762246471096775
 10
3.008539025295745
 20
4.894865702433669
 10
3.001298615395222
 20
4.913506757757666
 10
2.9940582054947034
 20
4.932147813081653
 10
2.9868177955941815
 20
4.95078886840565
 10
2.9795773856936614
 20
4.969429923729641
 10
2.972336975793144
 20
4.988070979053625
 10
2.965096565892622
 20
5.00671203437762
 10
2.9574721283084133
 20
5.026345481190617
 10
2.9499315920229026
 20
5.04604732749856
 10
2.9427349395317255
 20
5.064863195227114
 10
2.935513440305541
 20
5.083774328402745
 10
2.9283441276568167
 20
5.102583647719325
 10
2.9212216723061766
 20
5.121270089566227
 10
2.9140992169555315
 20
5.139956531413145
 10
2.9070426206785456
 20
5.158470298507586
 10
2.9000456603390314
 20
5.17677966648917
 10
2.8929642096474777
 20
5.195254588129949
 10
2.8855331791435415
 20
5.2146436210737575
 10
2.87816085485699
 20
5.2340851716009595
 10
2.8709727201367023
 20
5.253050691183867
 10
2.863714189591714
 20
5.272271644464432
 10
2.8565720825816
 20
5.291262871317109
 10
2.8496683137188126
 20
5.309621114123006
 10
2.8427356761543456
 20
5.3279544157232825
 10
2.8356660949117116
 20
5.346646867247389
 10
2.8285918621604127
 20
5.365351618250823
 10
2.8215176294091173
 20
5.384056369254249
 10
2.8143081600733115
 20
5.4031191821629205
 10
2.8071275158941575
 20
5.422208651646934
 10
2.8000830868223616
 20
5.440940428222358
 10
2.793043857048245
 20
5.459658380121712
 10
2.786004627274125
 20
5.478376332021077
 10
2.778965397500004
 20
5.497094283920443
 10
2.7719261677258844
 20
5.5158122358198085
 10
2.7648869379517667
 20
5.534530187719167
 10
2.757847708177648
 20
5.553248139618528
 10
2.7508084784035276
 20
5.5719660915178935
 10
2.7439550854431713
 20
5.590190814943389
 10
2.737063327220231
 20
5.608378647298551
 10
2.7299585081440148
 20
5.627124145158107
 10
2.7228238821423107
 20
5.645966976863448
 10
2.7157211229631493
 20
5.664747132060539
 10
2.7085117229074367
 20
5.683809761288298
 10
2.7013310612704506
 20
5.702899224188575
 10
2.694375772806454
 20
5.721394182097934
 10
2.6875077936883556
 20
5.739590991729872
 10
2.680524699839824
 20
5.758015024295554
 10
2.6735215412513393
 20
5.776492472150156
 10
2.6665006814448575
 20
5.794953898114714
 10
2.6594193830677906
 20
5.813572159098056
 10
2.6523578777206605
 20
5.832120066957344
 10
2.6452644376090015
 20
5.850730362620053
 10
2.6381419822583583
 20
5.869416804466965
 10
2.6310195269077203
 20
5.8881032463138645
 10
2.6239625269476994
 20
5.906618071131292
 10
2.616965665140682
 20
5.9249274767747435
 10
2.6098846191201206
 20
5.943401341070038
 10
2.602916689489542
 20
5.96158115907085
 10
2.5959105435750516
 20
5.979723726730625
 10
2.5887531051935078
 20
5.998253579397686
 10
2.5816252548270353
 20
6.016677748831577
 10
2.5744453853839424
 20
6.035202550095575
 10
2.5671343179038764
 20
6.054066088745813
 10
2.5598402398368627
 20
6.072946845284561
 10
2.5528546350551062
 20
6.091033052036111
 10
2.546082529754084
 20
6.1084148444655515
 10
2.5390236710372545
 20
6.126349605196042
 10
2.531979380605443
 20
6.144250889236
 10
2.5248808448425346
 20
6.1620986143659
 10
2.517526066131319
 20
6.18058496384444
 10
2.510185391045686
 20
6.199017596774056
 10
2.5028105614047536
 20
6.21751444386026
 10
2.4954887495016025
 20
6.235878504712548
 10
2.4881504884472907
 20
6.254226257624815
 10
2.4810095243300223
 20
6.272080494639898
 10
2.4741385869865105
 20
6.2890821218014095
 10
2.4669069015315563
 20
6.306757054544638
 10
2.4596221076068945
 20
6.324566106482459
 10
2.4522843337634495
 20
6.342320501234329
 10
2.4447248756972537
 20
6.360605780710387
 10
2.4372191047753655
 20
6.378717396804231
 10
2.4296257437090087
 20
6.396988784889696
 10
2.42244623865357
 20
6.4142695309258375
 10
2.415179832319286
 20
6.431455259387669
 10
2.407678618599487
 20
6.449190316980465
 10
2.4004197747216844
 20
6.466197968097217
 10
2.3928221589025203
 20
6.483808634776066
 10
2.385261906401086
 20
6.501337125684323
 10
2.377641362656294
 20
6.518794902835683
 10
2.370003730291765
 20
6.536287300397065
 10
2.362693695588556
 20
6.552843057081173
 10
2.354946731225028
 20
6.570156744789712
 10
2.3478353612902128
 20
6.586071721623806
 10
2.340563328546185
 20
6.601795597376363
 10
2.3322129520921
 20
6.6198482836686905
 10
2.323817497165083
 20
6.637998457653766
 10
2.315422042238069
 20
6.6561486316388345
 10
2.3089571815953156
 20
6.670182961437462
 10
2.302239472037431
 20
6.6838712565999066
 10
2.2939128651390144
 20
6.700867009350827
 10
2.2858842242746014
 20
6.71708550781719
 10
2.2773863267667944
 20
6.734040567102101
 10
2.269245110532015
 20
6.750295336329563
 10
2.2609957568933687
 20
6.76640292636503
 10
2.2534291449982438
 20
6.781199117917413
 10
2.247435541426874
 20
6.792474461831483
 10
2.2396099445838806
 20
6.806510305985759
 10
2.230874906761613
 20
6.822228826861882
 10
2.2220288043177776
 20
6.837778342420232
 10
2.213615857827933
 20
6.852580302222594
 10
2.206671772719437
 20
6.864413504924472
 10
2.1980257501101224
 20
6.8785868532527195
 10
2.188753863675862
 20
6.89382470543792
 10
2.1793671332220357
 20
6.908883131939791
 10
2.169999374773503
 20
6.923917552761161
 10
2.1618404098178203
 20
6.936711661273293
 10
2.1523126393880005
 20
6.951231874973063
 10
2.1423404775588524
 20
6.9664518486029285
 10
2.1322802701894568
 20
6.9815120896075165
 10
2.1226772800575677
 20
6.995896527472351
 10
2.1146349843051673
 20
7.007622390346388
 10
2.1048921616689023
 20
7.021356654445383
 10
2.0946458834532335
 20
7.035832409244022
 10
2.0843018355609875
 20
7.050100726937074
 10
2.0741180608456107
 20
7.064155319269248
 10
2.065489634675216
 20
7.075764438510703
 10
2.055147852943448
 20
7.089252558049549
 10
2.0460243469890345
 20
7.101214621370033
 10
2.036719141411104
 20
7.112750858701878
 10
2.0258532951068573
 20
7.126257732750905
 10
2.0165621637813866
 20
7.137535196691604
 10
2.005526202903596
 20
7.150537081576246
 10
1.9967340310322639
 20
7.160981295895508
 10
1.987761615814438
 20
7.17087507306735
 10
1.9774214559816907
 20
7.1823579707987975
 10
1.970121201462567
 20
7.190137780358903
 10
1.9596205073575943
 20
7.20074494606192
 10
1.9512808551885668
 20
7.209311786002729
 10
1.9427894472524292
 20
7.217191725985701
 10
1.9319878235590564
 20
7.227349620816413
 10
1.924968112580151
 20
7.233651250944576
 10
1.914079132532546
 20
7.2428314982871
 10
1.9081962290508216
 20
7.248046137461904
 10
1.9022536651462936
 20
7.252310187931459
 10
1.891845854949187
 20
7.260175981126715
 10
1.8869909488120695
 20
7.263617897317733
 10
1.8765838508902024
 20
7.270317093434023
 10
1.8746752369179562
 20
7.271990138773693
 10
1.8730063385642428
 20
7.272483157738927
 10
1.8638258569122454
 20
7.27749700507528
 10
1.8631627854111754
 20
7.2778611271273475
 10
1.854338982907308
 20
7.281461593790361
 10
1.8576231226019053
 20
7.280763282361228
 10
1.8616231532814145
 20
7.278898203642214
 10
1.8540924366131992
 20
7.281263281966643
 10
1.8581040489602692
 20
7.2803627600405125
 10
1.8511684635386954
 20
7.281373447560361
 10
1.8559427317036878
 20
7.281269279000913
 10
1.8616005444908077
 20
7.280228584212969
 10
1.852641904209576
 20
7.28081316591848
 10
1.8543814010430801
 20
7.280845600868711
 10
1.8460387660769357
 20
7.280268093474413
 10
1.8458291955037935
 20
7.280720166434792
 10
1.8464281786476573
 20
7.2803402980336545
 10
1.833528683568899
 20
7.278479881629389
 10
1.8269982050646068
 20
7.2773314527685065
 10
1.8143994886415369
 20
7.274591254613001
 10
1.8022434874141775
 20
7.272075121165884
 10
1.790462456478876
 20
7.269056777253907
 10
1.7801781499254115
 20
7.26657166260411
 10
1.7798535813315173
 20
7.2665061781936835
 10
1.770900426159271
 20
7.263214226035909
 10
1.7797566613325364
 20
7.267441328261889
 10
1.789730218053286
 20
7.271446362917893
 10
1.7826823922372548
 20
7.267912354728321
 10
1.7858457841348336
 20
7.269832229831076
 10
1.7796869192578177
 20
7.2654469929618575
 10
1.7809287001359402
 20
7.266967109986237
 10
1.783176686881347
 20
7.268116630658665
 10
1.7749501160451833
 20
7.261299199479059
 10
1.773754130246182
 20
7.260229641086258
 10
1.7665025792346118
 20
7.252803372351378
 10
1.7627841455720206
 20
7.249449259725312
 10
1.7599528457624514
 20
7.245773481201935
 10
1.751811410258523
 20
7.236427520116553
 10
1.7487305451678077
 20
7.232615953493629
 10
1.7415197728959129
 20
7.222824402227285
 10
1.7383197049010235
 20
7.218975608980242
 10
1.7360211639022538
 20
7.214899960558885
 10
1.7289871652736242
 20
7.203988966744613
 10
1.7258821535819266
 20
7.198791883022638
 10
1.7197831766471856
 20
7.18757970440851
 10
1.716087287487406
 20
7.181254834513855
 10
1.7132244941657673
 20
7.174786039881773
 10
1.7074698270467898
 20
7.162743795686487
 10
1.7048021082144116
 20
7.156661339629601
 10
1.7000182829036499
 20
7.144510031747284
 10
1.6970889407130325
 20
7.137663624404203
 10
1.694993866653871
 20
7.130759234581373
 10
1.6906157756383655
 20
7.117645592106945
 10
1.688422999926037
 20
7.110355615564505
 10
1.6849688250014923
 20
7.097234066345057
 10
1.6829339442321172
 20
7.09036669963425
 10
1.6817488930226605
 20
7.083564398813225
 10
1.6789509812704009
 20
7.069916245577472
 10
1.6775926012846356
 20
7.0621363090139315
 10
1.6756905431191265
 20
7.048548883028497
 10
1.6744507131846071
 20
7.041212357594034
 10
1.6740377887677045
 20
7.034040842700041
 10
1.6728364158445828
 20
7.019887271016239
 10
1.672355197153733
 20
7.011419358707899
 10
1.6720043785623664
 20
6.997393257256161
 10
1.671611101413085
 20
6.989072998073383
 10
1.671989077085745
 20
6.980990568854864
 10
1.6723339856107378
 20
6.967204268458538
 10
1.6727571981128646
 20
6.959571403976828
 10
1.6739771197492261
 20
6.945997911124636
 10
1.6745213289928174
 20
6.937796931159397
 10
1.6758157984121491
 20
6.929871930807263
 10
1.677821120548123
 20
6.915645961585681
 10
1.6792772874998678
 20
6.907035136761537
 10
1.682071247123032
 20
6.893125890201552
 10
1.6834803860241006
 20
6.88514952371562
 10
1.6856138778816772
 20
6.877513563989375
 10
1.6890728876052628
 20
6.8639334309539395
 10
1.6912488608586098
 20
6.856331757630636
 10
1.6954704315189466
 20
6.843263362165173
 10
1.6974710496313405
 20
6.8363629095318865
 10
1.7001623962069607
 20
6.829947046184471
 10
1.7052566470427861
 20
6.816729488352695
 10
1.7084882014153502
 20
6.80900471777383
 10
1.7142976647395758
 20
6.796276038537798
 10
1.7198718575119223
 20
6.783848099348947
 10
1.725860266763394
 20
6.771721181081097
 10
1.733105741727133
 20
6.756902808078322
 10
1.738996057018448
 20
6.745349818800502
 10
1.7466986852332096
 20
6.73089514408054
 10
1.7532344648161524
 20
6.7185122140443365
 10
1.7601352828586223
 20
6.706457624817575
 10
1.7692868753791036
 20
6.69037299660779
 10
1.7778656774687243
 20
6.675523927270618
 10
1.7872483122362994
 20
6.659545078787775
 10
1.794506367695541
 20
6.64710774418379
 10
1.802108460910181
 20
6.634974881420184
 10
1.8121979580457774
 20
6.61879203980435
 10
1.8219105328679785
 20
6.603352099004317
 10
1.8321433230663278
 20
6.5872410972692075
 10
1.841242799436062
 20
6.572892967071369
 10
1.8505305739869844
 20
6.558735040537842
 10
1.8609002653011544
 20
6.542913345793872
 10
1.8707712049932743
 20
6.52801137222638
 10
1.8812899806515246
 20
6.512311440537602
 10
1.8913838825357776
 20
6.49723593095755
 10
1.9015987636612488
 20
6.482278480151435
 10
1.912440472221545
 20
6.466399233259678
 10
1.922906268134627
 20
6.451185600631592
 10
1.933851313466651
 20
6.4354029863457916
 10
1.9449152816266118
 20
6.419446882463386
 10
1.9560175147215726
 20
6.403530119937699
 10
1.9671929723527506
 20
6.387508936187013
 10
1.9781296596405666
 20
6.371901505289751
 10
1.9893634593866336
 20
6.355948432655968
 10
2.0005421549477216
 20
6.340072442449654
 10
2.0117584267838042
 20
6.324236632192187
 10
2.023146190592855
 20
6.308159623969242
 10
2.034383855024878
 20
6.292339701954396
 10
2.0458099743765175
 20
6.276303926344423
 10
2.057217320976516
 20
6.260294071532492
 10
2.0686468358026926
 20
6.244307702932727
 10
2.080370808636053
 20
6.227910200701835
 10
2.092190096669455
 20
6.211352102927618
 10
2.1038990512487077
 20
6.194919256389315
 10
2.1155036090774795
 20
6.178632859712383
 10
2.1271081669062486
 20
6.162346463035456
 10
2.1388784459933343
 20
6.145827319640052
 10
2.1508043998639854
 20
6.1290421256176995
 10
2.1625410516044092
 20
6.1124729268158235
 10
2.1744358852460484
 20
6.0956795324259065
 10
2.1862915775724763
 20
6.078845306245183
 10
2.1978113396701464
 20
6.062485644336673
 10
2.2093248993638896
 20
6.046134790466045
 10
2.2208384590576284
 20
6.029783936595422
 10
2.2332130548264586
 20
6.012205698637507
 10
2.2454859793142483
 20
5.9945172029380265
 10
2.2569949048118945
 20
5.977920065399484
 10
2.2685763527882146
 20
5.961190311015136
 10
2.2800484883178056
 20
5.9445880992681515
 10
2.292921983712833
 20
5.925943155038146
 10
2.3056054312392504
 20
5.907102481810188
 10
2.316793253252694
 20
5.890461104118553
 10
2.3279505596023737
 20
5.873865110802722
 10
2.3391078659520543
 20
5.857269117486888
 10
2.3517372375403287
 20
5.838468676524488
 10
2.364176597955254
 20
5.819472833042425
 10
2.375338194532497
 20
5.8024043132464085
 10
2.386645111967572
 20
5.785053503497012
 10
2.3977374449358235
 20
5.767966718772452
 10
2.4100595342461943
 20
5.748970147163535
 10
2.4221910791123955
 20
5.72977828128507
 10
2.4333779604538908
 20
5.712053466464416
 10
2.444983266825508
 20
5.693493403795204
 10
2.456029323828661
 20
5.675645510760779
 10
2.4678206990883806
 20
5.656577901133799
 10
2.479435839926526
 20
5.637334618322212
 10
2.490452475954468
 20
5.619055193602134
 10
2.502049061948975
 20
5.5995505664490866
 10
2.512868488232406
 20
5.581080901209588
 10
2.524264292172728
 20
5.561607133892665
 10
2.535471330656371
 20
5.541945721379638
 10
2.54625101053692
 20
5.522997768768233
 10
2.557771317753669
 20
5.502364359676972
 10
2.568279580267236
 20
5.483151856243127
 10
2.5791968463436867
 20
5.46316343396882
 10
2.5899010527822437
 20
5.442980023957194
 10
2.6002979486026385
 20
5.42332969442842
 10
2.611565227588895
 20
5.401510192322955
 10
2.6216225304444105
 20
5.381500448155463
 10
2.632004480957069
 20
5.360803110533205
 10
2.6421289877633054
 20
5.339901769395659
 10
2.6519555632601213
 20
5.319555211367586
 10
2.662707170303824
 20
5.2966155392616665
 10
2.6721223459106764
 20
5.2758423980870655
 10
2.6818852157800546
 20
5.254239544271261
 10
2.6913352921227167
 20
5.232399067870799
 10
2.7005033593348955
 20
5.21111760295663
 10
2.7106316080449933
 20
5.186662858515476
 10
2.7192492412642513
 20
5.164921331652988
 10
2.7285569356066715
 20
5.141306439839901
 10
2.737373400155329
 20
5.117360999313911
 10
2.7452224063217243
 20
5.095887662831237
 10
2.7537650012215003
 20
5.071574644359222
 10
2.761102811997788
 20
5.049733907717963
 10
2.7699725196905884
 20
5.023048000729963
 10
2.7780282203512257
 20
4.995869899397724
 10
2.7844287060974757
 20
4.973942547017952
 10
2.791273683323436
 20
4.949397859314109
 10
2.7971286409711884
 20
4.927296593065715
 10
2.804622375507723
 20
4.898524899896667
 10
2.8110633039892527
 20
4.869233767865768
 10
2.8158225142812277
 20
4.847036338411301
 10
2.8208204942304014
 20
4.822373071594906
 10
2.8250575030614447
 20
4.8000503763181595
 10
2.830603719876437
 20
4.7700732895978595
 10
2.834958708187677
 20
4.739618622266565
 10
2.837883912952347
 20
4.718312461951323
 10
2.8408274197482855
 20
4.695922755025529
 10
2.8434781289374023
 20
4.674734511527665
 10
2.847000917735209
 20
4.6457491851503345
 10
2.8494824965433634
 20
4.616429393773154
 10
2.8511762469022504
 20
4.595286274611377
 10
2.8528384064106542
 20
4.573263828898371
 10
2.8543190065086512
 20
4.552217335169922
 10
2.856223792302075
 20
4.52394925194681
 10
2.8571882192135263
 20
4.495431320762626
 10
2.8578174242210985
 20
4.474433888687483
 10
2.8583855149594335
 20
4.452744826597066
 10
2.8588459167643356
 20
4.43186003608297
 10
2.859376976383665
 20
4.405659162024341
 10
2.8592318708418913
 20
4.379287912890945
 10
2.8590613592434666
 20
4.358118874452049
 10
2.858779345598541
 20
4.3359984751576075
 10
2.8584007890766236
 20
4.3148858140316815
 10
2.8579222420988297
 20
4.289917755833411
 10
2.856911790677771
 20
4.264827487052771
 10
2.8560308511929398
 20
4.243911978525153
 10
2.855037931546818
 20
4.2222585228216145
 10
2.853996235304332
 20
4.201406338423806
 10
2.8527456153939434
 20
4.176883217772079
 10
2.851008805058417
 20
4.152258784671736
 10
2.8495304681316793
 20
4.131769909841496
 10
2.8479876267671425
 20
4.110949874464813
 10
2.8464309312037157
 20
4.0905456153109245
 10
2.8446110908724975
 20
4.066908839268513
 10
2.842401536186685
 20
4.043201395784472
 10
2.840435233739075
 20
4.022375190426676
 10
2.8383099320378387
 20
4.000747929552061
 10
2.8361760102475007
 20
3.97994297619565
 10
2.8338756415347306
 20
3.957595824605843
 10
2.8313224555361827
 20
3.9352077438122417
 10
2.828941943550148
 20
3.9144582415167886
 10
2.8263818327530443
 20
3.892873597183062
 10
2.8238296877539346
 20
3.872113598987693
 10
2.821236689893636
 20
3.851044146589651
 10
2.81852083462964
 20
3.8299553126592936
 10
2.815825453282377
 20
3.809075670231562
 10
2.8128837294163307
 20
3.787111345649586
 10
2.8099666563197907
 20
3.766173396375814
 10
2.8070919652892763
 20
3.745556324713479
 10
2.8041361553832957
 20
3.7249274518052284
 10
2.801147283221385
 20
3.704098186500891
 10
2.7978949098980292
 20
3.6821759023632374
 10
2.794681833226427
 20
3.661280797904022
 10
2.79165056061408
 20
3.6415775563973587
 10
2.788625383804416
 20
3.6218751609141977
 10
2.785461247711069
 20
3.601272223448141
 10
2.7820653015055963
 20
3.5797292822629356
 10
2.77870896677212
 20
3.5590390598933466
 10
2.775516357413398
 20
3.5393646367494345
 10
2.772330188807648
 20
3.5196911749214004
 10
2.7690021358230474
 20
3.4991453692736068
 10
2.7654434271761117
 20
3.4776951894739847
 10
2.7619296355430034
 20
3.4570665477064497
 10
2.758570708451451
 20
3.4373528446572226
 10
2.755211781359898
 20
3.417639141607988
 10
2.751847245543626
 20
3.397892528492769
 10
2.7484731986499327
 20
3.3781088605935876
 10
2.7451012227959275
 20
3.3583587061443447
 10
2.74167878979742
 20
3.338313821733015
 10
2.7382231104627333
 20
3.318264416561499
 10
2.734823631767944
 20
3.298547439428508
 10
2.7314258652182004
 20
3.2788403934399937
 10
2.728028098668458
 20
3.2591333474514883
 10
2.7246303321187164
 20
3.2394263014629883
 10
2.7212325655689735
 20
3.2197192554744793
 10
2.717867912011817
 20
3.20020452853814
 10
2.7145589992917767
 20
3.1809070922309988
 10
2.711237684385038
 20
3.1614137867436303
 10
2.708013910517283
 20
3.142497890532604
 10
2.7048684927867814
 20
3.1235983457644063
 10
2.701624185415152
 20
3.1040932049585392
 10
2.6984296575885565
 20
3.084777350336487
 10
2.6952238573032767
 20
3.0652651400430346
 10
2.692123123749847
 20
3.0463983671984654
 10
2.6891067731055225
 20
3.027547519094838
 10
2.686076418510464
 20
3.0086027745260084
 10
2.683250251929155
 20
2.990504281380444
 10
2.6803840922014546
 20
2.9716195389611486
 10
2.6775127157426892
 20
2.952712729319923
 10
2.6747252047359282
 20
2.9338230146835547
 10
2.6719817611778898
 20
2.9152313480423997
 10
2.6695277674564073
 20
2.8979323271433888
 10
2.667028612162856
 20
2.8794524403224617
 10
2.6644620852789624
 20
2.8604974227071644
 10
2.6619787139694537
 20
2.8415606507468936
 10
2.659638006701501
 20
2.8237351080680546
 10
2.6577391131148604
 20
2.8081226332513594
 10
2.655796236334628
 20
2.7905105445377556
 10
2.6537731356969525
 20
2.772257597433799
 10
2.651902539758808
 20
2.7540466455967016
 10
2.650125294116884
 20
2.7368055285528254
 10
2.648827297344539
 20
2.7224467640594483
 10
2.647544755735686
 20
2.705468215734538
 10
2.646317282356142
 20
2.6896088702452148
 10
2.6454430839740093
 20
2.6738752342877006
 10
2.644427521210533
 20
2.655843158664501
 10
2.643656967681424
 20
2.63970484963411
 10
2.642980455935357
 20
2.6217714902184515
 10
2.642474377219595
 20
2.611200312131744
 10
2.6426432546741547
 20
2.600974595623822
 10
2.642757318901761
 20
2.584881995675211
 10
2.643056874915535
 20
2.5725542791019995
 10
2.6437764363341905
 20
2.5566850196528224
 10
2.6442155727377923
 20
2.544918276748293
 10
2.6452438428699265
 20
2.5334831646080853
 10
2.6464908362167634
 20
2.518405474937985
 10
2.647557135160631
 20
2.5082806510688433
 10
2.6495075392521876
 20
2.4936455516673917
 10
2.6510685424647518
 20
2.481227037974901
 10
2.653150787563552
 20
2.469161045952811
 10
2.655913232221812
 20
2.452688510733772
 10
2.658338889749216
 20
2.4394162512933257
 10
2.661592524423161
 20
2.423220671161128
 10
2.663982542453052
 20
2.410934758928054
 10
2.666871308536873
 20
2.39902579069564
 10
2.670520317493313
 20
2.3836288443149525
 10
2.6733939466310317
 20
2.3724545717697367
 10
2.6775940319857368
 20
2.3575796126754365
 10
2.680222175335979
 20
2.3477919622616783
 10
2.6834048458647484
 20
2.3385529821067697
 10
2.6880020779688776
 20
2.32466836724916
 10
2.6911211615188972
 20
2.3159710324219156
 10
2.6963449960365296
 20
2.302702189811117
 10
2.6991995156985884
 20
2.294947841001592
 10
2.7025928049053944
 20
2.2878917955494558
 10
2.7080735029717236
 20
2.275817318787952
 10
2.710936794028973
 20
2.26999625127743
 10
2.717054382053043
 20
2.2587413003593277
 10
2.7189610546343115
 20
2.254600205471146
 10
2.721324683874309
 20
2.2514018335546817
 10
2.7279770385703213
 20
2.2408849801792514
 10
2.73078803877328
 20
2.2367562608714957
 10
2.738000584561429
 20
2.227177262509412
 10
2.7409912257841844
 20
2.222729828085775
 10
2.7443400180923296
 20
2.2192058607559195
 10
2.7520571491776598
 20
2.210130625419739
 10
2.7545758492006325
 20
2.2073758253104017
 10
2.7626738434502482
 20
2.199425016584968
 10
2.7663536344912694
 20
2.1954036608903214
 10
2.7702557008308966
 20
2.1923422099633645
 10
2.7803730553829467
 20
2.1835325029795474
 10
2.785761449569706
 20
2.1791184438746756
 10
2.7961889255291648
 20
2.171230885237159
 10
2.802876485624247
 20
2.1659321401110962
 10
2.8097278899637
 20
2.1614525692899886
 10
2.822502180202184
 20
2.152757185986175
 10
2.831746816383383
 20
2.146738807942984
 10
2.8447178787777445
 20
2.1387433643263973
 10
2.8555598608091732
 20
2.1319621659580905
 10
2.866489019506366
 20
2.125771853747561
 10
2.881630995170691
 20
2.117112026146816
 10
2.894772179566976
 20
2.109790542643627
 10
2.9100561212159337
 20
2.1015325405912453
 10
2.9260259870900835
 20
2.092889770313687
 10
2.942020735500817
 20
2.0844206779541725
 10
2.9564938193981067
 20
2.076741650083475
 10
2.9675394147589667
 20
2.0711234902642706
 10
2.981902519121938
 20
2.0641867790813984
 10
2.990565705014314
 20
2.059850943964261
 10
2.9992036215789533
 20
2.056308232336182
 10
3.0129214800865287
 20
2.050464537134497
 10
3.0221022059860565
 20
2.0468038614516844
 10
3.035838982141939
 20
2.041772923125401
 10
3.045150433644744
 20
2.038212056488498
 10
3.0543841424602425
 20
2.0354170708880392
 10
3.0689993631064647
 20
2.030797885188198
 10
3.0792769694269904
 20
2.0277890460657404
 10
3.093839546050673
 20
2.023929288771577
 10
3.1045478959757036
 20
2.0209730616532418
 10
3.115129591355558
 20
2.018711352237852
 10
3.130972115679718
 20
2.0151907149117907
 10
3.1432933509930603
 20
2.0126708540555036
 10
3.159090629765929
 20
2.0097675348385153
 10
3.1714299950210103
 20
2.007419073631092
 10
3.1836144529849655
 20
2.0056695574275523
 10
3.1997360621953863
 20
2.003273148717817
 10
3.2122892349408354
 20
2.001622014411437
 10
3.228303449361384
 20
1.9998354585567966
 10
3.2411684138103567
 20
1.9983271232962823
 10
3.253862418588916
 20
1.997380101444088
 10
3.2702227643430324
 20
1.9960881479457915
 10
3.282980481514745
 20
1.9952898600158924
 10
3.2991153528062687
 20
1.9945959406841387
 10
3.312498703611961
 20
1.9939546056354023
 10
3.3256831701101053
 20
1.9938343473390554
 10
3.342282936394233
 20
1.9936232800096414
 10
3.3554784800356168
 20
1.9936591801900336
 10
3.371857335458827
 20
1.9940021382108761
 10
3.3852627335137746
 20
1.9942191292869462
 10
3.398427967573249
 20
1.994942442709985
 10
3.4149866097346493
 20
1.9957932443638962
 10
3.428134837908631
 20
1.9966733552263058
 10
3.444452393346921
 20
1.9980650153308241
 10
3.458213104945065
 20
1.9991802870640394
 10
3.471732661066387
 20
2.0007637049605878
 10
3.488224323146666
 20
2.0026429761547506
 10
3.501261032288592
 20
2.004334226197528
 10
3.517439083157312
 20
2.0067358582805213
 10
3.530622173048201
 20
2.00862696506588
 10
3.543489511717148
 20
2.0109932095701293
 10
3.559768316580205
 20
2.0139256026772845
 10
3.572600662385724
 20
2.0164445378496096
 10
3.588537282689162
 20
2.0198829358398904
 10
3.6010042393831245
 20
2.022496462654062
 10
3.613087670682465
 20
2.0255901652172077
 10
3.6286643672160976
 20
2.0295002328272966
 10
3.6404022347169382
 20
2.032671101850097
 10
3.655600053679094
 20
2.0371250156564025
 10
3.664961907676223
 20
2.0397259750836514
 10
3.6737901942324145
 20
2.0429029298462367
 10
3.6846990852182326
 20
2.046602796372239
 10
3.6869964401156845
 20
2.0474724465643606
 10
3.696681033847993
 20
2.0518659576103375
 10
3.7012897125838373
 20
2.0536105622109564
 10
3.705051430498915
 20
2.0559057620926473
 10
3.7167510767572787
 20
2.0620886160566028
 10
3.7225165509480145
 20
2.065366577560912
 10
3.7334618653682603
 20
2.072183779506885
 10
3.7415799441260447
 20
2.0770347277119003
 10
3.7490417227834625
 20
2.082320689775299
 10
3.7620782403101636
 20
2.0912858241364347
 10
3.7716345729254876
 20
2.098126796466277
 10
3.7841302821816045
 20
2.107503335187076
 10
3.7951035252613097
 20
2.115653890704643
 10
3.8055892048884408
 20
2.124057036308455
 10
3.819023526938164
 20
2.1347600340227197
 10
3.830242456829924
 20
2.143929583544655
 10
3.843310728483714
 20
2.154929557404702
 10
3.8559625073191857
 20
2.165547678356865
 10
3.868333691575964
 20
2.176318125042678
 10
3.8823729385708976
 20
2.188530122659417
 10
3.895340334578168
 20
2.1999489460637562
 10
3.909180317051543
 20
2.2123080306714975
 10
3.9225723437847084
 20
2.2242572886386713
 10
3.935793359073776
 20
2.2362983542831474
 10
3.9504307184318
 20
2.2496301978764603
 10
3.964995203710233
 20
2.262912436116438
 10
3.9796487291170655
 20
2.2762952322851198
 10
3.9946197073449983
 20
2.2899677920243673
 10
4.009615257658036
 20
2.3036272253618577
 10
4.024623079485789
 20
2.317296375588362
 10
4.039892122934196
 20
2.33116511779421
 10
4.054966102401197
 20
2.3448133603867403
 10
4.071495123250843
 20
2.359770473637609
 10
4.088231388319241
 20
2.3746062317917294
 10
4.104316914308595
 20
2.3888441668265594
 10
4.121664695705933
 20
2.4039975128260958
 10
4.138056452432814
 20
2.418101122862233
 10
4.155653064555725
 20
2.433221079552059
 10
4.173550276748175
 20
2.4481678948492225
 10
4.190405359841904
 20
2.462208735683419
 10
4.208908480600169
 20
2.4773594706735658
 10
4.226135796990874
 20
2.4911921216282003
 10
4.246101621587126
 20
2.507169112039048
 10
4.266598873073123
 20
2.522799420791577
 10
4.2852894162608655
 20
2.536966161159039
 10
4.3070213326372055
 20
2.55293368067325
 10
4.326367751589173
 20
2.5666573654746156
 10
4.348763820237659
 20
2.5824422535563363
 10
4.3718432787927775
 20
2.5976885198244783
 10
4.392155235159929
 20
2.6109804687126816
 10
4.416370126482749
 20
2.6262001754385573
 10
4.437449652043074
 20
2.6388571261845906
 10
4.462696315131979
 20
2.6538611469825137
 10
4.4887721409560175
 20
2.668076217009794
 10
4.51105644514755
 20
2.680046524767474
 10
4.538365295838364
 20
2.69393248975388
 10
4.5615319299605
 20
2.7049939626874933
 10
4.5896056388666
 20
2.718189312462276
 10
4.618597706261215
 20
2.7303328475667956
 10
4.643174732153707
 20
2.7403924554512704
 10
4.674223199793718
 20
2.75210835672378
 10
4.699805204230603
 20
2.760877665501377
 10
4.731862001318211
 20
2.7715528210555904
 10
4.764875767646854
 20
2.7806790783603845
 10
4.789816159628513
 20
2.787305675590035
 10
4.820373695468914
 20
2.7946387200075526
 10
4.8458920053596
 20
2.800047322887793
 10
4.8706590914250585
 20
2.805219649248007
 10
4.895732229838278
 20
2.809873557265878
 10
4.91820546236303
 20
2.813984547005676
 10
4.943502697833408
 20
2.818293883570777
 10
4.966241204559802
 20
2.821848982247861
 10
4.991347991212056
 20
2.8257275795479893
 10
5.016717228619793
 20
2.8290578179838155
 10
5.039510811272176
 20
2.831989657375021
 10
5.06533965416732
 20
2.834973962548699
 10
5.088423335391236
 20
2.8373037327739867
 10
5.1140104384237555
 20
2.839834111606388
 10
5.13986496897677
 20
2.841767877876473
 10
5.163013504610659
 20
2.843430737432661
 10
5.189380036501015
 20
2.8449602796641997
 10
5.212775884790365
 20
2.845956671997987
 10
5.238076632507884
 20
2.8469859276598393
 10
5.263589937075132
 20
2.8474509902944316
 10
5.2863436814835145
 20
2.8478073680575067
 10
5.31186445662491
 20
2.8479052847834527
 10
5.33482290508962
 20
2.84768602041788
 10
5.3601538883379485
 20
2.8473992254743865
 10
5.3856738747340955
 20
2.846536427556495
 10
5.408225719086488
 20
2.8457163876362688
 10
5.433266977283316
 20
2.8445316657288635
 10
5.455930260206457
 20
2.8431804971241315
 10
5.480423133977576
 20
2.841686625409583
 10
5.505061907898928
 20
2.839703464836052
 10
5.526949011626076
 20
2.837897798229605
 10
5.550699250728173
 20
2.8357403381735806
 10
5.572654179215204
 20
2.833536646839187
 10
5.595797148658988
 20
2.8311957889542447
 10
5.619020745987984
 20
2.8285111761604753
 10
5.640575047937523
 20
2.8259928222795847
 10
5.663817298474635
 20
2.8231034491090456
 10
5.685462888439207
 20
2.8202271987772756
 10
5.707345139758067
 20
2.8173103227324665
 10
5.729282618577507
 20
2.8141777334440556
 10
5.750560536254484
 20
2.8111233815344034
 10
5.773372717495586
 20
2.80769537683453
 10
5.794761957725244
 20
2.804314548224027
 10
5.816047657162767
 20
2.8009439579701225
 10
5.837365456575079
 20
2.797414140745436
 10
5.857975449097342
 20
2.7939922169661933
 10
5.879482543876143
 20
2.7903347797015288
 10
5.900148276659154
 20
2.786723626307495
 10
5.921038401421302
 20
2.7830703537226062
 10
5.9419539038412665
 20
2.7792933458991755
 10
5.962474586178237
 20
2.775580490595625
 10
5.98385944197045
 20
2.771627640227572
 10
6.004431732979625
 20
2.767732113714161
 10
6.024870694491311
 20
2.763860007565561
 10
6.045324859170486
 20
2.7599062791549707
 10
6.0653671664794615
 20
2.7560282622592363
 10
6.085812114770666
 20
2.752033920317545
 10
6.105870062026313
 20
2.748071592751175
 10
6.1259592757086345
 20
2.744102571904727
 10
6.146059075575
 20
2.7400848430662568
 10
6.165876625552228
 20
2.7361212891634086
 10
6.1858911841944755
 20
2.732099518281448
 10
6.205712983878725
 20
2.728094766183176
 10
6.226099436038221
 20
2.7239751012010855
 10
6.246501804185408
 20
2.7197736810091433
 10
6.266345478121002
 20
2.7156833914180423
 10
6.286419194869658
 20
2.7115229608253393
 10
6.306261394032721
 20
2.7073841857399445
 10
6.325756218443508
 20
2.7033177722894797
 10
6.345249412153926
 20
2.6992596981750614
 10
6.364863286654109
 20
2.6951768081225875
 10
6.384525525517018
 20
2.6910800084324715
 10
6.404147891891499
 20
2.6869870021375006
 10
6.424033739086357
 20
2.682838913956175
 10
6.443925902959052
 20
2.678658864413655
 10
6.463547647750156
 20
2.6745342918397577
 10
6.483202596234557
 20
2.6703988757964265
 10
6.502817465631254
 20
2.6662673211467056
 10
6.521995414639493
 20
2.6622276026407925
 10
6.541164093111644
 20
2.6582277941629657
 10
6.561286244624589
 20
2.654030138895951
 10
6.582072278479685
 20
2.649635552541607
 10
6.6022825479841964
 20
2.645296469130887
 10
6.628398940485216
 20
2.639634227330939
 10
6.6546229491919116
 20
2.6331835432215023
 10
6.674851915208682
 20
2.6281364342718856
 10
6.695439914141726
 20
2.622941361152546
 10
6.715461042422556
 20
2.61782309775963
 10
6.744760103706149
 20
2.610203971783
 10
6.774172934357508
 20
2.6012781283951667
 10
6.795015603796603
 20
2.5948092032750236
 10
6.816901187571242
 20
2.5878638134800007
 10
6.837440932870017
 20
2.5811786283171534
 10
6.859018263194441
 20
2.5741433939163025
 10
6.880627433178759
 20
2.566811146122941
 10
6.902583114213936
 20
2.5593261299643992
 10
6.92774590598635
 20
2.550348081496141
 10
6.949881726660094
 20
2.542040205358597
 10
6.969801988281645
 20
2.534546748661848
 10
6.9897315483717914
 20
2.5269160465132856
 10
7.009432741166335
 20
2.5193632563404162
 10
7.03020250690058
 20
2.511284409626144
 10
7.049954863228307
 20
2.5034703814581034
 10
7.071768912740551
 20
2.4948233722797064
 10
7.093598368419382
 20
2.4857860556779645
 10
7.112515435997951
 20
2.4779243140609917
 10
7.131634905782807
 20
2.4699439847995213
 10
7.150438242644128
 20
2.4620549561508644
 10
7.170607770194472
 20
2.4535880299764066
 10
7.190778094533753
 20
2.444919476660837
 10
7.2102454624000965
 20
2.4365384532814542
 10
7.230822069055333
 20
2.427552330152168
 10
7.250321863638585
 20
2.4188928014263302
 10
7.26874848280428
 20
2.410707637972072
 10
7.287175958297904
 20
2.402505031164732
 10
7.305939783716615
 20
2.3941514703309306
 10
7.3252505890809365
 20
2.3854964605443327
 10
7.344049644143543
 20
2.3770044178441814
 10
7.3639269972132
 20
2.368020481407406
 10
7.3838053413961715
 20
2.3588393269667858
 10
7.402263811811879
 20
2.35030119137605
 10
7.420915819579466
 20
2.3416461929951224
 10
7.439322550229085
 20
2.3330727613739985
 10
7.456961020133628
 20
2.324856672257488
 10
7.4745980725723
 20
2.316696441800736
 10
7.49350924242898
 20
2.307948018276593
 10
7.513345487237031
 20
2.2986741821220487
 10
7.532356558003542
 20
2.2896747618099376
 10
7.550919167602161
 20
2.2808858896427675
 10
7.56948321809845
 20
2.2720392421658584
 10
7.587325367824008
 20
2.2635334751553313
 10
7.604875725495871
 20
2.255192996765715
 10
7.622671447783438
 20
2.246767712223881
 10
7.641565224225881
 20
2.2378213578216912
 10
7.660460239849565
 20
2.2287776291018315
 10
7.67853497716105
 20
2.2201209945732723
 10
7.696570947473797
 20
2.2114829245343515
 10
7.714606917786547
 20
2.2028448544954284
 10
7.732972173232582
 20
2.19404890409776
 10
7.751338419075694
 20
2.1852139931981562
 10
7.7692191814117795
 20
2.1766105723630425
 10
7.786901380233992
 20
2.168120397959961
 10
7.804747738542339
 20
2.159573197548087
 10
7.823269852549968
 20
2.1507019167085
 10
7.841795062249082
 20
2.141772053722668
 10
7.8596021818603035
 20
2.133184980021348
 10
7.877114131203266
 20
2.1247663291361265
 10
7.894869813849036
 20
2.116262624895655
 10
7.912905784161783
 20
2.1076245548567347
 10
7.930941754474535
 20
2.0989864848178112
 10
7.948977724787276
 20
2.090348414778893
 10
7.967013695100024
 20
2.0817103447399714
 10
7.985049665412778
 20
2.0730722747010475
 10
8.002270858506922
 20
2.0648233670365386
 10
8.019485229167278
 20
2.0566695916063646
 10
8.037517104221333
 20
2.0481323793085946
 10
8.055591511621166
 20
2.0395750271325666
 10
8.073665919020993
 20
2.0310176749565425
 10
8.091410600789983
 20
2.022616258651037
 10
8.10915204751386
 20
2.0142539672087096
 10
8.127224142411286
 20
2.0057376929022697
 10
8.145313998968565
 20
1.9972130481086854
 10
8.163403855525848
 20
1.9886884033150982
 10
8.179855658585787
 20
1.9809314170242172
 10
8.196292595332666
 20
1.9733602424794006
 10
8.21430155416447
 20
1.9650697772436925
 10
8.232308861215355
 20
1.9567883096822225
 10
8.250392918128862
 20
1.9484815792842913
 10
8.269050759171803
 20
1.9399109045550171
 10
8.287713559006011
 20
1.931281789195355
 10
8.305190261271333
 20
1.9231970832293075
 10
8.32180382269484
 20
1.9155850126524931
 10
8.339154162836556
 20
1.9077308656065108
 10
8.35572601312091
 20
1.9002237988796993
 10
8.372276580840508
 20
1.8929034990768976
 10
8.390640114292436
 20
1.88478654842908
 10
8.409279486871164
 20
1.8765292909408349
 10
8.4277503575871
 20
1.8683245645082813
 10
8.44553936941812
 20
1.8604222969443718
 10
8.463323047537976
 20
1.8525764344663378
 10
8.480338277901215
 20
1.8450694795147113
 10
8.49587176020414
 20
1.8383367029357016
 10
8.512724380594184
 20
1.8311963282035708
 10
8.53030668632538
 20
1.823741923187739
 10
8.547876551077369
 20
1.816382541809917
 10
8.566441050058186
 20
1.8086103830057916
 10
8.585242470205134
 20
1.8007207114111525
 10
8.603873391197668
 20
1.7928804265403802
 10
8.620646930822495
 20
1.7858175874589781
 10
8.637392841607022
 20
1.7789407908633637
 10
8.654532788847096
 20
1.7719047339219105
 10
8.67022715766839
 20
1.7655811585343324
 10
8.687251576318992
 20
1.7588848962374741
 10
8.705025201323759
 20
1.7518890976315828
 10
8.72278245336035
 20
1.7449881900316986
 10
8.741377087020679
 20
1.7377658139934464
 10
8.760018142344673
 20
1.7305254040929245
 10
8.778659197668665
 20
1.7232849941924044
 10
8.793249754487631
 20
1.7175941095954768
 10
8.807743407480249
 20
1.7123258726566377
 10
8.825351044004185
 20
1.7059184562726277
 10
8.842023817356598
 20
1.6999422785757068
 10
8.859696340539859
 20
1.6937289372325495
 10
8.87820408748699
 20
1.68721967782832
 10
8.89670259929945
 20
1.6807510504074479
 10
8.91465733391622
 20
1.6744733649863657
 10
8.931532038928113
 20
1.6686587095907133
 10
8.949344875227206
 20
1.662634996520075
 10
8.962968328313762
 20
1.6579876415718815
 10
8.976434250583994
 20
1.6538634513978978
 10
8.994851892724975
 20
1.6481993516840405
 10
9.013082029853026
 20
1.6426321616082622
 10
9.031726301603994
 20
1.6369886097328523
 10
9.050977751974527
 20
1.6311609097800073
 10
9.070232604222856
 20
1.625320700417735
 10
9.085004728337323
 20
1.6208140472806942
 10
9.094410628448477
 20
1.6181661695234826
 10
9.10832713322896
 20
1.6147043498922524
 10
9.126964177684606
 20
1.6100155305511414
 10
9.145575015909907
 20
1.6054073445215489
 10
9.164720605342431
 20
1.6006702298357696
 10
9.183638862076192
 20
1.596011108429989
 10
9.202786722971652
 20
1.5913227383522395
 10
9.211853762975094
 20
1.5889657240533026
 10
9.220468627748714
 20
1.5874429984632579
 10
9.2381603236199
 20
1.5840902237706218
 10
9.254803230533447
 20
1.5810479743920922
 10
9.27282441602804
 20
1.5779077913504729
 10
9.292592699084038
 20
1.5744593630637427
 10
9.31236392246379
 20
1.571003818280714
 10
9.325059746461315
 20
1.5687243653452358
 10
9.329063988647523
 20
1.5681291204724976
 10
9.340195545173952
 20
1.5671258506671883
 10
9.357712306854145
 20
1.5653955284528025
 10
9.375106347348241
 20
1.5638886162578225
 10
9.392434173629226
 20
1.5623853039062425
 10
9.40684686971121
 20
1.5613048781451897
 10
9.423734489502413
 20
1.5603007738450454
 10
9.42844874004247
 20
1.5597428581446233
 10
9.432282190788317
 20
1.5600611652316678
 10
9.450626577380818
 20
1.560354952378523
 10
9.468921426062552
 20
1.5607122455726978
 10
9.487968678070633
 20
1.5611704306531695
 10
9.496718097480333
 20
1.5612314653375785
 10
9.504747066250237
 20
1.561999283191331
 10
9.512579416029581
 20
1.5624735985590634
 10
9.506752625000502
 20
1.5615989146975024
 10
9.51225276221004
 20
1.562970495439731
 10
9.502867695882605
 20
1.5599842234594776
 10
9.491752374727408
 20
1.5571341544528179
 10
9.4946506140075
 20
1.5578967657555154
 10
9.48171976659417
 20
1.551943462798257
 10
9.482693288261569
 20
1.552957579674823
 10
9.473874716895855
 20
1.5467479756564066
 10
9.46349702321744
 20
1.5401777017397213
 10
9.467407327439561
 20
1.5429464493904415
 10
9.459824365393084
 20
1.5360805084156683
 10
9.462116249837823
 20
1.5389126078017066
 10
9.458914556739261
 20
1.5344963433553707
 10
9.454338247853395
 20
1.5297015731305244
 10
9.459553074508335
 20
1.5364727415292279
 10
9.458204894439618
 20
1.5343864970112175
 10
9.462071857962341
 20
1.5412313945896454
 10
9.463259413947268
 20
1.5424544967020926
 10
9.463316774879761
 20
1.5434824033381125
 10
9.468220082646406
 20
1.553542765716029
 10
9.469215813288661
 20
1.555774903011846
 10
9.472886528214035
 20
1.5656983807088851
 10
9.47553900035571
 20
1.5720922585872814
 10
9.477260370770116
 20
1.5782807304644084
 10
9.481512895529871
 20
1.5919075682217705
 10
9.483879782478507
 20
1.600232003935396
 10
9.487232670950998
 20
1.613713097282542
 10
9.489560889651036
 20
1.622362729605442
 10
9.49107802280376
 20
1.6307854543124376
 10
9.494128697415785
 20
1.6463014217632628
 10
9.496195572063625
 20
1.657940657935729
 10
9.498577882621433
 20
1.6733714090172391
 10
9.500407999256767
 20
1.6845365513507875
 10
9.501566624524804
 20
1.695458291063791
 10
9.503407170839772
 20
1.7116767111811007
 10
9.504640617572049
 20
1.7243760219718254
 10
9.50588049751293
 20
1.7404363276822996
 10
9.506977850658437
 20
1.7537930040772804
 10
9.50754644735817
 20
1.766938917436758
 10
9.50833693502298
 20
1.7839322992531634
 10
9.508804584856815
 20
1.7979766170462208
 10
9.509094847855762
 20
1.8147717933231102
 10
9.509422911855687
 20
1.8327251312719774
 10
9.50956798994923
 20
1.8505977000125142
 10
9.509725773560719
 20
1.870316035025434
 10
9.509864342114318
 20
1.8898883673123046
 10
9.50998288939543
 20
1.9096565544300954
 10
9.510102874106874
 20
1.9296540063374963
 10
9.510222858818318
 20
1.9496514582448792
 10
9.510344061077937
 20
1.9698443452323142
 10
9.510485395304023
 20
1.9902666372270073
 10
9.510647146956636
 20
2.010493342380318
 10
9.510804057832544
 20
2.030082747698732
 10
9.510922881726925
 20
2.0496552183316847
 10
9.511043978590331
 20
2.0698306191738665
 10
9.511185285651445
 20
2.0902529113586614
 10
9.511347039434678
 20
2.1104799021355576
 10
9.511503952321613
 20
2.130069593078498
 10
9.511622802809743
 20
2.1496420635248836
 10
9.511743896102915
 20
2.1698168931153727
 10
9.511885175999058
 20
2.1902391854903307
 10
9.512046931912721
 20
2.2104664618908307
 10
9.512203846810873
 20
2.2300564384582455
 10
9.51232272389275
 20
2.2496289087180927
 10
9.51244260160197
 20
2.2696085888535587
 10
9.512562586313415
 20
2.289606040760934
 10
9.512682571024857
 20
2.309603492668335
 10
9.512805192125516
 20
2.3300078721872572
 10
9.512966640786587
 20
2.3504300232486126
 10
9.513125252208066
 20
2.3702509470036093
 10
9.51326395234543
 20
2.389823278369569
 10
9.513382490382261
 20
2.4095900522354383
 10
9.513505109495771
 20
2.429994146129654
 10
9.513666530991873
 20
2.450416297381562
 10
9.513825146840606
 20
2.470237792382246
 10
9.51396387357172
 20
2.4898101235620604
 10
9.514082409739663
 20
2.50957661180251
 10
9.514202394451107
 20
2.5295740637099304
 10
9.514322379162552
 20
2.5495715156173246
 10
9.514443570451029
 20
2.5697627037266377
 10
9.514584743102022
 20
2.5901849968521224
 10
9.514746507424569
 20
2.6104134008718782
 10
9.514903447469603
 20
2.6300069463922338
 10
9.515022672314746
 20
2.649581969523296
 10
9.515143997311162
 20
2.6697550340000964
 10
9.515285459549272
 20
2.690174770145588
 10
9.515447199862583
 20
2.7103999556237763
 10
9.515604109749042
 20
2.7299892204012517
 10
9.515722920558026
 20
2.749561691125996
 10
9.51584280256718
 20
2.7695420830554225
 10
9.515962787278625
 20
2.7895395349628167
 10
9.51608277199007
 20
2.809536986870217
 10
9.516205398043631
 20
2.82994207817949
 10
9.516366914401102
 20
2.850364228765992
 10
9.516525514789656
 20
2.8701837289494314
 10
9.51666414865412
 20
2.889756060779211
 10
9.516782691347473
 20
2.9095235464373017
 10
9.516905315413407
 20
2.9299283521218897
 10
9.51706680460591
 20
2.9503505028989463
 10
9.517225409421716
 20
2.970170574328053
 10
9.517364069879932
 20
2.9897429059717053
 10
9.517482610704874
 20
3.0095101060043925
 10
9.517602595416319
 20
3.0295075579117943
 10
9.517722580127764
 20
3.0495050098191885
 10
9.517843776012082
 20
3.0696969097210562
 10
9.517985016359484
 20
3.090119202372759
 10
9.518146775374433
 20
3.1103468946048496
 10
9.518303693201007
 20
3.1299372870052475
 10
9.518422608999996
 20
3.149509756993494
 10
9.518543693525137
 20
3.1696831836625603
 10
9.518684906707568
 20
3.190105476504425
 10
9.518846667852475
 20
3.2103334543601156
 10
9.519003587690738
 20
3.2299241323849834
 10
9.519122530083473
 20
3.2494966021867002
 10
9.519242403554014
 20
3.269475580860765
 10
9.519362388265458
 20
3.2894730327681407
 10
9.519482372976901
 20
3.3094704846755416
 10
9.519604989197719
 20
3.3298741627365804
 10
9.519766371145085
 20
3.3502963142658984
 10
9.519924993439336
 20
3.3701186409275863
 10
9.520063758887567
 20
3.389690971836462
 10
9.520182292334304
 20
3.4094570442426515
 10
9.520304906568445
 20
3.4298604366789816
 10
9.520466261350844
 20
3.4502825883988444
 10
9.520624888072346
 20
3.4701054863062195
 10
9.520763680114328
 20
3.489677817028951
 10
9.520882211691706
 20
3.5094436038097165
 10
9.52100219640315
 20
3.529441055717137
 10
9.521122181114595
 20
3.549438507624531
 10
9.521243367875112
 20
3.5696289942738155
 10
9.521384473812393
 20
3.5900512878662014
 10
9.521546243364323
 20
3.6102803933411702
 10
9.521703171146452
 20
3.629872198988934
 10
9.52182221852919
 20
3.6494446680541826
 10
9.521943285389117
 20
3.6696152682153333
 10
9.522084364161428
 20
3.6900375619978405
 10
9.522246135842364
 20
3.710266953096436
 10
9.522403065637134
 20
3.729859044368701
 10
9.52252213961362
 20
3.7494315132473663
 10
9.522642004540844
 20
3.7694090786660888
 10
9.522761989252288
 20
3.7894065305735283
 10
9.522881973963734
 20
3.8094039824809225
 10
9.523004580356508
 20
3.829806247293627
 10
9.523165827893768
 20
3.850228399765741
 10
9.523324472093714
 20
3.870053552905701
 10
9.523463369125711
 20
3.8896258828936867
 10
9.523581893321136
 20
3.9093905420479946
 10
9.523704497728183
 20
3.929792521236041
 10
9.523865718100476
 20
3.950214673898689
 10
9.524024366727676
 20
3.970040398284306
 10
9.524163290353421
 20
3.9896127280861893
 10
9.52428181267854
 20
4.009377101615097
 10
9.52440441510005
 20
4.029778795178434
 10
9.524565608307375
 20
4.050200948031624
 10
9.524724261361829
 20
4.0700272436629295
 10
9.524863211581325
 20
4.089599573278679
 10
9.524981732035942
 20
4.1093636611821625
 10
9.525101716747386
 20
4.129361113089564
 10
9.52522170145883
 20
4.149358564996965
 10
9.525342877257799
 20
4.169547352768043
 10
9.525483821619986
 20
4.189969647491217
 10
9.525645603832254
 20
4.210200451832738
 10
9.525802543588226
 20
4.229793956352373
 10
9.525921749148466
 20
4.24936642430807
 10
9.526042794772946
 20
4.26953362670958
 10
9.526183711970164
 20
4.289955921622865
 10
9.526345496310297
 20
4.310187011587984
 10
9.52650243808005
 20
4.3297808017320945
 10
9.526621670234036
 20
4.349353269501257
 10
9.526741524885079
 20
4.369329136038535
 10
9.526861509596523
 20
4.389326587945936
 10
9.526981494307968
 20
4.409324039853337
 10
9.527104088892619
 20
4.429724605793068
 10
9.527265174854808
 20
4.4501467593984945
 10
9.527423845387705
 20
4.469975310262392
 10
9.527562900597216
 20
4.489547639143382
 10
9.527681413665372
 20
4.5093105994204015
 10
9.527804006265434
 20
4.529710879735454
 10
9.527965065062658
 20
4.550133033531439
 10
9.528123740022808
 20
4.5699621556409795
 10
9.528262821826068
 20
4.589534484335865
 10
9.528381333022773
 20
4.609297158987512
 10
9.528501317734218
 20
4.629294610894906
 10
9.528621302445663
 20
4.649292062802289
 10
9.528742469131178
 20
4.669479437320754
 10
9.528883279083244
 20
4.68990173298461
 10
9.529045071822146
 20
4.710133950569077
 10
9.529202021544021
 20
4.729728868335986
 10
9.529321358688012
 20
4.749301335368696
 10
9.529442386647277
 20
4.769465711262279
 10
9.529583169434373
 20
4.789888007116213
 10
9.529744964300187
 20
4.810120510324324
 10
9.529901916036795
 20
4.829715713715737
 10
9.530021279774534
 20
4.849288180561879
 10
9.53014112587191
 20
4.869262633843858
 10
9.530261110583355
 20
4.889260085751278
 10
9.5303810952948
 20
4.909257537658698
 10
9.530503680061756
 20
4.929656690350063
 10
9.530664631613838
 20
4.950078844898235
 10
9.530823324052433
 20
4.969910222240417
 10
9.53096251084571
 20
4.989482550200549
 10
9.531081014652203
 20
5.009244097225764
 10
9.531203597435523
 20
5.029642964292442
 10
9.531364521822638
 20
5.05006511903117
 10
9.531523218688486
 20
5.069897067618996
 10
9.53166243207551
 20
5.089469395393026
 10
9.531780934009605
 20
5.109230656792855
 10
9.53190091872105
 20
5.129228108700249
 10
9.532020903432494
 20
5.1492255606076505
 10
9.532142061009258
 20
5.169411521873444
 10
9.532282736551204
 20
5.1898338184779
 10
9.532444539812037
 20
5.210067449305377
 10
9.532601499504516
 20
5.229663780319584
 10
9.532720968232256
 20
5.249236246429323
 10
9.532841978526307
 20
5.269397795814952
 10
9.53298262690328
 20
5.289820092609522
 10
9.533144432290078
 20
5.310054009060624
 10
9.533301393998238
 20
5.329650625699328
 10
9.533420889319729
 20
5.349223091622539
 10
9.533540726858744
 20
5.36919613164922
 10
9.533660711570189
 20
5.389193583556621
 10
9.533780696281633
 20
5.409191035464004
 10
9.53390327123559
 20
5.429588774907007
 10
9.53406408837757
 20
5.450010930397985
 10
9.534222802721862
 20
5.4698451342184
 10
9.534362121098901
 20
5.489417461257677
 10
9.534480615639035
 20
5.509177595031106
 10
9.534603188610308
 20
5.529575048849398
 10
9.534763978587318
 20
5.549997204530874
 10
9.534922697358864
 20
5.569831979596991
 10
9.535062042329656
 20
5.58940430645018
 10
9.535180534996439
 20
5.6091641545981785
 10
9.535303105985216
 20
5.629561322791763
 10
9.53546386879726
 20
5.649983478663778
 10
9.535622591996056
 20
5.669818824975569
 10
9.5357619635606
 20
5.689391151642665
 10
9.53588045435384
 20
5.709150714165282
 10
9.536000439065285
 20
5.729148166072683
 10
9.53612042377673
 20
5.749145617980059
 10
9.536241570410034
 20
5.769329880367581
 10
9.536382084376887
 20
5.789752178102804
 10
9.53654390027997
 20
5.809987507796956
 10
9.536700871964381
 20
5.829585537682865
 10
9.536820498869623
 20
5.849158002683122
 10
9.536941487928225
 20
5.869316154309103
 10
9.537081974730107
 20
5.889738452234388
 10
9.53724379275801
 20
5.90997406755221
 10
9.537400766459248
 20
5.929572383062611
 10
9.537520419958236
 20
5.94914484787629
 10
9.537640247202978
 20
5.969116189021634
 10
9.537760231914422
 20
5.989113640929055
 10
9.537880216625867
 20
6.009111092836431
 10
9.53800277978979
 20
6.029507133406322
 10
9.538163435356697
 20
6.04992929003055
 10
9.53832217603394
 20
6.069766891574926
 10
9.538461652588497
 20
6.089339217507268
 10
9.538580135983269
 20
6.109097652403522
 10
9.53870269716565
 20
6.1294934073487
 10
9.53886332556759
 20
6.149915564163444
 10
9.539022070672084
 20
6.1697537369534965
 10
9.53916157382039
 20
6.189326062699748
 10
9.539280055340672
 20
6.209084211970605
 10
9.539400040052115
 20
6.229081663878026
 10
9.539520024763561
 20
6.249079115785439
 10
9.539641162298464
 20
6.269261964920225
 10
9.539781541855197
 20
6.289684263596014
 10
9.53994336826986
 20
6.309921006533266
 10
9.540100349935225
 20
6.329520449666389
 10
9.540220108424217
 20
6.349092913743705
 10
9.540340359209031
 20
6.369133875216849
 10
9.540468034404874
 20
6.38929370426882
 10
9.540603914208395
 20
6.4093827302362785
 10
9.540739183798179
 20
6.42938008459276
 10
9.540874453387964
 20
6.449377438949213
  0
LWPOLYLINE
  5
96
330
17
100
AcDbEntity
  8
GRASS
100
AcDbPolyline
 90
2332
 70
1
 10
10.390999594055321
 20
6.465912588039406
 10
10.390916609433289
 20
6.488197638277885
 10
10.390837415250573
 20
6.5079829184450775
 10
10.390778685540525
 20
6.527555636071035
 10
10.390739168427643
 20
6.547340785753265
 10
10.390698111127447
 20
6.567763309165269
 10
10.390616656168229
 20
6.588185954525317
 10
10.390537460161914
 20
6.607971720967641
 10
10.390478707813907
 20
6.627544438525704
 10
10.390439191309012
 20
6.647329345069311
 10
10.390398134738021
 20
6.667751625342981
 10
10.39031670290303
 20
6.688174270772786
 10
10.390237505073111
 20
6.707960523490223
 10
10.390178730087147
 20
6.727533240980353
 10
10.390139214190379
 20
6.747317904385356
 10
10.390098158348454
 20
6.767739941520675
 10
10.390016749637693
 20
6.788162587020198
 10
10.389937549984172
 20
6.807949326012785
 10
10.38987875236025
 20
6.827522043435022
 10
10.389839237071747
 20
6.847306463701401
 10
10.389798181958751
 20
6.867728257698388
 10
10.389716796372216
 20
6.888150903267646
 10
10.389637594895094
 20
6.907938128535364
 10
10.389578774633213
 20
6.927510845889671
 10
10.389539259953116
 20
6.947295023017446
 10
10.389498205568906
 20
6.967716573876101
 10
10.3894168431066
 20
6.988139219515075
 10
10.389337639805875
 20
7.007926931057925
 10
10.389278796906039
 20
7.027499648344339
 10
10.389239282834483
 20
7.047283582333492
 10
10.389198229178923
 20
7.067704890053793
 10
10.389116889840846
 20
7.0881275357625215
 10
10.389036893400545
 20
7.108126646463714
 10
10.388956902793035
 20
7.128124298341451
 10
10.388876912185523
 20
7.148121950219169
 10
10.388798403925488
 20
7.167696317028226
 10
10.38875931180827
 20
7.187269093723741
 10
10.388718846128624
 20
7.2074758279360855
 10
10.388657751806555
 20
7.227898534536962
 10
10.388576957947985
 20
7.248110509603838
 10
10.388498448957488
 20
7.2676851195512615
 10
10.388459334202311
 20
7.287257896178483
 10
10.388418869616725
 20
7.307464144113487
 10
10.388357798418886
 20
7.32788685078377
 10
10.388277003710446
 20
7.348099068988545
 10
10.388198493989348
 20
7.367673922074278
 10
10.388159356596217
 20
7.3872466986332235
 10
10.388118893104686
 20
7.4074524602909255
 10
10.388057845031074
 20
7.427875167030577
 10
10.387977049472907
 20
7.448087628373253
 10
10.38789853902107
 20
7.467662724597313
 10
10.387859378989981
 20
7.487235501087964
 10
10.387818916592504
 20
7.507440776468364
 10
10.387757891643123
 20
7.527863483277365
 10
10.387677095235368
 20
7.5480761877579035
 10
10.387598584052654
 20
7.5676515271203275
 10
10.387559401383609
 20
7.587224303542724
 10
10.387518940080188
 20
7.607429092645783
 10
10.387457938255036
 20
7.6278517995241515
 10
10.387377140997831
 20
7.648064747142611
 10
10.387298629084096
 20
7.667640329643362
 10
10.387259423777097
 20
7.687213105997485
 10
10.38721896356773
 20
7.707417408823241
 10
10.387157984866807
 20
7.727840115770958
 10
10.38707718676029
 20
7.7480533065272805
 10
10.38699719615278
 20
7.768050958405017
 10
10.386917205545268
 20
7.788048610282734
 10
10.386838000264744
 20
7.80783705761792
 10
10.386778975667635
 20
7.827409774359255
 10
10.386739466485423
 20
7.847191756863935
 10
10.386698418673125
 20
7.867611113101947
 10
10.386617264935236
 20
7.8880337593703675
 10
10.38653804517427
 20
7.907825860140495
 10
10.386478997939204
 20
7.927398576813922
 10
10.38643948936679
 20
7.94718031617998
 10
10.386398442281887
 20
7.967599429279635
 10
10.386317311668225
 20
7.988022075617788
 10
10.386238090083657
 20
8.00781466266305
 10
10.386179020210633
 20
8.027387379268568
 10
10.386139512248159
 20
8.047168875496025
 10
10.386098465890509
 20
8.067587745457324
 10
10.386017358401077
 20
8.088010391865227
 10
10.385938134992905
 20
8.107803465185622
 10
10.385879042481925
 20
8.127376181723216
 10
10.385839535129527
 20
8.14715743481207
 10
10.385798489498994
 20
8.16757606163503
 10
10.385717405133787
 20
8.187998708112664
 10
10.385638179902013
 20
8.207792267708193
 10
10.385579064753076
 20
8.22736498417788
 10
10.385539558010894
 20
8.247145994128116
 10
10.385498513107338
 20
8.267564377812718
 10
10.38541745186636
 20
8.287987024360083
 10
10.385337443750064
 20
8.307989059083896
 10
10.385257453142554
 20
8.327986710961595
 10
10.385177462535044
 20
8.34798436283933
 10
10.385098945481095
 20
8.36756165368398
 10
10.385059581114788
 20
8.38713442955839
 10
10.3850191285925
 20
8.40733531569175
 10
10.384958312367548
 20
8.427758023126867
 10
10.384877508297505
 20
8.447972922224018
 10
10.384798990511422
 20
8.46755045620701
 10
10.384759603507158
 20
8.48712323201315
 10
10.384719152078926
 20
8.507323631869166
 10
10.384658358978204
 20
8.527746339373648
 10
10.384577554059966
 20
8.547961481608708
 10
10.38449903554161
 20
8.567539258730022
 10
10.38445962589939
 20
8.587112034467891
 10
10.384419175565215
 20
8.607311948046602
 10
10.38435840558872
 20
8.627734655620467
 10
10.384277599822425
 20
8.647950040993395
 10
10.38419908057166
 20
8.667528061253032
 10
10.384159648291481
 20
8.68710083692265
 10
10.384119199051362
 20
8.70730026422402
 10
10.384058452199097
 20
8.727722971867246
 10
10.383977645584887
 20
8.747938600378085
 10
10.38389912560157
 20
8.767516863776041
 10
10.383859670683435
 20
8.787089639377392
 10
10.38381922253737
 20
8.807288580401455
 10
10.383758498809335
 20
8.827711288114026
 10
10.38367769134735
 20
8.847927159762753
 10
10.383599170631342
 20
8.86750566629907
 10
10.38355969307525
 20
8.887078441832152
 10
10.383519246023242
 20
8.90727689657889
 10
10.383458545419435
 20
8.927699604360825
 10
10.38337773710981
 20
8.947915719147462
 10
10.383297746502299
 20
8.967913371025178
 10
10.383217755894789
 20
8.987911022902896
 10
10.383138540347455
 20
9.007702394268108
 10
10.383079243501248
 20
9.027275110192777
 10
10.383039741661834
 20
9.047054168658597
 10
10.382998702588111
 20
9.067470600860831
 10
10.382917826947324
 20
9.08789324796781
 10
10.38283858525531
 20
9.107691196790656
 10
10.382779265771145
 20
9.127263912647441
 10
10.382739764543203
 20
9.147042727974643
 10
10.382698726195201
 20
9.167458917038536
 10
10.38261787367864
 20
9.187881564215258
 10
10.382538630163022
 20
9.207679999313221
 10
10.382479288040901
 20
9.227252715102084
 10
10.38243978742457
 20
9.247031287290687
 10
10.38239874980215
 20
9.267447233216217
 10
10.382317920409818
 20
9.28786988046265
 10
10.3822386750706
 20
9.307668801835767
 10
10.38217931031052
 20
9.327241517556747
 10
10.382139810305938
 20
9.347019846606733
 10
10.382098773408961
 20
9.36743554939392
 10
10.382017967140857
 20
9.387858196710097
 10
10.381938719978034
 20
9.407657604358333
 10
10.381879332579997
 20
9.42723032001139
 10
10.381839833187305
 20
9.447008405922778
 10
10.381798797015632
 20
9.467423865571604
 10
10.381718013871756
 20
9.487846512957484
 10
10.381638764885334
 20
9.507646406880877
 10
10.381579354849338
 20
9.527219122466054
 10
10.381539856068674
 20
9.546996965238824
 10
10.381498820622165
 20
9.567412181749305
 10
10.381418060602517
 20
9.58783482920491
 10
10.381338039862046
 20
9.607840031088724
 10
10.381258049254535
 20
9.627837682966462
 10
10.381178058647023
 20
9.6478353348442
 10
10.38109953204524
 20
9.667415792862696
 10
10.381059872791884
 20
9.686988567847834
 10
10.38101943452101
 20
9.707183119624796
 10
10.380958919517404
 20
9.727605827963433
 10
10.380878104409485
 20
9.747823894228848
 10
10.380799577073757
 20
9.767404595385702
 10
10.380759895182443
 20
9.786977370302592
 10
10.380719458005624
 20
9.80717143580221
 10
10.38065896612625
 20
9.827594144210227
 10
10.380578150171946
 20
9.847812453613557
 10
10.380499622102134
 20
9.867393397908707
 10
10.380459917572864
 20
9.886966172757353
 10
10.3804194814901
 20
9.907159751979663
 10
10.380359012734953
 20
9.927582460457
 10
10.380278195934407
 20
9.947801012998244
 10
10.38019966713037
 20
9.96738220043173
 10
10.380159939963143
 20
9.986954975212074
 10
10.380119504974436
 20
10.007148068157077
 10
10.380059059343518
 20
10.02757077670379
 10
10.379978241696868
 20
10.047789572382912
 10
10.379899712158469
 20
10.067371002954735
 10
10.379859962353287
 20
10.086943777666834
 10
10.379819528458633
 20
10.107136384334492
 10
10.379759105951946
 20
10.127559092950582
 10
10.37967828745933
 20
10.147778131767641
 10
10.379599757186426
 20
10.167359805477757
 10
10.379559984743286
 20
10.186932580121576
 10
10.37951955194269
 20
10.207124700511924
 10
10.379459152560232
 20
10.227547409197353
 10
10.37937833322179
 20
10.24776669115229
 10
10.37929834261428
 20
10.267764343030027
 10
10.379218352006768
 20
10.287761994907743
 10
10.379139125316232
 20
10.307556533440746
 10
10.379079533582965
 20
10.327129248480945
 10
10.379040039719612
 20
10.346905139769264
 10
10.378999010088398
 20
10.367318404797354
 10
10.378918435668936
 20
10.38774105281259
 10
10.378839170222273
 20
10.407545335963302
 10
10.378779555851048
 20
10.427118050935606
 10
10.37874006260098
 20
10.44689369908531
 10
10.378699033693673
 20
10.467306720975033
 10
10.378618482398442
 20
10.48772936905999
 10
10.378539215128177
 20
10.50753413848584
 10
10.378479578118995
 20
10.527106853390247
 10
10.378440085482348
 20
10.546882258401356
 10
10.378399057298813
 20
10.567295037152713
 10
10.37831852912781
 20
10.587717685307407
 10
10.37823926003394
 20
10.607522941008398
 10
10.378179600386801
 20
10.627095655844888
 10
10.378140108363716
 20
10.646870817717419
 10
10.378099080903809
 20
10.667283353330427
 10
10.378018575857034
 20
10.687706001554806
 10
10.377939304939563
 20
10.707511743530935
 10
10.377879622654467
 20
10.727084458299547
 10
10.377840131245083
 20
10.746859377033447
 10
10.37779910450867
 20
10.767271669508087
 10
10.377718622586125
 20
10.78769431780222
 10
10.37763934984505
 20
10.807500546053491
 10
10.377579644921996
 20
10.827073260754188
 10
10.377540154126452
 20
10.846847936349493
 10
10.37749912811339
 20
10.867259985685784
 10
10.377418669315073
 20
10.887682634049638
 10
10.377338635974025
 20
10.907691003093612
 10
10.377258645366513
 20
10.927688654971313
 10
10.377178654759003
 20
10.947686306849011
 10
10.377100118585785
 20
10.967269932041303
 10
10.37706016444538
 20
10.98684270613726
 10
10.377019740425919
 20
11.007030923557831
 10
10.37695952664366
 20
11.027453632799919
 10
10.376878700521466
 20
11.047674866233718
 10
10.376800163612488
 20
11.067258734564323
 10
10.376760186834128
 20
11.086831508592002
 10
10.37671976390872
 20
11.10701923973526
 10
10.376659573250691
 20
11.127441949046723
 10
10.376578746283926
 20
11.147663425618408
 10
10.376500208639053
 20
11.167247537087324
 10
10.376460209222735
 20
11.18682031104676
 10
10.376419787391384
 20
11.207007555912673
 10
10.376359619857585
 20
11.227430265293489
 10
10.376278792046387
 20
11.247651985003095
 10
10.376200253665477
 20
11.267236339610323
 10
10.376160231611205
 20
11.286809113501503
 10
10.37611981087391
 20
11.306995872090104
 10
10.376059666464338
 20
11.327418581540252
 10
10.37597883780885
 20
11.347640544387765
 10
10.375900298691764
 20
11.367225142133343
 10
10.375860253999535
 20
11.386797915956281
 10
10.375819834356292
 20
11.406984188267536
 10
10.375759713070952
 20
11.427406897787035
 10
10.37567888357131
 20
11.447629103772474
 10
10.375598892963799
 20
11.467626755650171
 10
10.375518902356289
 20
11.48762440752791
 10
10.375439665357035
 20
11.507421870090745
 10
10.375379801374669
 20
11.526994584314405
 10
10.375340314896023
 20
11.546767551563931
 10
10.375299293961474
 20
11.56717789255612
 10
10.375218997639118
 20
11.587600541409786
 10
10.375139710261406
 20
11.607410672613277
 10
10.375079823641082
 20
11.626983386769082
 10
10.37504033777739
 20
11.646756110879995
 10
10.374999317565077
 20
11.667166208733795
 10
10.37491904436695
 20
11.687588857657197
 10
10.374839755165635
 20
11.707399475135826
 10
10.374779845907353
 20
11.726972189223702
 10
10.374740360658759
 20
11.746744670196023
 10
10.374699341168544
 20
11.767154524911488
 10
10.374619091094644
 20
11.787577173904584
 10
10.374539800069726
 20
11.807388277658356
 10
10.374479868173486
 20
11.826960991678359
 10
10.374440383540128
 20
11.846733229512067
 10
10.37440101213572
 20
11.866319157567645
 10
10.374399999796404
 20
11.885891968819465
 10
10.37439981321638
 20
11.905478170985013
 10
10.374435663768928
 20
11.92462591327244
 10
10.37451408809798
 20
11.944172027894684
 10
10.37459407870549
 20
11.964169679772418
 10
10.374674069313
 20
11.984167331650136
 10
10.374754809244422
 20
12.004363959278663
 10
10.374817363222641
 20
12.024786661499961
 10
10.374857870902238
 20
12.045010451543858
 10
10.37489854289516
 20
12.066242299804044
 10
10.374819338230175
 20
12.087514946627394
 10
10.374735263072322
 20
12.1083483910802
 10
10.374567091935269
 20
12.13004527968535
 10
10.374317239844967
 20
12.15094658779282
 10
10.37402490585914
 20
12.174241017184325
 10
10.373393534019183
 20
12.197640690956197
 10
10.372769011679889
 20
12.219734398069296
 10
10.371861200446451
 20
12.243946112692361
 10
10.37080095331885
 20
12.266157604082444
 10
10.369576219589181
 20
12.291072354095649
 10
10.367817522562223
 20
12.316120216218707
 10
10.36614073915878
 20
12.339216171697098
 10
10.363865096781007
 20
12.365539461152121
 10
10.361487259163901
 20
12.388847402011187
 10
10.358620148322354
 20
12.41614754923964
 10
10.354892863725816
 20
12.443594587675939
 10
10.351585513318994
 20
12.46721129341815
 10
10.347295528463182
 20
12.49455819988862
 10
10.343129602455338
 20
12.518278090484296
 10
10.338181645990243
 20
12.545878586985179
 10
10.332280232751867
 20
12.573588048951319
 10
10.327094139139108
 20
12.597372971239308
 10
10.320471377377839
 20
12.625259012298129
 10
10.314295797532061
 20
12.649080369771719
 10
10.307118625026959
 20
12.676336752798369
 10
10.298967058907456
 20
12.703609120190674
 10
10.291984838060229
 20
12.726570531240892
 10
10.283406023288727
 20
12.753149840679438
 10
10.275538254809224
 20
12.776044894208683
 10
10.266680034200887
 20
12.801571950983421
 10
10.257007213830025
 20
12.827054419358364
 10
10.248608019751297
 20
12.848933882502438
 10
10.238614352456825
 20
12.873865502307908
 10
10.229451804175664
 20
12.89567903506434
 10
10.21937949768166
 20
12.91950910411124
 10
10.20863952411421
 20
12.943276491725008
 10
10.199719522856588
 20
12.962878373161242
 10
10.190127518440963
 20
12.983615857469543
 10
10.180956117412014
 20
13.003084574907039
 10
10.171484417523331
 20
13.02317067129327
 10
10.161782046946014
 20
13.043229703294966
 10
10.150285046101827
 20
13.066858183994196
 10
10.134891898063835
 20
13.096371881065298
 10
10.121633456899405
 20
13.119990869126832
 10
10.108875363669124
 20
13.14251963997087
 10
10.095452336353562
 20
13.16491954897295
 10
10.082328006272098
 20
13.18663139207231
 10
10.065632823913084
 20
13.212848429475951
 10
10.051137256173314
 20
13.234355208036527
 10
10.033222431093964
 20
13.260554061140956
 10
10.013890093452137
 20
13.28625654579357
 10
9.999493216459449
 20
13.30509911643648
 10
9.982758422552687
 20
13.32632914118003
 10
9.967749329811408
 20
13.344725969889254
 10
9.943277905504713
 20
13.374061964316184
 10
9.916449420163566
 20
13.402248912885156
 10
9.898528167080293
 20
13.420541419404138
 10
9.876694987944031
 20
13.441855905286124
 10
9.857929185156598
 20
13.459291734525431
 10
9.83484556751057
 20
13.480471212465424
 10
9.810535446436283
 20
13.500891527499537
 10
9.788263198514576
 20
13.51923720965943
 10
9.757902376442015
 20
13.542387933625596
 10
9.733521949789042
 20
13.55943013443666
 10
9.705772540139606
 20
13.57840681595264
 10
9.676641079302811
 20
13.596210786899862
 10
9.653810956938617
 20
13.609837489380169
 10
9.624918802667022
 20
13.62602582761895
 10
9.600921920976255
 20
13.638522652307884
 10
9.571872161161592
 20
13.65335984942008
 10
9.541687026773186
 20
13.666992224055761
 10
9.516462247208901
 20
13.678078228044114
 10
9.48378343011324
 20
13.691222162046158
 10
9.457292897915604
 20
13.700810789014284
 10
9.425996214933445
 20
13.711823233308632
 10
9.393676976535009
 20
13.721415785710438
 10
9.368833491321556
 20
13.72852416120155
 10
9.338401023894233
 20
13.73644451291069
 10
9.312933693010564
 20
13.742347056172246
 10
9.28440907953895
 20
13.748803868245536
 10
9.255333697716578
 20
13.754272739878882
 10
9.230996273279757
 20
13.758701690730225
 10
9.201884577773317
 20
13.763398381184482
 10
9.177030486611036
 20
13.766836598897008
 10
9.150340788342424
 20
13.770438575901592
 10
9.123272682442977
 20
13.773310119798156
 10
9.099360931753706
 20
13.775747315014081
 10
9.071345064473116
 20
13.778117520445287
 10
9.04702754817566
 20
13.779699485356245
 10
9.022163774033926
 20
13.781265473785744
 10
8.997075280615206
 20
13.782320806818245
 10
8.975342553293531
 20
13.783187317215159
 10
8.951971529348251
 20
13.78394986974521
 10
8.930148332257406
 20
13.78447862483943
 10
8.908101232336726
 20
13.78500384326398
 10
8.885971388940703
 20
13.78532684119387
 10
8.865896666953509
 20
13.785607894622
 10
8.845900814592715
 20
13.785887836555052
 10
8.825904962231943
 20
13.786167778488101
 10
8.807952343494978
 20
13.786414201813527
 10
8.790083877317802
 20
13.78684116165931
 10
8.77056398140437
 20
13.787309466364922
 10
8.75142202437686
 20
13.787804103984564
 10
8.73188970213286
 20
13.788351255699475
 10
8.707415507065884
 20
13.789012854957544
 10
8.682745229718533
 20
13.789206336951661
 10
8.65865621751049
 20
13.789332985830653
 10
8.630166739881632
 20
13.78897361763057
 10
8.605589554242982
 20
13.788162823892415
 10
8.577841081161667
 20
13.787148318171896
 10
8.549796548211626
 20
13.785237546444023
 10
8.525211225558605
 20
13.783438517560855
 10
8.49599100305588
 20
13.780721300184485
 10
8.471117809897986
 20
13.777848689916153
 10
8.443482035639958
 20
13.774550892660232
 10
8.415632432380464
 20
13.77032804694837
 10
8.391425202209726
 20
13.766534300413559
 10
8.362784358296159
 20
13.761484500970674
 10
8.338345990965797
 20
13.756625856848547
 10
8.309338052222861
 20
13.75071353873858
 10
8.280186036446366
 20
13.743610635530823
 10
8.255346760268784
 20
13.737380903572406
 10
8.2251634865625
 20
13.729047016954897
 10
8.20019346735163
 20
13.72142990004091
 10
8.17191181924241
 20
13.712636683056017
 10
8.143555676538604
 20
13.702624444589748
 10
8.12003516536264
 20
13.69414143985795
 10
8.092081117610647
 20
13.683397732031214
 10
8.068595037611805
 20
13.673725270114439
 10
8.04073156962624
 20
13.662073397881414
 10
8.012944341713219
 20
13.649125361131901
 10
7.9903121499601575
 20
13.638382847727357
 10
7.963423703877172
 20
13.624920766870385
 10
7.940926547355241
 20
13.612972453223504
 10
7.913543252333352
 20
13.598215930496423
 10
7.886399632718732
 20
13.5820447635879
 10
7.863879074541671
 20
13.568369782143618
 10
7.836271211949676
 20
13.55058463159689
 10
7.814038732067491
 20
13.5352918462237
 10
7.7887512459112855
 20
13.517650348361478
 10
7.763851520684082
 20
13.498672337810005
 10
7.744410282589918
 20
13.483624763070079
 10
7.721798001059013
 20
13.465431116790707
 10
7.702730699900027
 20
13.449395863898843
 10
7.680223889415565
 20
13.430284442842863
 10
7.658138604722698
 20
13.410051248172758
 10
7.638176350095639
 20
13.391482888496432
 10
7.613288818299882
 20
13.366857812142541
 10
7.593966621748588
 20
13.3463512478437
 10
7.57484595861187
 20
13.325833228369822
 10
7.556148128599181
 20
13.30441441917989
 10
7.540315240739127
 20
13.286085987242174
 10
7.522112695862015
 20
13.264248490223366
 10
7.50675278608327
 20
13.245039239912211
 10
7.487176258534189
 20
13.220252550614218
 10
7.468395286830373
 20
13.194158872112865
 10
7.454116812109153
 20
13.173966318867548
 10
7.4377224604305
 20
13.149814707114857
 10
7.424129614245006
 20
13.128803144778816
 10
7.4101531364900985
 20
13.107068094442837
 10
7.396564228102455
 20
13.084756902154114
 10
7.38504441841399
 20
13.065711601955629
 10
7.372623913466784
 20
13.044744416139359
 10
7.361421173372425
 20
13.025354772075335
 10
7.347591660733875
 20
13.001259478177069
 10
7.334344558840464
 20
12.97639389788699
 10
7.323003884315997
 20
12.9548414393628
 10
7.310087249395856
 20
12.929171168217538
 10
7.2994207947327725
 20
12.90680932749978
 10
7.286807321015803
 20
12.880039537474438
 10
7.2750220620654575
 20
12.852352080634462
 10
7.2652324251356815
 20
12.828895546667841
 10
7.253977198071677
 20
12.800123496199864
 10
7.24514763799283
 20
12.775692255928544
 10
7.234987085640358
 20
12.747060179339496
 10
7.225848369480835
 20
12.717559848996995
 10
7.218456553255588
 20
12.69303622986438
 10
7.210118659276205
 20
12.662839642667683
 10
7.203827257184723
 20
12.637389153901125
 10
7.196700977972813
 20
12.607807979062818
 10
7.19068814984703
 20
12.57746867181353
 10
7.186009408757245
 20
12.552904270503607
 10
7.181019040449801
 20
12.523407321376471
 10
7.1773767000119
 20
12.498256544434287
 10
7.173408624710563
 20
12.469986043265829
 10
7.170367628857939
 20
12.441182642764991
 10
7.168005070216422
 20
12.41757170806894
 10
7.165704533449071
 20
12.390399670326634
 10
7.164105301586045
 20
12.366496728774424
 10
7.162426916786357
 20
12.340454409125364
 10
7.161398468540514
 20
12.31409117397745
 10
7.160591769701853
 20
12.291511164601047
 10
7.159964449111101
 20
12.266425650078865
 10
7.159681909651273
 20
12.243642379146063
 10
7.159417395623206
 20
12.220812036748182
 10
7.159438694403076
 20
12.19783945857396
 10
7.159481957866172
 20
12.176739627578916
 10
7.159626782305371
 20
12.154617648380992
 10
7.159879108065622
 20
12.133457752991587
 10
7.1601353570062924
 20
12.112248043195443
 10
7.160510340785941
 20
12.090978844776105
 10
7.160871341212489
 20
12.070923020192142
 10
7.161231243526485
 20
12.050928447192367
 10
7.161591145840481
 20
12.030933874192574
 10
7.161937277881363
 20
12.011746971725918
 10
7.162208341976324
 20
11.992600867081704
 10
7.16248251163334
 20
11.973029467743293
 10
7.162716177548784
 20
11.953882998441578
 10
7.16291121516267
 20
11.934353536855312
 10
7.163103878502799
 20
11.915163855251844
 10
7.16322185407035
 20
11.896016358616677
 10
7.1633404770658755
 20
11.876252651359259
 10
7.163440344070626
 20
11.856680093496271
 10
7.163519334170884
 20
11.836916460678976
 10
7.163599324778395
 20
11.816918808801269
 10
7.163679315385905
 20
11.79692115692355
 10
7.163759305993416
 20
11.776923505045826
 10
7.163839296600927
 20
11.756925853168108
 10
7.163919287208438
 20
11.736928201290388
 10
7.163999277815949
 20
11.716930549412673
 10
7.16407926842346
 20
11.696932897534964
 10
7.164159259030971
 20
11.676935245657246
 10
7.164239249638482
 20
11.656937593779519
 10
7.164319240245993
 20
11.636939941901804
 10
7.16440103311068
 20
11.61653945525802
 10
7.164521248586095
 20
11.596117009997835
 10
7.164640266951512
 20
11.57628761367881
 10
7.164740204638638
 20
11.556715056169116
 10
7.164819191283589
 20
11.536952182502715
 10
7.1648991818911
 20
11.516954530624998
 10
7.164979172498611
 20
11.49695687874728
 10
7.165059163106122
 20
11.476959226869571
 10
7.165139153713632
 20
11.456961574991855
 10
7.165219144321143
 20
11.436963923114126
 10
7.165299134928654
 20
11.416966271236412
 10
7.165379125536165
 20
11.3969686193587
 10
7.165459116143675
 20
11.376970967480984
 10
7.165539106751186
 20
11.356973315603257
 10
7.1656190973586975
 20
11.33697566372554
 10
7.165700886467885
 20
11.316575936231365
 10
7.165821029742673
 20
11.296153490609159
 10
7.165940056838505
 20
11.276322575998371
 10
7.166040065208006
 20
11.256750018841966
 10
7.166119048396294
 20
11.236987904326462
 10
7.166199039003804
 20
11.216990252448742
 10
7.1662790296113155
 20
11.196992600571019
 10
7.1663590202188265
 20
11.1769949486933
 10
7.166439010826338
 20
11.156997296815582
 10
7.166519001433849
 20
11.136999644937873
 10
7.166598992041359
 20
11.117001993060157
 10
7.16667898264887
 20
11.09700434118243
 10
7.166758973256381
 20
11.077006689304712
 10
7.166838963863892
 20
11.057009037427004
 10
7.166918954471402
 20
11.037011385549286
 10
7.167000739826447
 20
11.016612417204726
 10
7.167120810900606
 20
10.996189971220504
 10
7.167239846726854
 20
10.976357538317941
 10
7.167339925778729
 20
10.956784981514822
 10
7.167418905508999
 20
10.93702362615019
 10
7.16749889611651
 20
10.917025974272471
 10
7.167578886724021
 20
10.897028322394766
 10
7.167658877331531
 20
10.877030670517046
 10
7.167738867939042
 20
10.85703301863932
 10
7.167818858546553
 20
10.837035366761603
 10
7.1678988491540645
 20
10.817037714883885
 10
7.167978839761576
 20
10.797040063006177
 10
7.168058830369086
 20
10.777042411128459
 10
7.168138820976597
 20
10.757044759250734
 10
7.168218811584108
 20
10.737047107373016
 10
7.168300593186365
 20
10.716648898178095
 10
7.168420592059896
 20
10.696226451831857
 10
7.16853963661656
 20
10.67639250063752
 10
7.16863978635081
 20
10.656819944187683
 10
7.168718762621705
 20
10.637059347973937
 10
7.168798753229215
 20
10.617061696096219
 10
7.168878743836726
 20
10.597064044218493
 10
7.168958734444237
 20
10.577066392340775
 10
7.169038725051748
 20
10.557068740463066
 10
7.169118715659258
 20
10.53707108858535
 10
7.169198706266769
 20
10.517073436707623
 10
7.16927869687428
 20
10.497075784829907
 10
7.169358687481791
 20
10.477078132952187
 10
7.1694386780893025
 20
10.457080481074481
 10
7.169518668696813
 20
10.437082829196763
 10
7.169600446547638
 20
10.416685379151465
 10
7.169720373220541
 20
10.396262932443223
 10
7.169839426507621
 20
10.376427462957109
 10
7.169939646924245
 20
10.35685490686055
 10
7.170018619734409
 20
10.337095069797664
 10
7.17009861034192
 20
10.317097417919948
 10
7.1701786009494315
 20
10.297099766042239
 10
7.170258591556942
 20
10.277102114164522
 10
7.170338582164453
 20
10.257104462286796
 10
7.170418572771964
 20
10.23710681040908
 10
7.170498563379475
 20
10.217109158531361
 10
7.170578553986986
 20
10.197111506653652
 10
7.170658544594496
 20
10.177113854775934
 10
7.170738535202007
 20
10.157116202898209
 10
7.170818525809518
 20
10.13711855102049
 10
7.170898516417029
 20
10.117120899142781
 10
7.1709785070245395
 20
10.097123247265065
 10
7.171059284206908
 20
10.07693917344818
 10
7.1711589172762205
 20
10.056516625150593
 10
7.171280266399133
 20
10.03628061161913
 10
7.171398045544841
 20
10.016681936479236
 10
7.171478563694568
 20
9.997109281751234
 10
7.171558448669646
 20
9.97713783598826
 10
7.1716384392771575
 20
9.957140184110532
 10
7.171718429884669
 20
9.937142532232818
 10
7.17179842049218
 20
9.917144880355098
 10
7.171878411099691
 20
9.89714722847738
 10
7.171958401707202
 20
9.877149576599665
 10
7.172038392314713
 20
9.857151924721954
 10
7.172118382922223
 20
9.837154272844238
 10
7.172198373529734
 20
9.817156620966513
 10
7.172278364137245
 20
9.797158969088795
 10
7.1723591429045594
 20
9.776974538227659
 10
7.172458823836313
 20
9.7565494352235
 10
7.17258042824379
 20
9.736311225216701
 10
7.172698423917172
 20
9.716716323106695
 10
7.172778815857051
 20
9.697146222810437
 10
7.1728587057719375
 20
9.677173560415522
 10
7.172938696379449
 20
9.657175908537805
 10
7.17301868698696
 20
9.637178256660096
 10
7.17309867759447
 20
9.617180604782378
 10
7.173178668201981
 20
9.597182952904655
 10
7.173258658809492
 20
9.577185301026935
 10
7.173338649417003
 20
9.557187649149219
 10
7.173418640024514
 20
9.537189997271511
 10
7.173498630632024
 20
9.517192345393791
 10
7.173578621239535
 20
9.497194693516066
 10
7.1736594011157875
 20
9.477010012882113
 10
7.1737590918976855
 20
9.456587464872984
 10
7.173880437719914
 20
9.436352058155668
 10
7.173998213794562
 20
9.416753989831244
 10
7.174078675445308
 20
9.397181334819948
 10
7.174158562884642
 20
9.37720928223927
 10
7.174238553492153
 20
9.357211630361542
 10
7.174318544099664
 20
9.337213978483826
 10
7.1743985347071755
 20
9.317216326606106
 10
7.1744785253146866
 20
9.2972186747284
 10
7.174558515922197
 20
9.277221022850682
 10
7.174638506529708
 20
9.257223370972953
 10
7.174718497137219
 20
9.237225719095239
 10
7.17479848774473
 20
9.21722806721752
 10
7.174878478352241
 20
9.197230415339812
 10
7.174959254858479
 20
9.177046493857052
 10
7.175058873439741
 20
9.156623945487047
 10
7.175180223391115
 20
9.136387779622197
 10
7.17529800330791
 20
9.116788952148593
 10
7.175378535641027
 20
9.097216297491697
 10
7.175458419997348
 20
9.077245004062998
 10
7.175538410604859
 20
9.05724735218528
 10
7.17561840121237
 20
9.037249700307571
 10
7.17569839181988
 20
9.017252048429855
 10
7.175778382427391
 20
8.997254396552128
 10
7.175858373034902
 20
8.97725674467441
 10
7.175938363642413
 20
8.957259092796702
 10
7.176018354249924
 20
8.937261440918986
 10
7.176098344857435
 20
8.917263789041257
 10
7.176178335464946
 20
8.897266137163543
 10
7.176259108602526
 20
8.877082974831973
 10
7.176358654983154
 20
8.856660426101115
 10
7.176480009062316
 20
8.836423501088728
 10
7.176597792822616
 20
8.816823914465948
 10
7.176678395838102
 20
8.79725126016347
 10
7.176758277110053
 20
8.777280725886744
 10
7.176838267717564
 20
8.757283074009017
 10
7.176918258325075
 20
8.7372854221313
 10
7.176998248932586
 20
8.717287770253584
 10
7.177078239540097
 20
8.697290118375873
 10
7.177158230147607
 20
8.677292466498159
 10
7.177238220755118
 20
8.65729481462043
 10
7.177318211362629
 20
8.637297162742714
 10
7.17739820197014
 20
8.617299510865006
 10
7.1774781925776505
 20
8.597301858987286
 10
7.177559821801199
 20
8.576934709621119
 10
7.177679573315544
 20
8.556087312054173
 10
7.177843122720793
 20
8.535609687099917
 10
7.178251469728989
 20
8.504092453093868
 10
7.180106723673516
 20
8.471817677815457
 10
7.182427848830274
 20
8.439221074964726
 10
7.188310973135816
 20
8.392193230297961
 10
7.19491490122375
 20
8.357304489090303
 10
7.199048542875198
 20
8.336391170239398
 10
7.203327592938031
 20
8.31540716638406
 10
7.208437880680578
 20
8.290579784063935
 10
7.215659015283237
 20
8.259336035123532
 10
7.222462849705374
 20
8.233394957813536
 10
7.227798124235408
 20
8.213224405279066
 10
7.233230412056659
 20
8.193013873348681
 10
7.23992239205706
 20
8.168290109549273
 10
7.249325361166883
 20
8.136766827259132
 10
7.257962220957336
 20
8.110819390264874
 10
7.264721466678827
 20
8.090674969558298
 10
7.271625961738605
 20
8.07048086771168
 10
7.280008917588042
 20
8.046121409896383
 10
7.291619146595548
 20
8.015043036358446
 10
7.302067968227989
 20
7.989595162668337
 10
7.310526572679893
 20
7.969149039109084
 10
7.319242222159132
 20
7.948637718865128
 10
7.32915788213919
 20
7.92544327389946
 10
7.3423310048191075
 20
7.896519081255482
 10
7.3541035425384385
 20
7.872534280581732
 10
7.364849384928645
 20
7.850798862061638
 10
7.376132802101549
 20
7.828987759641779
 10
7.387294875968069
 20
7.807570783137329
 10
7.401130645035711
 20
7.78214075302131
 10
7.413621387639968
 20
7.760358232157796
 10
7.427267453572582
 20
7.7367529948324805
 10
7.441889588428256
 20
7.713108897492937
 10
7.453826052235072
 20
7.694018640791193
 10
7.467057730601692
 20
7.67328725082466
 10
7.479447817575591
 20
7.654370909708783
 10
7.496484022400648
 20
7.628634778588477
 10
7.515058042025397
 20
7.602999301293809
 10
7.528302309487347
 20
7.585031513952163
 10
7.5424218206837494
 20
7.566162299404383
 10
7.555788475994404
 20
7.548640822296148
 10
7.571747437316358
 20
7.527806556764014
 10
7.588531281065443
 20
7.507034355725671
 10
7.603331048918866
 20
7.488878460347135
 10
7.620618479716793
 20
7.4682591555485835
 10
7.636321599420672
 20
7.450182216601647
 10
7.651852148031111
 20
7.432355372644981
 10
7.66784639456762
 20
7.414573102840917
 10
7.682653944845774
 20
7.398179968045352
 10
7.699042635228777
 20
7.3803438041331635
 10
7.7143802339675895
 20
7.36401250344864
 10
7.731131697371039
 20
7.346220458287915
 10
7.748466951139599
 20
7.328495966218432
 10
7.763280250602265
 20
7.313429520971067
 10
7.778623122776382
 20
7.297937880133942
 10
7.79349152128831
 20
7.283067714703124
 10
7.808421401354856
 20
7.268139902222081
 10
7.823490715633032
 20
7.253225826723037
 10
7.838140450825611
 20
7.238741583190742
 10
7.853248294734269
 20
7.223876420858927
 10
7.868035678352496
 20
7.209418714270941
 10
7.8811462946764745
 20
7.196605638069007
 10
7.894056892994626
 20
7.183779500194345
 10
7.907411970029077
 20
7.170501613527384
 10
7.919828767819321
 20
7.158035799820972
 10
7.932886504689893
 20
7.144751701296738
 10
7.9445686386191925
 20
7.132888687028724
 10
7.955858737940838
 20
7.121018728064994
 10
7.967597116919258
 20
7.108678449653052
 10
7.976913659523956
 20
7.098631403655376
 10
7.987844944631323
 20
7.086400927546115
 10
7.99528252128537
 20
7.0782362958477885
 10
8.001763079165823
 20
7.070207061132924
 10
8.010875916770836
 20
7.0590903949245165
 10
8.016120429931595
 20
7.052393343123225
 10
8.023991366587312
 20
7.041527754478847
 10
8.028722581277059
 20
7.035346140376166
 10
8.032259586115062
 20
7.029544992018016
 10
8.038857513324263
 20
7.019319048486258
 10
8.040912938221727
 20
7.015948067001925
 10
8.045945397708806
 20
7.006374299324321
 10
8.047573412438847
 20
7.004081099623915
 10
8.047799167773015
 20
7.002700177487423
 10
8.051984701356869
 20
6.993139563079404
 10
8.0523481002517
 20
6.99237279113011
 10
8.055012065916854
 20
6.983752069603038
 10
8.055562168044382
 20
6.983525723671106
 10
8.054865292052295
 20
6.984562353131147
 10
8.056754765153508
 20
6.9765015472087475
 10
8.056211889490921
 20
6.980270287297094
 10
8.056665934148688
 20
6.9738399525004935
 10
8.057563951940171
 20
6.967263189790663
 10
8.057583505646878
 20
6.961710259629797
 10
8.05811523695594
 20
6.947720969382992
 10
8.058247234247553
 20
6.939219585350765
 10
8.057954784649652
 20
6.925790504094799
 10
8.057810282437664
 20
6.9136880060098935
 10
8.057104354413395
 20
6.90222376507344
 10
8.056293666523379
 20
6.887790069511574
 10
8.055627748754473
 20
6.879334554934532
 10
8.05407470416129
 20
6.866006143484388
 10
8.052544640880472
 20
6.852053393690084
 10
8.05060683154722
 20
6.838625361503638
 10
8.048152525377308
 20
6.821475878746526
 10
8.045899888006744
 20
6.806821965709402
 10
8.043061858009226
 20
6.790027040537899
 10
8.041150522821207
 20
6.778216733727029
 10
8.038775506614625
 20
6.767142752522625
 10
8.035207757686408
 20
6.75018337998417
 10
8.031926316254712
 20
6.735292833425043
 10
8.027979311627776
 20
6.718469633297537
 10
8.024467369674621
 20
6.7033628831639485
 10
8.020679880145018
 20
6.68869045228133
 10
8.016423849059585
 20
6.672180087644967
 10
8.01278416211209
 20
6.658741012916872
 10
8.00818478503256
 20
6.642876504979382
 10
8.003928756536785
 20
6.628059837245921
 10
7.999421103521122
 20
6.613717370266864
 10
7.993878623992548
 20
6.596087791284492
 10
7.988599078247242
 20
6.579603017369122
 10
7.982840680156028
 20
6.562078509151523
 10
7.978578173342577
 20
6.548954810569915
 10
7.974026585548517
 20
6.536481012050757
 10
7.967719142856941
 20
6.519142058408474
 10
7.9616365909556714
 20
6.502669171613553
 10
7.955079063508839
 20
6.485275996685138
 10
7.949623495873968
 20
6.470733611439762
 10
7.943952880493652
 20
6.4566575242570625
 10
7.937188706488287
 20
6.439866632121706
 10
7.930961626697483
 20
6.424726506860586
 10
7.923979243002763
 20
6.408232586990466
 10
7.917075501456305
 20
6.391895977268894
 10
7.910064211611979
 20
6.375815317058473
 10
7.9031747140001345
 20
6.360019032019859
 10
7.897461622884217
 20
6.347339737492627
 10
7.890422790473987
 20
6.332436999153388
 10
7.882802511264535
 20
6.3162539737108006
 10
7.875088301939272
 20
6.300308797234665
 10
7.867220442247369
 20
6.2840594324788475
 10
7.860209188421994
 20
6.269881580929406
 10
7.85222540554152
 20
6.254210448395213
 10
7.844838084722518
 20
6.239661020427315
 10
7.83732023661161
 20
6.225536080174971
 10
7.828516572468579
 20
6.20901310741175
 10
7.8201117394608515
 20
6.193408827627428
 10
7.811147457740307
 20
6.177015896598593
 10
7.804024134914226
 20
6.16392255301985
 10
7.796757795098436
 20
6.151416805253444
 10
7.787661537886775
 20
6.135756654984407
 10
7.779242275174751
 20
6.121486267010186
 10
7.769937525841008
 20
6.106059434330001
 10
7.76097355094092
 20
6.091173308038233
 10
7.7519285280565695
 20
6.076593853652258
 10
7.7427798290900505
 20
6.061852783912569
 10
7.735141836879631
 20
6.049853206679194
 10
7.725961249423138
 20
6.035955965558028
 10
7.716879247236488
 20
6.022158474701379
 10
7.7077128014244725
 20
6.008767150936493
 10
7.698149432723072
 20
5.994794849126869
 10
7.690451159794075
 20
5.983854782568766
 10
7.680894017875297
 20
5.970828145417299
 10
7.675822614124811
 20
5.963649758184211
 10
7.670752628518049
 20
5.957671638107347
 10
7.662132907439887
 20
5.947155337050214
 10
7.657545142300719
 20
5.941821607435034
 10
7.648973354500891
 20
5.93271832518126
 10
7.644734023875342
 20
5.927851381072942
 10
7.6407608705030565
 20
5.924392829730081
 10
7.6321523596640235
 20
5.916274079983953
 10
7.629611851950871
 20
5.9139854646051795
 10
7.621392401865922
 20
5.907564534210279
 10
7.61754908483979
 20
5.904164695060152
 10
7.614245460834437
 20
5.902201606195579
 10
7.604614560983088
 20
5.895580916045862
 10
7.601819469096943
 20
5.893751818866592
 10
7.592739897804163
 20
5.888688447749078
 10
7.588151027921205
 20
5.885778512426069
 10
7.584255651666105
 20
5.884169821724863
 10
7.5732244557919435
 20
5.878857214873157
 10
7.56905510966704
 20
5.876978901118626
 10
7.558648791426779
 20
5.873013834202403
 10
7.552456365188364
 20
5.870372906449488
 10
7.547044569725441
 20
5.868856162609345
 10
7.533811349976468
 20
5.864665325207524
 10
7.5260088252229
 20
5.8623857547069145
 10
7.513249463083432
 20
5.859200099205817
 10
7.504155963480878
 20
5.856753205247592
 10
7.495739423532345
 20
5.855188886972945
 10
7.480870294421089
 20
5.852233234157909
 10
7.470474074508688
 20
5.850364803743441
 10
7.456079324193952
 20
5.848214626396718
 10
7.443012962595542
 20
5.846176267833363
 10
7.430429279963212
 20
5.844728333625852
 10
7.4141505977753
 20
5.842817950196816
 10
7.401454615381461
 20
5.841511144958179
 10
7.385688491962737
 20
5.840233756974415
 10
7.370861847413401
 20
5.838982162053536
 10
7.356431290700699
 20
5.838174098160085
 10
7.338515756103876
 20
5.837165906800645
 10
7.322378085119678
 20
5.836381746900816
 10
7.30460469845745
 20
5.835712117848439
 10
7.288142683280985
 20
5.835071945693245
 10
7.271970162937505
 20
5.834740290081755
 10
7.25280878144938
 20
5.834356831166259
 10
7.234082593187767
 20
5.834029112749424
 10
7.214820997596033
 20
5.833759544469276
 10
7.194830670184354
 20
5.833479118998821
 10
7.1748407785763915
 20
5.833199218859188
 10
7.155026006604655
 20
5.832921773652711
 10
7.135454825066171
 20
5.8326643865947805
 10
7.115702707915314
 20
5.832427431393462
 10
7.095313440451321
 20
5.8321825785347166
 10
7.074892659170547
 20
5.831899943982748
 10
7.0550450319942595
 20
5.8316220401835706
 10
7.035473850955633
 20
5.831364614667813
 10
7.015722146854627
 20
5.831127664660735
 10
6.99572577468331
 20
5.830887708194679
 10
6.9757294025119885
 20
5.830647751728623
 10
6.955553187815059
 20
5.830405599092865
 10
6.935132143007558
 20
5.8301432272953715
 10
6.914891241678695
 20
5.829859925342852
 10
6.8952874530247055
 20
5.829585291410884
 10
6.875716015465145
 20
5.829347589816086
 10
6.855573039804958
 20
5.829105837491368
 10
6.835151994486856
 20
5.828843504977657
 10
6.814910680112676
 20
5.828560197480927
 10
6.795306478411439
 20
5.828285558147238
 10
6.775735041352352
 20
5.828047818094621
 10
6.7555928917948584
 20
5.82780607588947
 10
6.735171845966182
 20
5.827543782659543
 10
6.714930118546671
 20
5.827260469619004
 10
6.694934266185897
 20
5.8269805276859525
 10
6.674938413825135
 20
5.826700585752902
 10
6.6485045349106535
 20
5.826281721390497
 10
6.613223864259103
 20
5.824673159112408
 10
6.584442029681802
 20
5.822281170863035
 10
6.534813030743085
 20
5.816938453751155
 10
6.483440840677079
 20
5.806145126212726
 10
6.4472557236540755
 20
5.797067960252335
 10
6.395519871552001
 20
5.780367306563618
 10
6.358904284161981
 20
5.7653356534806415
 10
6.310791856279584
 20
5.74356370401279
 10
6.263205950518447
 20
5.715512872754538
 10
6.230860798651663
 20
5.694568273098071
 10
6.185304570305112
 20
5.660181941538576
 10
6.154799006450857
 20
5.632943093296052
 10
6.116847953525334
 20
5.596490150951908
 10
6.081674344136037
 20
5.554605602402854
 10
6.058666236539528
 20
5.5248708797306625
 10
6.0281930690016745
 20
5.479355773226927
 10
6.008948287587644
 20
5.4452148078234766
 10
5.983837556237706
 20
5.396534689919244
 10
5.963763155486495
 20
5.34378330371457
 10
5.951791282446698
 20
5.307972132805734
 10
5.938014328993655
 20
5.254578158657745
 10
5.931186126557702
 20
5.216190834722954
 10
5.924405503600578
 20
5.17065119553711
 10
5.921610888942265
 20
5.1237410697646
 10
5.920691565002203
 20
5.099227667064849
 10
5.920109873747265
 20
5.071576417837147
 10
5.920042150216848
 20
5.047500107998871
 10
5.920001531264897
 20
5.027091200901079
 10
5.9200000002261195
 20
5.006668390978704
 10
5.92
 20
4.986656715424162
 10
5.92
 20
4.966658903565869
 10
5.92
 20
4.946661091707574
 10
5.92
 20
4.926663279849285
 10
5.92
 20
4.906665467990992
 10
5.92
 20
4.886667656132697
 10
5.92
 20
4.866669844274408
 10
5.92
 20
4.846672032416115
 10
5.92
 20
4.826674220557819
 10
5.92
 20
4.80667640869953
 10
5.92
 20
4.786678596841234
 10
5.92
 20
4.766680784982942
 10
5.92
 20
4.746682973124654
 10
5.92
 20
4.726685161266357
 10
5.92
 20
4.706687349408065
 10
5.92
 20
4.686689537549773
 10
5.92
 20
4.66669172569148
 10
5.92
 20
4.646693913833189
 10
5.92
 20
4.626696101974896
 10
5.92
 20
4.606698290116603
 10
5.92
 20
4.586700478258311
 10
5.92
 20
4.566702666400018
 10
5.92
 20
4.546704854541726
 10
5.92
 20
4.526707042683434
 10
5.92
 20
4.506709230825141
 10
5.92
 20
4.486711418966849
 10
5.92
 20
4.466713607108557
 10
5.92
 20
4.446715795250265
 10
5.92
 20
4.426717983391972
 10
5.92
 20
4.40672017153368
 10
5.92
 20
4.386722359675384
 10
5.92
 20
4.366724547817095
 10
5.92
 20
4.346726735958799
 10
5.92
 20
4.3267289241005065
 10
5.92
 20
4.306731112242217
 10
5.92
 20
4.286733300383922
 10
5.92
 20
4.2667354885256294
 10
5.92
 20
4.246737676667341
 10
5.92
 20
4.226739864809045
 10
5.92
 20
4.206742052950752
 10
5.92
 20
4.186744241092464
 10
5.92
 20
4.166746429234168
 10
5.92
 20
4.146748617375876
 10
5.92
 20
4.126750805517584
 10
5.92
 20
4.106752993659291
 10
5.92
 20
4.086755181800998
 10
5.92
 20
4.066757369942706
 10
5.92
 20
4.046759558084414
 10
5.92
 20
4.026761746226121
 10
5.92
 20
4.006763934367829
 10
5.920005477364841
 20
3.9889238366040325
 10
5.919851865754352
 20
3.973602359522393
 10
5.9194599192153445
 20
3.9561253078866168
 10
5.919426807581367
 20
3.9475897600869065
 10
5.9186609614128365
 20
3.9395604882949136
 10
5.917658483189417
 20
3.9261968985962405
 10
5.916953850848966
 20
3.9194931986773893
 10
5.91509070098773
 20
3.9067431371134664
 10
5.914146293355541
 20
3.898845447732459
 10
5.912512373632105
 20
3.891536947109334
 10
5.91005954639663
 20
3.8791171522310024
 10
5.908899319359109
 20
3.8741168564080843
 10
5.905627575670701
 20
3.862540724822971
 10
5.904285717267804
 20
3.85679760148182
 10
5.902304140255142
 20
3.851826692200073
 10
5.898143755841288
 20
3.8398360633901096
 10
5.896243969051875
 20
3.834883311611324
 10
5.891388743149109
 20
3.823813901431936
 10
5.890672961147086
 20
3.8212582907629344
 10
5.889456187090114
 20
3.8197263674954725
 10
5.884377716248719
 20
3.8100836622462273
 10
5.883448803619049
 20
3.8084508695997865
 10
5.877727233409674
 20
3.7998716386694977
 10
5.877212593118053
 20
3.7983485590114396
 10
5.876369157274906
 20
3.797919872500459
 10
5.870623928188032
 20
3.790446872793149
 10
5.871418892317823
 20
3.791312247723284
 10
5.865236377780068
 20
3.785112452352737
 10
5.868412784813872
 20
3.7874405138358624
 10
5.871601164755845
 20
3.790950004524313
 10
5.865908095188471
 20
3.7860673125813973
 10
5.869952221990609
 20
3.7889761668564255
 10
5.864124827844653
 20
3.785482708007157
 10
5.868146934336411
 20
3.787234268192245
 10
5.872442765006369
 20
3.7901152791907564
 10
5.866252355476042
 20
3.7869143165014534
 10
5.87179918625234
 20
3.789175627756387
 10
5.865728441769921
 20
3.7873283980061005
 10
5.871357823900936
 20
3.7884354602273453
 10
5.877471125530048
 20
3.7905259285763377
 10
5.870227411743365
 20
3.7888469790071686
 10
5.875203225965436
 20
3.7895607070210264
 10
5.868317589502745
 20
3.7891551654777853
 10
5.864536727513364
 20
3.788512001027733
 10
5.861130968005177
 20
3.7887789547379254
 10
5.84257258000559
 20
3.7885919784160302
 10
5.824704461271767
 20
3.7884985545649377
 10
5.805815079706176
 20
3.7885
 10
5.785817267847883
 20
3.7885
 10
5.765819455989591
 20
3.7885
 10
5.745821644131299
 20
3.7885
 10
5.725823832273006
 20
3.7885
 10
5.7058260204147135
 20
3.7885
 10
5.685828208556421
 20
3.7885
 10
5.665830396698128
 20
3.7885
 10
5.6458325848398365
 20
3.7885
 10
5.62583477298154
 20
3.7885
 10
5.605836961123249
 20
3.7885
 10
5.5858391492649595
 20
3.7885
 10
5.565841337406663
 20
3.7885
 10
5.545843525548372
 20
3.7885
 10
5.5258457136900825
 20
3.7885
 10
5.505847901831787
 20
3.7885
 10
5.4858500899734945
 20
3.7885
 10
5.465852278115202
 20
3.7885
 10
5.445854466256909
 20
3.7885
 10
5.425856654398617
 20
3.7885
 10
5.405858842540325
 20
3.7885
 10
5.385861030682032
 20
3.7885
 10
5.36586321882374
 20
3.7885
 10
5.345865406965448
 20
3.7885
 10
5.325867595107155
 20
3.7885
 10
5.3058697832488635
 20
3.7885
 10
5.285871971390571
 20
3.7885
 10
5.265874159532278
 20
3.7885
 10
5.245876347673983
 20
3.7885
 10
5.225878535815694
 20
3.7885
 10
5.205880723957401
 20
3.7885
 10
5.185882912099105
 20
3.7885
 10
5.165885100240816
 20
3.7885
 10
5.145887288382524
 20
3.7885
 10
5.125889476524228
 20
3.7885
 10
5.10589166466594
 20
3.7885
 10
5.085893852807647
 20
3.7885
 10
5.065896040949351
 20
3.7885
 10
5.045898229091063
 20
3.7885
 10
5.025900417232767
 20
3.7885
 10
5.005902605374475
 20
3.7885
 10
4.985904793516182
 20
3.7885
 10
4.96590698165789
 20
3.7885
 10
4.945909169799597
 20
3.7885
 10
4.925911357941304
 20
3.7885
 10
4.9059135460830126
 20
3.7885
 10
4.88591573422472
 20
3.7885
 10
4.865917922366427
 20
3.7885
 10
4.8459201105081355
 20
3.7885
 10
4.825922298649843
 20
3.7885
 10
4.805924486791551
 20
3.7885
 10
4.7859266749332585
 20
3.7885
 10
4.765928863074966
 20
3.7885
 10
4.746735792819149
 20
3.788499238106321
 10
4.728438240379405
 20
3.78856835099465
 10
4.709336261526374
 20
3.788722109690196
 10
4.6967758274311056
 20
3.7887575080332874
 10
4.684436265665997
 20
3.7893535553794355
 10
4.668871909693046
 20
3.7900175322869174
 10
4.657860465488865
 20
3.790715416203766
 10
4.64266609594728
 20
3.792053963228396
 10
4.631812430952778
 20
3.792893067453698
 10
4.621302341192261
 20
3.7943550483416977
 10
4.606976452335507
 20
3.7961994452893095
 10
4.5983428528592425
 20
3.797540606201438
 10
4.584557576374497
 20
3.8001381615786722
 10
4.576417145479385
 20
3.8014816849540534
 10
4.568767273100933
 20
3.8035090518699874
 10
4.5557346678373305
 20
3.806652889330865
 10
4.549296868462571
 20
3.8084187938739857
 10
4.536955177547695
 20
3.81233521498145
 10
4.530771793676131
 20
3.8140390990845465
 10
4.525242685469707
 20
3.816395360255871
 10
4.513670011395932
 20
3.8208000637667605
 10
4.509311449781469
 20
3.8226401036355853
 10
4.498518324543938
 20
3.8278101247733876
 10
4.494045424966109
 20
3.8296181058609644
 10
4.490325767353716
 20
3.832018600869546
 10
4.479651882463603
 20
3.8379676087371237
 10
4.475967511698688
 20
3.8401991657704495
 10
4.466261980862777
 20
3.8467587419397447
 10
4.461792539252846
 20
3.8494251060881832
 10
4.4581730763247265
 20
3.852542806078646
 10
4.448427360469919
 20
3.860013766698859
 10
4.444902230083463
 20
3.8629243580067936
 10
4.436108661256688
 20
3.8709236709948454
 10
4.431314322675237
 20
3.8749290681543047
 10
4.427370464387382
 20
3.879278555337159
 10
4.418118224042232
 20
3.888700189485292
 10
4.413767907412597
 20
3.8934241088578787
 10
4.405443751162455
 20
3.903223504619636
 10
4.400151363452297
 20
3.909132004649149
 10
4.3956499004822565
 20
3.9153105511707045
 10
4.386674740013012
 20
3.927052622550385
 10
4.381024214432432
 20
3.9348329554375794
 10
4.3728111155435085
 20
3.9468513552625053
 10
4.367117059876029
 20
3.9549282551932183
 10
4.362149824532286
 20
3.963181698829416
 10
4.353178774579707
 20
3.977696737458017
 10
4.345813238716031
 20
3.9899675797678515
 10
4.33728212369803
 20
4.004671664350437
 10
4.330092615408093
 20
4.016968105002206
 10
4.323380330234274
 20
4.029357576058641
 10
4.314022148032995
 20
4.046546746514329
 10
4.304757635684822
 20
4.063616223019664
 10
4.295387435305131
 20
4.080939509139842
 10
4.286046136158924
 20
4.098208810274209
 10
4.276739465464301
 20
4.115485390073817
 10
4.26845142863797
 20
4.130856652534738
 10
4.261646901859015
 20
4.143853391033404
 10
4.253882098486351
 20
4.159197274548173
 10
4.245426885974648
 20
4.175878854676084
 10
4.23709266175555
 20
4.192582236246829
 10
4.228221210588257
 20
4.210364902636858
 10
4.219386079986755
 20
4.228093613181542
 10
4.210519057256663
 20
4.245907209574533
 10
4.202347753743949
 20
4.262315763351475
 10
4.194331306831755
 20
4.278749819209551
 10
4.186214495181557
 20
4.295385561824208
 10
4.178881108343947
 20
4.310682037412546
 10
4.171051874118228
 20
4.3273399493081754
 10
4.1626270112523125
 20
4.345257506584199
 10
4.154221377215196
 20
4.363177814992491
 10
4.145768368861043
 20
4.3812002464541075
 10
4.137360372347838
 20
4.399145571294624
 10
4.128924002582465
 20
4.417172367379065
 10
4.121615824951415
 20
4.4327670427086305
 10
4.114558296577628
 20
4.448397353936995
 10
4.106614693827363
 20
4.465980126368887
 10
4.098982568260183
 20
4.483008976960958
 10
4.091151203518356
 20
4.500640633313187
 10
4.083033033556993
 20
4.518916513472512
 10
4.074914863595627
 20
4.5371923936318455
 10
4.0668710274338
 20
4.555300833934977
 10
4.058926087855534
 20
4.57322835060507
 10
4.05092447476393
 20
4.591331132789671
 10
4.043951466291548
 20
4.607084367996109
 10
4.037231426474638
 20
4.622862960124188
 10
4.029495326528632
 20
4.641019028496803
 10
4.021825500921965
 20
4.659063126768265
 10
4.01410110899225
 20
4.677284897708071
 10
4.00621051797006
 20
4.695898454825574
 10
3.99829855414237
 20
4.714509281025914
 10
3.990513061577735
 20
4.732821043919879
 10
3.982785639676611
 20
4.7510213464161986
 10
3.9750272738343098
 20
4.769323175516545
 10
3.9682918348061818
 20
4.785188915024639
 10
3.961811305014534
 20
4.801070414012796
 10
3.954215141979301
 20
4.819678919256893
 10
3.9464923427302514
 20
4.83855079662618
 10
3.9388212375372786
 20
4.857244203286315
 10
3.9313144156214372
 20
4.875536986627486
 10
3.9238299161031747
 20
4.893830724391931
 10
3.9162896601210813
 20
4.912262443552814
 10
3.908785300341593
 20
4.930625122975409
 10
3.9012596456971007
 20
4.949061008467523
 10
3.8943926774850373
 20
4.965872751206132
 10
3.8876993745798547
 20
4.9826943405582265
 10
3.880395731040422
 20
5.00105204852343
 10
3.8731649811904245
 20
5.019272717404411
 10
3.8658843099852316
 20
5.037672380809206
 10
3.85832949349316
 20
5.0567638039947
 10
3.850720667037219
 20
5.075853176744291
 10
3.8434036172197903
 20
5.094204916357315
 10
3.8362238201984296
 20
5.112276605135233
 10
3.8289736827945067
 20
5.130599237568376
 10
3.8220922500095402
 20
5.147984409092202
 10
3.8153362114958695
 20
5.165373737470537
 10
3.808110973150121
 20
5.183975738031672
 10
3.800870563249598
 20
5.202616793355669
 10
3.7936301533490804
 20
5.221257848679654
 10
3.7863897434485616
 20
5.239898904003643
 10
3.7791493335480397
 20
5.258539959327638
 10
3.7719089236475196
 20
5.277181014651629
 10
3.7646685137469995
 20
5.29582206997562
 10
3.7574281038464776
 20
5.314463125299615
 10
3.750571721629646
 20
5.332111789134601
 10
3.7438183166773817
 20
5.349764084391201
 10
3.7367269370436147
 20
5.368304635849651
 10
3.729680401948483
 20
5.386757557369002
 10
3.7226048038959254
 20
5.405321121746234
 10
3.715482348545286
 20
5.424007563593136
 10
3.7083598931946464
 20
5.442694005440038
 10
3.701171578770351
 20
5.46155312203941
 10
3.693891137371659
 20
5.480604218813107
 10
3.6866578761140674
 20
5.499475500972611
 10
3.6797741946688616
 20
5.517432671829078
 10
3.672966605495522
 20
5.5353887041921315
 10
3.6659797801526297
 20
5.553822655510383
 10
3.6591084351197227
 20
5.572018194371067
 10
3.6521720825816013
 20
5.590462871317106
 10
3.644997391896149
 20
5.609540532309939
 10
3.6377838797061295
 20
5.628617606069361
 10
3.6307049954461736
 20
5.6473346565521
 10
3.6236307626948783
 20
5.666039407555525
 10
3.616556529943582
 20
5.684744158558952
 10
3.609617533776799
 20
5.703090847657125
 10
3.6027171172988033
 20
5.7214363009990565
 10
3.595683086822362
 20
5.740140428222356
 10
3.588643857048243
 20
5.758858380121718
 10
3.5816046272741224
 20
5.777576332021083
 10
3.574565397500005
 20
5.7962942839204405
 10
3.5675261677258847
 20
5.815012235819806
 10
3.560486937951767
 20
5.833730187719164
 10
3.5534477081776483
 20
5.8524481396185255
 10
3.546408478403528
 20
5.871166091517891
 10
3.5391834118156495
 20
5.890377271891111
 10
3.531903901093932
 20
5.909590303985549
 10
3.5248337601069686
 20
5.928244277027152
 10
3.517805729821047
 20
5.946805574555471
 10
3.510760023497615
 20
5.96543492136524
 10
3.503820958050735
 20
5.983781794144333
 10
3.4969205244586883
 20
6.00212724103167
 10
3.489797353374444
 20
6.021068186921041
 10
3.482542282268908
 20
6.0402904462811895
 10
3.475350416054265
 20
6.059265884616652
 10
3.4681786145795708
 20
6.0781879076632075
 10
3.460982681296899
 20
6.097110069508084
 10
3.453845656542299
 20
6.115874815410246
 10
3.446676584437737
 20
6.13470524861585
 10
3.4395251138481138
 20
6.153467836646953
 10
3.432402658497473
 20
6.17215427849386
 10
3.4252802031468317
 20
6.190840720340766
 10
3.4180922924055706
 20
6.209698779217152
 10
3.410811951515288
 20
6.228749914407726
 10
3.4035782855867094
 20
6.2476222539127
 10
3.396231503268146
 20
6.266788639712164
 10
3.3888301179199836
 20
6.2859565607322265
 10
3.3815763289066387
 20
6.304735774543047
 10
3.374273182840389
 20
6.323613022490595
 10
3.3669991872182816
 20
6.342380790206973
 10
3.3598563896331526
 20
6.360809820537099
 10
3.3527374977683753
 20
6.379237456248544
 10
3.3453118751552378
 20
6.398460315974888
 10
3.3375641452841927
 20
6.4183452435519435
 10
3.329976225365905
 20
6.437627707222161
 10
3.3223737371625965
 20
6.456943647582916
 10
3.314692415529684
 20
6.476260487941766
 10
3.3072621140553564
 20
6.494936637307971
 10
3.2998050678275415
 20
6.513661468538499
 10
3.2923673194398435
 20
6.532316168507885
 10
3.284876553314359
 20
6.551103654711201
 10
3.2773623935076728
 20
6.569891537487777
 10
3.269649355881631
 20
6.589172304830969
 10
3.261533785675606
 20
6.609252078357861
 10
3.2536218143063826
 20
6.628594973407065
 10
3.2457629514068653
 20
6.6478037492616835
 10
3.237825396171912
 20
6.667013031592179
 10
3.230104233713361
 20
6.685689253071267
 10
3.2222978903363964
 20
6.7045260837080916
 10
3.2145423838876592
 20
6.7231879080808215
 10
3.2063730214280013
 20
6.742840374502881
 10
3.198067517145781
 20
6.762494340082095
 10
3.18998744310242
 20
6.781595044842206
 10
3.181545985074334
 20
6.801372316012013
 10
3.173301689843071
 20
6.820486079495517
 10
3.1650200312940835
 20
6.839682018749603
 10
3.1566418241207774
 20
6.858880599444822
 10
3.1482736504744717
 20
6.878041497648253
 10
3.1394281362488945
 20
6.89807284822335
 10
3.1308422453357077
 20
6.917267895839233
 10
3.121620759993805
 20
6.9378616543295655
 10
3.1121202837912008
 20
6.958446497856146
 10
3.103679750391262
 20
6.9766941595339445
 10
3.0952842954642503
 20
6.994844333519008
 10
3.086888840537239
 20
7.0129945075040725
 10
3.0765627913259697
 20
7.035260525675572
 10
3.06571707032908
 20
7.057504709206623
 10
3.056445637988242
 20
7.076424954721271
 10
3.0467298042753153
 20
7.096049890567572
 10
3.0373091247927184
 20
7.114851991616192
 10
3.0275317640370916
 20
7.134354382722266
 10
3.0175572763409404
 20
7.153849267541691
 10
3.0068862120965183
 20
7.174648540384477
 10
2.994094778185612
 20
7.198676362569107
 10
2.982483201627996
 20
7.219595435188769
 10
2.9717810660496498
 20
7.238831831086588
 10
2.9608594185588686
 20
7.258051257869387
 10
2.9494893865757863
 20
7.278009673197592
 10
2.9361835055002548
 20
7.300661865076266
 10
2.9240288498708886
 20
7.32064963062462
 10
2.9125000580664753
 20
7.33957289231601
 10
2.9007398747377917
 20
7.358462232652939
 10
2.888945897041142
 20
7.3773664452719565
 10
2.87559565371709
 20
7.398288796545714
 10
2.8631970500457724
 20
7.417218306839649
 10
2.8512428377737753
 20
7.435448057203501
 10
2.839093862862582
 20
7.453650358775045
 10
2.8264743923469515
 20
7.472519674972685
 10
2.8118883120325537
 20
7.493768250118006
 10
2.7985129706053065
 20
7.512671394108675
 10
2.7856410847574673
 20
7.530833047399693
 10
2.7725208238076418
 20
7.548954036254304
 10
2.759223211698753
 20
7.567276509713948
 10
2.743988452186257
 20
7.587759902002439
 10
2.730014110474115
 20
7.606026719987384
 10
2.714821492984623
 20
7.625819594190684
 10
2.6990772932498803
 20
7.645462486782888
 10
2.6848607782402296
 20
7.6631088640473
 10
2.6687154757753127
 20
7.682692107732227
 10
2.653887869425648
 20
7.700198021961086
 10
2.6368164740695246
 20
7.720261606755323
 10
2.619026481976363
 20
7.740089152961344
 10
2.60256238941651
 20
7.75829096459603
 10
2.5824765490786024
 20
7.779646837325837
 10
2.5648967769728532
 20
7.79752014447472
 10
2.5451559629311644
 20
7.817433777385805
 10
2.5245102795767185
 20
7.8369504477798655
 10
2.5061261280956937
 20
7.854139224482425
 10
2.483358891983279
 20
7.87450984492422
 10
2.463740072917391
 20
7.891193164809148
 10
2.43911517728561
 20
7.911842092861804
 10
2.4131252353755333
 20
7.93165563667717
 10
2.3915365465993776
 20
7.947787217711862
 10
2.363703538879859
 20
7.967354429317359
 10
2.340600335438705
 20
7.982488914041416
 10
2.308998648047936
 20
8.002649549542088
 10
2.2754810054109647
 20
8.02115808221992
 10
2.2493978280714497
 20
8.035015490035486
 10
2.2140876873417255
 20
8.052039215944793
 10
2.1860878879605012
 20
8.06404875442872
 10
2.145980146380819
 20
8.08035707100479
 10
2.103679482161881
 20
8.093704152104124
 10
2.0728423291562175
 20
8.102633164852799
 10
2.0299892972371913
 20
8.112802224160745
 10
1.9975266157915041
 20
8.118678225564848
 10
1.9533540807592649
 20
8.125669083048246
 10
1.9077754612487414
 20
8.128973467592184
 10
1.876792658549158
 20
8.130470003156214
 10
1.8351098283013898
 20
8.130627106012275
 10
1.8035069403640445
 20
8.129203334703995
 10
1.7637709880336903
 20
8.126749983041035
 10
1.7235927432738463
 20
8.121417854396043
 10
1.696926281406737
 20
8.117431479591707
 10
1.66409914071451
 20
8.111575958194742
 10
1.6375772076303496
 20
8.105996018213741
 10
1.610612559350465
 20
8.100192013524348
 10
1.5835955871469205
 20
8.09349967908083
 10
1.5550925934053041
 20
8.086227988295576
 10
1.5171277178947773
 20
8.074884258476306
 10
1.488359476056394
 20
8.064881620604856
 10
1.4417818438725056
 20
8.047359928349653
 10
1.3963249460867029
 20
8.024926483418028
 10
1.3679590819291525
 20
8.009872310444996
 10
1.3304636236382006
 20
7.987555775426049
 10
1.3034925923216387
 20
7.969534319217486
 10
1.2691209152499447
 20
7.9456075091153275
 10
1.2362269117728006
 20
7.918767031034098
 10
1.2138728414611752
 20
7.899807063131013
 10
1.1856018847409036
 20
7.87388828895745
 10
1.1646122889187738
 20
7.852993407609809
 10
1.1400895757476754
 20
7.8280263701533634
 10
1.1167492319133037
 20
7.801461443219646
 10
1.098769600437379
 20
7.780519786763971
 10
1.0767919668511945
 20
7.753191161287709
 10
1.0600950129116873
 20
7.730919173387589
 10
1.0393873546951706
 20
7.7027044274681655
 10
1.020100774030371
 20
7.673111696949052
 10
1.0055999785755563
 20
7.6503195371977855
 10
0.9882532675416912
 20
7.621170417608667
 10
0.975071461510655
 20
7.59734117323935
 10
0.9594865677046542
 20
7.568624620150554
 10
0.9451926563188779
 20
7.538966072356824
 10
0.9338326190858043
 20
7.51485950175245
 10
0.920490277586429
 20
7.4843119955681825
 10
0.9104615248685576
 20
7.459311756394902
 10
0.8985782890305398
 20
7.429006616682379
 10
0.8880808267148689
 20
7.397950824973733
 10
0.8799071683583841
 20
7.373089429539273
 10
0.8706199877952236
 20
7.342084408229053
 10
0.863753846855517
 20
7.316564774793979
 10
0.855468411760639
 20
7.284790958850256
 10
0.8486857104972346
 20
7.25240081052767
 10
0.8435629202993332
 20
7.226845489464646
 10
0.8380781700031994
 20
7.195235969682946
 10
0.8343015991305198
 20
7.1692329537824175
 10
0.8298628000268526
 20
7.136979037330931
 10
0.8269461018346631
 20
7.104295194372619
 10
0.8248657654845164
 20
7.078588004639647
 10
0.8231060029073713
 20
7.047137786331545
 10
0.8223373827686806
 20
7.021183933138384
 10
0.8216112211879047
 20
6.989524237676254
 10
0.822310235945287
 20
6.957626773824773
 10
0.8230870077518382
 20
6.93143318240393
 10
0.8249073958315432
 20
6.899150275457704
 10
0.8271281095303371
 20
6.8728764102422835
 10
0.8300245356219019
 20
6.841230032139901
 10
0.8343734823688418
 20
6.809560548254842
 10
0.8380467892710557
 20
6.784196075590468
 10
0.8432792121186995
 20
6.75338873114467
 10
0.8482520342247413
 20
6.728063719484955
 10
0.8546096770528772
 20
6.6968058277511915
 10
0.8624267810199973
 20
6.66570467947213
 10
0.8689497223082883
 20
6.640554842581483
 10
0.8778071578392364
 20
6.609729657499795
 10
0.8857520458155532
 20
6.584697827234683
 10
0.8959178863398157
 20
6.553498054137388
 10
0.9076672099698512
 20
6.522617614155892
 10
0.9170537789350639
 20
6.498553061339691
 10
0.929275955085954
 20
6.469404548206298
 10
0.9399624810045768
 20
6.445697911396234
 10
0.950884277475073
 20
6.4216905345390005
 10
0.9624776155368155
 20
6.397893777315294
 10
0.9728301798123342
 20
6.376796152052493
 10
0.9851090634322746
 20
6.352724805713459
 10
0.9961822734390244
 20
6.331864925140193
 10
1.0084223320775971
 20
6.308933299883165
 10
1.021286083015032
 20
6.286217384133169
 10
1.0319174689674808
 20
6.26754163721238
 10
1.043346570856085
 20
6.247760345346011
 10
1.054211037498881
 20
6.229247096169289
 10
1.0672000834500064
 20
6.207192333113715
 10
1.0807464657180372
 20
6.185378538138335
 10
1.091818704727619
 20
6.167622746313788
 10
1.1034024752915461
 20
6.149208761281805
 10
1.1146112850227072
 20
6.131557243724925
 10
1.1269534085824793
 20
6.112142854630778
 10
1.1395828787802225
 20
6.092845166554522
 10
1.1511395615671973
 20
6.075217137304774
 10
1.1633554968447495
 20
6.056775745533405
 10
1.1750961574825656
 20
6.0392466626075505
 10
1.1872616918943866
 20
6.0210931575729605
 10
1.1995954683805512
 20
6.003017201290894
 10
1.2113070970657362
 20
5.985866206046539
 10
1.2235094383200689
 20
5.968128591112689
 10
1.235355244549182
 20
5.951044398410322
 10
1.247082127950351
 20
5.934133695304573
 10
1.2588605369927408
 20
5.917246099632692
 10
1.2705673361319545
 20
5.900464048153095
 10
1.2825828137061213
 20
5.8833172391588775
 10
1.2943761333475257
 20
5.866568604051425
 10
1.306224557173917
 20
5.84974288651649
 10
1.3181247362667663
 20
5.832940078795244
 10
1.329855136521224
 20
5.816379678928529
 10
1.3417793825092457
 20
5.799593271575298
 10
1.3535623788151503
 20
5.7830562538314085
 10
1.365364147872691
 20
5.766493315289482
 10
1.3771957825625007
 20
5.749944030144133
 10
1.3887339148059878
 20
5.733806560669606
 10
1.400151294609045
 20
5.717811530691867
 10
1.4116514556873405
 20
5.7016715838763
 10
1.4232560135161125
 20
5.685385187199369
 10
1.4348605713448825
 20
5.6690987905224395
 10
1.4462994079153448
 20
5.653045140563975
 10
1.4575387303449154
 20
5.637226396440322
 10
1.4689202426679995
 20
5.621158187152539
 10
1.4801435730898769
 20
5.605314173452786
 10
1.4913166563412459
 20
5.589447861564844
 10
1.502824013631047
 20
5.573105815732119
 10
1.5143375733247832
 20
5.5567549618615
 10
1.5258511330185196
 20
5.540404107990881
 10
1.5365036566371688
 20
5.525280638207549
 10
1.547026542451985
 20
5.510105791988562
 10
1.5583084685154724
 20
5.493836122538944
 10
1.5694920147705718
 20
5.477681171144507
 10
1.5807566369524428
 20
5.461379131414694
 10
1.590619899268885
 20
5.44711982416789
 10
1.6002595701318922
 20
5.432774308264994
 10
1.6113863608178018
 20
5.416223699324974
 10
1.6225436671674833
 20
5.39962770600914
 10
1.63370097351716
 20
5.383031712693313
 10
1.6433862146282385
 20
5.368640167024059
 10
1.6528456599271246
 20
5.3541683127505815
 10
1.6635737953697305
 20
5.337763118253469
 10
1.6741032529738975
 20
5.321605449038004
 10
1.684788365808319
 20
5.30514535952977
 10
1.6942437223006168
 20
5.2905950569059
 10
1.7034703221526923
 20
5.275971633564622
 10
1.71363179802035
 20
5.259874893705608
 10
1.7232311557785929
 20
5.244523593897789
 10
1.73323146974219
 20
5.2283611916437405
 10
1.7424864654492118
 20
5.213418505982258
 10
1.7515288007145804
 20
5.198413962319673
 10
1.7611603158163727
 20
5.18243986501058
 10
1.770003689921063
 20
5.167567264349901
 10
1.779396476753568
 20
5.1515243759685125
 10
1.7882128859291853
 20
5.1364855896645425
 10
1.796799928773436
 20
5.121393037355033
 10
1.8058032273658173
 20
5.105580614835864
 10
1.8137809202880617
 20
5.0912946715716965
 10
1.8224582439633872
 20
5.075413540268357
 10
1.830726564075833
 20
5.060308327805476
 10
1.838747546912111
 20
5.04515039884236
 10
1.847064112299203
 20
5.029453079423658
 10
1.8541485125697008
 20
5.015738342896985
 10
1.8620418772046137
 20
5.000007025900499
 10
1.869610594182378
 20
4.984963302358791
 10
1.8769036893631368
 20
4.969860903154682
 10
1.8844830345843293
 20
4.954197964651463
 10
1.8907063485396811
 20
4.940926445817001
 10
1.897787162175677
 20
4.925264270945504
 10
1.9045202815491447
 20
4.910431808715218
 10
1.9109277585800237
 20
4.895554769136486
 10
1.9176016024182667
 20
4.880111803888312
 10
1.9227788986452303
 20
4.8676203718597755
 10
1.9288772711538227
 20
4.8521719929426395
 10
1.9342855825392469
 20
4.838596978976118
 10
1.93923789659428
 20
4.824991852591227
 10
1.945134086070574
 20
4.808905642840972
 10
1.9498516127499381
 20
4.795489034744792
 10
1.9552335042569626
 20
4.77941065891882
 10
1.959083498847476
 20
4.768177453439582
 10
1.9622886622785896
 20
4.756978766461693
 10
1.9671084924167523
 20
4.740516609494083
 10
1.9710089657948893
 20
4.7265396237072235
 10
1.9753798071621111
 20
4.709974587430248
 10
1.9781118716405528
 20
4.700079978073918
 10
1.9801151099945915
 20
4.690278189866615
 10
1.9837525292251381
 20
4.673371316116197
 10
1.986700202037247
 20
4.658839166389877
 10
1.9899063996347668
 20
4.641864933102918
 10
1.9918033892483362
 20
4.632545091259524
 10
1.9929434577576
 20
4.623384728572966
 10
1.9954614803061246
 20
4.60506739594657
 10
1.9977317963474863
 20
4.587803516208294
 10
2.0000419337307864
 20
4.569304987126826
 10
2.0014799915053967
 20
4.558603540924823
 10
2.0022365952243786
 20
4.5480599364242655
 10
2.0037386557040797
 20
4.529335315374661
 10
2.0050871013039386
 20
4.51147608990542
 10
2.0064105220049755
 20
4.492625373407615
 10
2.0073097570105847
 20
4.480996246404487
 10
2.007582687790639
 20
4.469538445765193
 10
2.008152811917831
 20
4.450558240014851
 10
2.008632253067912
 20
4.432265717614496
 10
2.009051542125339
 20
4.413164559840906
 10
2.009400173368339
 20
4.399379485611844
 10
2.009256485332487
 20
4.385756608906341
 10
2.0091070421795676
 20
4.36693130342718
 10
2.0088797037306305
 20
4.349059820907469
 10
2.008538455624555
 20
4.3301833360338176
 10
2.008297197974357
 20
4.315162248232504
 10
2.0076519335407874
 20
4.300291483664405
 10
2.006851179010593
 20
4.281246739168317
 10
2.0060123371522693
 20
4.262946851160131
 10
2.0050567472581644
 20
4.243853312826116
 10
2.004310081031962
 20
4.228430710746026
 10
2.003193474430988
 20
4.213161700473061
 10
2.0017938354603877
 20
4.193758631615213
 10
2.000381067375143
 20
4.174692485610398
 10
1.9988947341758594
 20
4.155217052031926
 10
1.9976715457443663
 20
4.138974135341964
 10
1.996142527827787
 20
4.122861239943338
 10
1.994350842208108
 20
4.103868763226458
 10
1.9925650337964402
 20
4.08569242377415
 10
1.990616216188017
 20
4.066710681421059
 10
1.988833845502026
 20
4.049271137301363
 10
1.9868426035799343
 20
4.031922683919511
 10
1.9846659653454197
 20
4.012937034291929
 10
1.9825157040273678
 20
3.9948047346707805
 10
1.9801858143070659
 20
3.975868188262404
 10
1.9778967774479512
 20
3.9572410960566926
 10
1.9755007981973711
 20
3.9386623417500393
 10
1.9730778860782683
 20
3.919875209813439
 10
1.970710949726272
 20
3.902198309069082
 10
1.968106262930723
 20
3.8835236330300464
 10
1.9654591940691504
 20
3.864528079379581
 10
1.9627406692633786
 20
3.8455659031258125
 10
1.9600509123871022
 20
3.8268047265441933
 10
1.9574344354766255
 20
3.8091648425720175
 10
1.954565890223402
 20
3.790529404519868
 10
1.951515540910926
 20
3.7707021035151747
 10
1.9484707708462865
 20
3.7508721621397143
 10
1.9455652878883358
 20
3.731942712363771
 10
1.942733879842701
 20
3.7139781727959424
 10
1.9396838510746965
 20
3.695189180087657
 10
1.936470096931935
 20
3.67538438815368
 10
1.9332621708613325
 20
3.655576646034548
 10
1.9301964969524041
 20
3.6366411881148064
 10
1.927209643672083
 20
3.6186353334802996
 10
1.924005581122086
 20
3.5998365691493697
 10
1.9206466540305334
 20
3.580122866100139
 10
1.9172877269389796
 20
3.5604091630509016
 10
1.9139344085721461
 20
3.5407283700676557
 10
1.9105844072607354
 20
3.5210856883117545
 10
1.9072252611120806
 20
3.501410699602558
 10
1.9039165721079263
 20
3.4820304408554423
 10
1.900578587789944
 20
3.462665433304025
 10
1.8971825333852486
 20
3.442968318460008
 10
1.893784766835506
 20
3.423261272471501
 10
1.8903870002857626
 20
3.403554226482992
 10
1.8869892337360201
 20
3.383847180494484
 10
1.883591467186277
 20
3.3641401345059743
 10
1.8801605876439478
 20
3.3442407694652947
 10
1.8767101692404857
 20
3.324117908797635
 10
1.8733136299641204
 20
3.3041838081865484
 10
1.8698195496487688
 20
3.283672298299106
 10
1.8663972979846022
 20
3.2631191524098875
 10
1.8630793431230557
 20
3.2431706922284893
 10
1.8597479239820713
 20
3.2230269424328855
 10
1.8564693734575535
 20
3.2030726718716473
 10
1.8530857562011867
 20
3.1824729638615272
 10
1.8497808671129725
 20
3.1618308893600537
 10
1.8464954111511855
 20
3.141281831206327
 10
1.8431513836085063
 20
3.119863824694284
 10
1.8400141280824016
 20
3.099206071975187
 10
1.8368820892873645
 20
3.078570386478034
 10
1.8338289117028814
 20
3.0578932543193367
 10
1.8307371240805126
 20
3.0369172574769046
 10
1.827574954916048
 20
3.0146176366531083
 10
1.8247094796740224
 20
2.993463312800743
 10
1.821911376022337
 20
2.9727841197427334
 10
1.8191923979885587
 20
2.952065065117323
 10
1.8163361784886636
 20
2.9302340589215086
 10
1.813410026366903
 20
2.9061450453383952
 10
1.8109536836750648
 20
2.884004187186193
 10
1.8085775648406708
 20
2.8625041874243564
 10
1.806354579975686
 20
2.840929599659051
 10
1.8040490862188492
 20
2.8183840209934323
 10
1.80175316041663
 20
2.7929124049622143
 10
1.7999987363207794
 20
2.7700107983753592
 10
1.7981892439956182
 20
2.745989988952902
 10
1.7967947941145637
 20
2.7217926645050885
 10
1.7955696382336503
 20
2.6998919328586277
 10
1.7944357179192278
 20
2.676081613540944
 10
1.793593492097028
 20
2.6540481948443144
 10
1.792580833244522
 20
2.6246525948187336
 10
1.7926650688048178
 20
2.5948849695046503
 10
1.7928709593285561
 20
2.5709832255351976
 10
1.7935592736385721
 20
2.543333987784396
 10
1.7946013350703995
 20
2.5192464380339876
 10
1.7959238215172795
 20
2.4910563717389453
 10
1.7982017131674963
 20
2.4626338138053288
 10
1.8003159121680963
 20
2.4378573656415354
 10
1.8034671453683568
 20
2.408220223663805
 10
1.8067136680446472
 20
2.3831987741906024
 10
1.810349591599933
 20
2.3559607390084256
 10
1.8148569398638368
 20
2.3285785971592032
 10
1.8187345921656077
 20
2.3056105564590235
 10
1.8235087976140845
 20
2.27954531189017
 10
1.8280989500858786
 20
2.256521956293672
 10
1.8335527192017242
 20
2.2295889327980642
 10
1.8398833116878777
 20
2.202580243360796
 10
1.8455017104052172
 20
2.1790700558007017
 10
1.8526084487295456
 20
2.1515220788344296
 10
1.859216134320551
 20
2.1278893503369747
 10
1.86739576191602
 20
2.099169313158977
 10
1.8767957743187065
 20
2.0704451573428657
 10
1.8848462689529217
 20
2.046386591985443
 10
1.8952618290839642
 20
2.017461530100427
 10
1.9045882557331169
 20
1.9934753084050625
 10
1.916283997237843
 20
1.9639745929084236
 10
1.929474709257305
 20
1.9346377648838848
 10
1.9406528604533915
 20
1.9103510995053068
 10
1.9555113554032082
 20
1.8803394706652208
 10
1.968327095671921
 20
1.8563640512157396
 10
1.9853537513834274
 20
1.8252747757363519
 10
2.004430769615286
 20
1.794714724366808
 10
2.019313209002722
 20
1.7715284241766913
 10
2.0391177027153464
 20
1.742699435984413
 10
2.0557614025465467
 20
1.7201765736305268
 10
2.0766270069431485
 20
1.6925221473381828
 10
2.0992867705420846
 20
1.665666062886893
 10
2.1176511160044806
 20
1.6444195816231102
 10
2.1422606523588987
 20
1.6178250643774108
 10
2.1624838081918036
 20
1.5975347262691442
 10
2.1871251672332925
 20
1.5733149351301008
 10
2.213408432695348
 20
1.5501419919861543
 10
2.2335390845437018
 20
1.5327847727981934
 10
2.2591222217011993
 20
1.5119219783039537
 10
2.2804883002337175
 20
1.4955439273417999
 10
2.305594294630624
 20
1.4765770628681838
 10
2.3317976755763223
 20
1.458542397094682
 10
2.352116141976185
 20
1.4447762716657044
 10
2.376394326766592
 20
1.42899643759009
 10
2.397433559660707
 20
1.4159455102399257
 10
2.4206018729177425
 20
1.4016803376414888
 10
2.4443767934533494
 20
1.3879905388468872
 10
2.463960743795944
 20
1.3768069801579639
 10
2.4857583775403853
 20
1.3646679287392087
 10
2.505653421603792
 20
1.3538972976108117
 10
2.524862541441994
 20
1.343511434707598
 10
2.5442101131049872
 20
1.3332571080780489
 10
2.565084678155187
 20
1.3222226747412513
 10
2.5896890773458465
 20
1.3097240402271753
 10
2.611320306641245
 20
1.299223496437771
 10
2.6386514544072512
 20
1.286122076582625
 10
2.666809888435357
 20
1.2739947362447084
 10
2.6899156318128763
 20
1.2642284262994512
 10
2.7178868836706003
 20
1.2531080521717666
 10
2.7416742587824428
 20
1.2442974592201899
 10
2.7698869585473624
 20
1.2340167945792322
 10
2.7987873593745265
 20
1.2247566706733541
 10
2.8223257509085853
 20
1.217377865121535
 10
2.8504302315709156
 20
1.2091748691956883
 10
2.8745088376017556
 20
1.2027143106256009
 10
2.902441670331261
 20
1.1953502218796814
 10
2.9308978730926256
 20
1.1889169957941075
 10
2.954106075875293
 20
1.18379525908833
 10
2.9809659748046577
 20
1.1783149210510162
 10
3.00449726241382
 20
1.1739440542095392
 10
3.031486463540757
 20
1.1690183293585001
 10
3.058860214957635
 20
1.164874469374452
 10
3.082304562693082
 20
1.161424086875588
 10
3.1094011339297167
 20
1.1578720285327257
 10
3.1331310453577057
 20
1.1551803730241512
 10
3.160010206757284
 20
1.1522104969214482
 10
3.187186235711485
 20
1.1499992622478645
 10
3.210699915651112
 20
1.1481748089284136
 10
3.237854833279376
 20
1.146488542939076
 10
3.261676771187424
 20
1.1454208394203478
 10
3.2882502295813176
 20
1.1443005516186013
 10
3.3150573822792966
 20
1.1439007660322718
 10
3.338450360337824
 20
1.1436319204295737
 10
3.36524516491091
 20
1.143715292708897
 10
3.3888539364784847
 20
1.14417208722787
 10
3.4154361654143215
 20
1.1447548486916155
 10
3.4422138770520982
 20
1.1460709600159849
 10
3.465596677871499
 20
1.1473012756316145
 10
3.4923489636273772
 20
1.1491023870719117
 10
3.5158855460229668
 20
1.151071919314829
 10
3.5419789722587165
 20
1.1533178399290505
 10
3.5681981743558335
 20
1.1562553244540332
 10
3.5914416641985745
 20
1.158933203480418
 10
3.6180617009427665
 20
1.162397409208309
 10
3.6414513135576336
 20
1.165831008305723
 10
3.667835887150318
 20
1.16977513270077
 10
3.6943325718654307
 20
1.1744847689641176
 10
3.7174106414634456
 20
1.1786718104647578
 10
3.743817500606045
 20
1.1838673376394209
 10
3.7669851835074923
 20
1.1888255691716614
 10
3.793622530018429
 20
1.194608671880014
 10
3.820332925737843
 20
1.2012422991697296
 10
3.8435387563745906
 20
1.2071079925406043
 10
3.8704020738733336
 20
1.2143801548220656
 10
3.893600053679095
 20
1.2211250156564026
 10
3.922633998449883
 20
1.2297228308697963
 10
3.95161340569288
 20
1.2395883817557682
 10
3.978493168411366
 20
1.2489907122858042
 10
4.013422799176679
 20
1.2626502806502073
 10
4.0403196018260035
 20
1.2744262270858275
 10
4.072292319471794
 20
1.2888510799668063
 10
4.103870269299422
 20
1.3052770031060126
 10
4.127467523842189
 20
1.317903155237898
 10
4.1564136941187195
 20
1.3344539499861103
 10
4.179514471683148
 20
1.3486251623930425
 10
4.2054424849100505
 20
1.3647626285409395
 10
4.230942811471288
 20
1.3821269017983644
 10
4.250836354367909
 20
1.3958611294766057
 10
4.273785702672987
 20
1.412310317447793
 10
4.293315220253317
 20
1.426892801297902
 10
4.3143672040100585
 20
1.4427012683512443
 10
4.33517854995758
 20
1.4591998143508076
 10
4.353014637171743
 20
1.4734329635110779
 10
4.372757277754796
 20
1.4895767207276165
 10
4.390302824471591
 20
1.504314735158244
 10
4.408264864006716
 20
1.5194346024967642
 10
4.4260816775245
 20
1.534900021018204
 10
4.4422164556759665
 20
1.5489402256508518
 10
4.459264259797256
 20
1.563953815134677
 10
4.475259938551976
 20
1.5782308570388812
 10
4.491703573046904
 20
1.5929177255836526
 10
4.508059854492623
 20
1.6077993023976005
 10
4.522991533922378
 20
1.6213992589974797
 10
4.537979149055028
 20
1.6350673928317803
 10
4.552858345929269
 20
1.6486562156569253
 10
4.5674200899824005
 20
1.6619552749114954
 10
4.581992397692065
 20
1.6752289364029629
 10
4.596553614652089
 20
1.6884915863696506
 10
4.6108906384218
 20
1.7015138688389224
 10
4.625465351195674
 20
1.7147097124644812
 10
4.638585022586913
 20
1.7265966854317107
 10
4.651785448942646
 20
1.7382833414641283
 10
4.66564583567786
 20
1.75055752116145
 10
4.678418512673357
 20
1.7617162759117633
 10
4.692348472546451
 20
1.7736941424233617
 10
4.705073577023514
 20
1.7846556622812704
 10
4.717887560913917
 20
1.7953303032025212
 10
4.731757967050044
 20
1.8068940367265367
 10
4.744197416517096
 20
1.817082441628239
 10
4.758162382387342
 20
1.8282835966932915
 10
4.769388840052054
 20
1.8373404123021388
 10
4.780729289367246
 20
1.8459169235727226
 10
4.793900251877985
 20
1.8559265015995856
 10
4.804391502114759
 20
1.8636420772760594
 10
4.817682491252451
 20
1.8730365565382014
 10
4.827923830693624
 20
1.8803698325199887
 10
4.8382664107585285
 20
1.8870905589723108
 10
4.8514041783850965
 20
1.8957249841852528
 10
4.861040486938394
 20
1.9017912643032457
 10
4.874271031270047
 20
1.9096883647512417
 10
4.883334438073107
 20
1.9152383951473397
 10
4.892440281962026
 20
1.920044110789243
 10
4.905368398539166
 20
1.9270404933092342
 10
4.913694626347574
 20
1.9312871634982813
 10
4.926645843571665
 20
1.937405641979355
 10
4.9346899860117786
 20
1.9413902436192534
 10
4.9426561384068295
 20
1.944529988984997
 10
4.955068818837667
 20
1.94968259798674
 10
4.9614166270922135
 20
1.952095897247964
 10
4.97369699563509
 20
1.9562142037975163
 10
4.979502571527243
 20
1.9584266635704524
 10
4.985104575747523
 20
1.9597044916145105
 10
4.998805366420399
 20
1.9633982102491152
 10
5.007122300659282
 20
1.9654071730561287
 10
5.020744240431238
 20
1.9682260104110973
 10
5.035117404028436
 20
1.9712811242860948
 10
5.049377188343496
 20
1.973875215924264
 10
5.066244150409522
 20
1.976975259816177
 10
5.0803704326286265
 20
1.9793855315012407
 10
5.097150368522021
 20
1.981990190074609
 10
5.1115620244895545
 20
1.9842713500249338
 10
5.125854719513917
 20
1.9860934011302123
 10
5.142727911225877
 20
1.9882798552053724
 10
5.156625918439162
 20
1.9898900507652053
 10
5.17333778472213
 20
1.9915558174381989
 10
5.187546229196495
 20
1.9930209755040789
 10
5.201579746048383
 20
1.994011258149442
 10
5.218322738924646
 20
1.995232123545795
 10
5.231879893098094
 20
1.9960234373789634
 10
5.248444438987051
 20
1.9967053816006644
 10
5.263104085447823
 20
1.9973544624943007
 10
5.2775802166781975
 20
1.9975661321656213
 10
5.294816977529297
 20
1.9978496024866985
 10
5.309288154437077
 20
1.9979091891059273
 10
5.326323330057743
 20
1.997728517230646
 10
5.340985970894789
 20
1.9976153759332855
 10
5.355436488520539
 20
1.997074421063578
 10
5.372854272106586
 20
1.9964526707976487
 10
5.387761270619527
 20
1.9957506393969662
 10
5.405021813087703
 20
1.9947063784782193
 10
5.420452764707914
 20
1.9938048206692878
 10
5.435677159685224
 20
1.9925401059050125
 10
5.453650817374836
 20
1.9910640632381913
 10
5.4697307669265145
 20
1.9896055353018036
 10
5.487570586062307
 20
1.9878057308994936
 10
5.504222364241359
 20
1.986143093047732
 10
5.520727176303878
 20
1.9842136135921848
 10
5.538898899759524
 20
1.9820959323151262
 10
5.555345689220221
 20
1.9800530888186545
 10
5.573346272194466
 20
1.9776538403319532
 10
5.591110193814423
 20
1.9752952175582905
 10
5.608765328235204
 20
1.972764884285838
 10
5.627077852444178
 20
1.9701406071573035
 10
5.643816424939401
 20
1.9676268278106446
 10
5.661931429547868
 20
1.9647574919234323
 10
5.680149974948459
 20
1.9618779176796226
 10
5.6982896461016255
 20
1.9588690203487145
 10
5.717135402583001
 20
1.9557416092731015
 10
5.735057590322094
 20
1.9526943838329256
 10
5.753790124406343
 20
1.949418848303008
 10
5.772298266511457
 20
1.9461854319639447
 10
5.790741175951023
 20
1.9428516498294546
 10
5.809577368075113
 20
1.9394450705252124
 10
5.82752165220986
 20
1.9361286902026338
 10
5.846246289764392
 20
1.9325810102874814
 10
5.8651042568164
 20
1.9290099100075206
 10
5.883918542410197
 20
1.9253716777693375
 10
5.903143613788847
 20
1.921652136670521
 10
5.921952105324784
 20
1.9179776288693022
 10
5.941131426858711
 20
1.914188398243026
 10
5.960279481965964
 20
1.9104058608968293
 10
5.979399347296756
 20
1.9065834723593924
 10
5.998800733048224
 20
1.9027032391165006
 10
6.017997975963868
 20
1.8988457330334994
 10
6.037379650578397
 20
1.8949297831816094
 10
6.05619667271768
 20
1.8911287462135378
 10
6.074967643426916
 20
1.8872618001972956
 10
6.094296106201073
 20
1.8832778330380193
 10
6.113385695117533
 20
1.8793214179503388
 10
6.132696428920178
 20
1.8752933235827633
 10
6.152354537475085
 20
1.8711928675802616
 10
6.172017478757805
 20
1.8670994388188227
 10
6.191559865860795
 20
1.8630314335987996
 10
6.211052360187734
 20
1.858970003138316
 10
6.230582926778963
 20
1.8548961399803177
 10
6.249850012549813
 20
1.850877358708673
 10
6.2690985895172044
 20
1.8468323136984797
 10
6.288617094388744
 20
1.842729446037168
 10
6.308100844761965
 20
1.8386300517646341
 10
6.32762283497352
 20
1.8345180552085263
 10
6.347581745573523
 20
1.8303142225086142
 10
6.367565333573032
 20
1.8261439818659981
 10
6.386596115025781
 20
1.8221747676800455
 10
6.404940613465482
 20
1.8182966485744607
 10
6.42383464716587
 20
1.814239102462657
 10
6.43682255786975
 20
1.8115047147400807
 10
6.449416740736216
 20
1.8083257300129238
 10
6.467993931168452
 20
1.8036913030237158
 10
6.486185889951786
 20
1.7991011136771535
 10
6.504913968088829
 20
1.7943123634704479
 10
6.51436411322312
 20
1.7920244758474544
 10
6.52317423752199
 20
1.7891822878770223
 10
6.540530735553537
 20
1.7837990604066936
 10
6.556766686272425
 20
1.7786481183566205
 10
6.574257089952853
 20
1.7729495365199366
 10
6.59070990860762
 20
1.7676010039212617
 10
6.6069704871367865
 20
1.7620677858626763
 10
6.622877179081371
 20
1.7566651866940686
 10
6.635381643535115
 20
1.7522107887692908
 10
6.65068172666009
 20
1.7464402053585983
 10
6.668197368837271
 20
1.739855202507106
 10
6.685617847840504
 20
1.7331812941248277
 10
6.7032628588462275
 20
1.7264193723485595
 10
6.719767975066042
 20
1.7200003889074948
 10
6.737205524517937
 20
1.7130984113476841
 10
6.752581380785302
 20
1.7070294147982357
 10
6.767696524219886
 20
1.7007459369914306
 10
6.7857126690995155
 20
1.6932588110933087
 10
6.80350270349393
 20
1.6858334965256738
 10
6.821580338394364
 20
1.6782485522395076
 10
6.838291782605777
 20
1.671241505479141
 10
6.854864265873767
 20
1.6641109855985348
 10
6.872133846232427
 20
1.6566791486549806
 10
6.888209922539036
 20
1.6496597173453003
 10
6.905261888274432
 20
1.6420829061484117
 10
6.9233870294274
 20
1.634031729679939
 10
6.941498699061534
 20
1.6259696279493783
 10
6.959273416894038
 20
1.6180571267656427
 10
6.9764600566661565
 20
1.6103544319471124
 10
6.994109902531171
 20
1.6023805237896105
 10
7.010681450389148
 20
1.5948985093687265
 10
7.027109940786587
 20
1.5873029433892074
 10
7.044951818341015
 20
1.5790501691259156
 10
7.062579807431899
 20
1.5708704134079725
 10
7.080428695192368
 20
1.562556570228813
 10
7.099045843697926
 20
1.5538853845450336
 10
7.117707173733186
 20
1.5452504707011325
 10
7.135096351846628
 20
1.537207984371254
 10
7.151491552149653
 20
1.5295436797612472
 10
7.168629296182811
 20
1.5214283957213026
 10
7.186215501383848
 20
1.5131025635364228
 10
7.203756626189828
 20
1.5047426502466028
 10
7.222017544258804
 20
1.496037420414947
 10
7.2405910934506075
 20
1.4872107659454654
 10
7.258944185962711
 20
1.4785213461352436
 10
7.276199224319936
 20
1.4703529961853772
 10
7.293379627490198
 20
1.4621278889793468
 10
7.311376830804214
 20
1.4535083834300604
 10
7.329412801116957
 20
1.4448703133911418
 10
7.347448771429708
 20
1.4362322433522188
 10
7.365155456609163
 20
1.4277520536720476
 10
7.382831406777985
 20
1.419248862211493
 10
7.400991394389145
 20
1.4105111683269778
 10
7.41936400986836
 20
1.4016895260708413
 10
7.437589592185503
 20
1.3929605864048757
 10
7.455139418803375
 20
1.3845557271666173
 10
7.472642191943114
 20
1.376117981477985
 10
7.490860758972248
 20
1.3673326685105107
 10
7.509395409512482
 20
1.3584224495898123
 10
7.5277116674922
 20
1.3496500137524445
 10
7.5457476378049435
 20
1.341011943713525
 10
7.563783608117692
 20
1.3323738736746031
 10
7.58181957843044
 20
1.3237358036356817
 10
7.599855548743194
 20
1.3150977335967575
 10
7.617891519055942
 20
1.306459663557836
 10
7.636742266587288
 20
1.2974324311445056
 10
7.655672902654998
 20
1.288463505274239
 10
7.673789842400601
 20
1.2798860132199592
 10
7.691864249800435
 20
1.2713286610439316
 10
7.709938657200265
 20
1.2627713088679058
 10
7.728342790230944
 20
1.2540580208213552
 10
7.746779478226709
 20
1.245367681059562
 10
7.764887096443833
 20
1.2368346657788358
 10
7.782976953001107
 20
1.228310020985253
 10
7.801066809558388
 20
1.2197853761916677
 10
7.820794719612999
 20
1.2104930728953824
 10
7.840681257037924
 20
1.2013236008125538
 10
7.859003077832839
 20
1.1928891036209828
 10
7.877332863574665
 20
1.184459337612032
 10
7.8955935416574095
 20
1.1760714534732242
 10
7.913280435610732
 20
1.1679475136657531
 10
7.930920266077393
 20
1.159790670567828
 10
7.949743911782211
 20
1.1510844666798454
 10
7.969491059790628
 20
1.1420375240683718
 10
7.988576035694995
 20
1.1333956818715114
 10
8.008439501456726
 20
1.1244067593554803
 10
8.028462975105137
 20
1.115541161095925
 10
8.04668083803483
 20
1.1074886542621507
 10
8.064609492620214
 20
1.099546282720545
 10
8.082690382222937
 20
1.0915146692303672
 10
8.101453130710565
 20
1.083180596871551
 10
8.120261785505594
 20
1.0748817832742714
 10
8.139840998764502
 20
1.0662488307768287
 10
8.161004494045924
 20
1.0570787979800316
 10
8.18097547554096
 20
1.048609167565226
 10
8.200216771694857
 20
1.0404535674341158
 10
8.219536313189497
 20
1.0323591440826958
 10
8.23786475393271
 20
1.0246858856053953
 10
8.255943429175716
 20
1.017099539174781
 10
8.274176899647726
 20
1.0094263924964815
 10
8.294267751487432
 20
1.0009758000288174
 10
8.31451609779286
 20
0.9926516530114138
 10
8.334377407198033
 20
0.9845036089537378
 10
8.355780668542778
 20
0.9758828582470795
 10
8.375973474292874
 20
0.9679323419088228
 10
8.395417073688824
 20
0.9602813618795942
 10
8.414938519111027
 20
0.9526927198023798
 10
8.433625996098689
 20
0.9454342760395886
 10
8.452267051422684
 20
0.9381938661390676
 10
8.470908106746668
 20
0.9309534562385497
 10
8.493599660575677
 20
0.9221635210344395
 10
8.516675434164434
 20
0.9137149317662543
 10
8.536653086376715
 20
0.9064477005462365
 10
8.557630343255255
 20
0.8989301988362259
 10
8.57768804102751
 20
0.8918740133179095
 10
8.596910515035882
 20
0.8851137458606697
 10
8.616165812397773
 20
0.8783801192322946
 10
8.635966266982175
 20
0.8714594863944918
 10
8.656905212884888
 20
0.8642458141089058
 10
8.676979114786532
 20
0.8574537172173499
 10
8.701242399900723
 20
0.8492852622033451
 10
8.725987228727165
 20
0.8415973070566201
 10
8.745798292981002
 20
0.835504879908473
 10
8.765819843645806
 20
0.8293908620716327
 10
8.785455718928345
 20
0.8234464779974418
 10
8.80448441559131
 20
0.8176862420006898
 10
8.82350335831298
 20
0.811917553624742
 10
8.8470046534414
 20
0.8048140691253415
 10
8.87610153613502
 20
0.7966790179421117
 10
8.900972331649617
 20
0.7903840321382913
 10
8.921122587489062
 20
0.7853160460443482
 10
8.94133458616775
 20
0.7803098673355262
 10
8.961013881331446
 20
0.7754408250078074
 10
8.980930852890962
 20
0.7705358132138567
 10
9.000631010657909
 20
0.7657120141129508
 10
9.030411989316873
 20
0.758556859233232
 10
9.061069390718478
 20
0.7525227129064997
 10
9.082674623411
 20
0.7484322811705718
 10
9.105374912061329
 20
0.744285655905776
 10
9.126754360577774
 20
0.7405527060367477
 10
9.146386711532797
 20
0.7371280014128332
 10
9.166013888430692
 20
0.7336976212783802
 10
9.19271633130043
 20
0.7290903852899064
 10
9.228291079327477
 20
0.7241238949275526
 10
9.256962936304767
 20
0.7212107646090018
 10
9.279249588128303
 20
0.7190246866995262
 10
9.301700434744175
 20
0.7170642117944387
 10
9.324219966530801
 20
0.7151268888108635
 10
9.349688470181079
 20
0.7132288689554743
 10
9.372724388502318
 20
0.7118327605434478
 10
9.407933676074691
 20
0.7099904635316996
 10
9.444087010846214
 20
0.7101431419944848
 10
9.46573312951318
 20
0.7104892029317811
 10
9.487425947464923
 20
0.7109136913919617
 10
9.5083628054075
 20
0.7114151249503056
 10
9.539597495948474
 20
0.7123137089047127
 10
9.571442433525894
 20
0.7146199537384788
 10
9.603477312326849
 20
0.7173478254053087
 10
9.648867882531668
 20
0.7235635612804463
 10
9.682552412620097
 20
0.73020520493453
 10
9.731122146245502
 20
0.7412047013110961
 10
9.779895909937569
 20
0.7574634077597862
 10
9.814573584796122
 20
0.7704011830620101
 10
9.863870559060727
 20
0.7926933249535664
 10
9.897798918518774
 20
0.8112114534774775
 10
9.94151937100992
 20
0.8369533028963642
 10
9.983600398944452
 20
0.8678738429397229
 10
10.011239158499157
 20
0.8896877414298303
 10
10.048640655332514
 20
0.9230589943544052
 10
10.074105234135239
 20
0.9490232257150145
 10
10.105063390481275
 20
0.9822358209080083
 10
10.13375354898008
 20
1.0189229042386703
 10
10.152484809924982
 20
1.0441866356390903
 10
10.176169004839398
 20
1.0793837100111254
 10
10.192738019541116
 20
1.1069193405044044
 10
10.211986441780626
 20
1.1400767664636646
 10
10.229321827716845
 20
1.175058382639061
 10
10.24169466002804
 20
1.2010699608866333
 10
10.256573008677234
 20
1.2355115006851987
 10
10.26714720445314
 20
1.2629609066819651
 10
10.278739643012752
 20
1.2939399124973883
 10
10.288936202849277
 20
1.3259271221712008
 10
10.296513206554508
 20
1.3505064641858873
 10
10.305028676198347
 20
1.3806540124547388
 10
10.311451548706824
 20
1.4059554462779873
 10
10.318899090987747
 20
1.4360883411254675
 10
10.325129642477203
 20
1.4669016670724908
 10
10.329753570258077
 20
1.4906380931103462
 10
10.334659228102035
 20
1.5183745535167037
 10
10.338436674794682
 20
1.542462245054995
 10
10.342766315409802
 20
1.5708155453412338
 10
10.346147511115364
 20
1.599629662742683
 10
10.348785176163613
 20
1.6231553684739246
 10
10.351403168800667
 20
1.6502600194028607
 10
10.353285915415334
 20
1.6740732527862983
 10
10.355311188825375
 20
1.7005901154852154
 10
10.3566261009105
 20
1.7273947405777912
 10
10.357673468513307
 20
1.75035473414438
 10
10.358527639678787
 20
1.7762803015982656
 10
10.358957181307831
 20
1.7994742713209702
 10
10.3593489219359
 20
1.821510079371697
 10
10.359539444860092
 20
1.8436316511528301
 10
10.359701615999947
 20
1.8639076600579596
 10
10.35984616766674
 20
1.8843299295306108
 10
10.359967589808518
 20
1.9045566462276085
 10
10.360087574519962
 20
1.9245540981350102
 10
10.360207559231407
 20
1.94455155004243
 10
10.360326326394674
 20
1.9643535668697834
 10
10.360461745163434
 20
1.9839259212051328
 10
10.360619948262165
 20
2.003693559969885
 10
10.360782992137601
 20
2.02409849856952
 10
10.360907375037604
 20
2.0445209090897922
 10
10.361026247597087
 20
2.064340412062414
 10
10.361161639772098
 20
2.0839127665839716
 10
10.361319840740208
 20
2.1036801197251243
 10
10.361482882604617
 20
2.1240847727002476
 10
10.361607292669593
 20
2.144507183030776
 10
10.361726168799306
 20
2.164327257255076
 10
10.361861534380566
 20
2.1838996119627954
 10
10.36201973321825
 20
2.203666679480359
 10
10.362182773071442
 20
2.224071046830993
 10
10.36230721030139
 20
2.244493456971735
 10
10.362427302015059
 20
2.2645086806510717
 10
10.362547286726503
 20
2.2845061325584846
 10
10.362667271437946
 20
2.3045035844658863
 10
10.362784619760177
 20
2.324094108761767
 10
10.362939730002516
 20
2.3436663253893726
 10
10.36310107333238
 20
2.3638397455524247
 10
10.363245759409292
 20
2.3842620140840323
 10
10.36336719079535
 20
2.4044901440329514
 10
10.363484541104729
 20
2.4240809539535384
 10
10.363639624753315
 20
2.443653170766916
 10
10.363800963655926
 20
2.463826019684281
 10
10.363945676897808
 20
2.484248288025709
 10
10.364067110152751
 20
2.5044767036000612
 10
10.364187094864196
 20
2.5244741555074435
 10
10.36430707957564
 20
2.5444716074148377
 10
10.364425857710053
 20
2.564275323120328
 10
10.364561118301301
 20
2.583847678563151
 10
10.364719308730098
 20
2.603613618461445
 10
10.364882323436408
 20
2.6240144168591524
 10
10.365007084635593
 20
2.644434269883301
 10
10.36512620994535
 20
2.664256106333097
 10
10.36526178673008
 20
2.6838310147734807
 10
10.365420001168113
 20
2.7036001732133412
 10
10.365583046032999
 20
2.7240052523539156
 10
10.365707415566533
 20
2.7444276629675586
 10
10.365827502980268
 20
2.7644421748529355
 10
10.365947487691713
 20
2.7844396267603297
 10
10.366067472403158
 20
2.804437078667731
 10
10.366184815772485
 20
2.824026891173261
 10
10.36633999228773
 20
2.843599107337936
 10
10.36650134665052
 20
2.863773951072546
 10
10.366645965031024
 20
2.8841962200781177
 10
10.366767391760561
 20
2.9044236382348148
 10
10.366884737117516
 20
2.9240137363650294
 10
10.367039887039006
 20
2.9435859527154746
 10
10.367201236974545
 20
2.9637602252044166
 10
10.367345882520016
 20
2.984182494019791
 10
10.367467311117963
 20
3.0044101978019064
 10
10.367587295829408
 20
3.0244076497093073
 10
10.367707280540852
 20
3.0444051016167015
 10
10.367826054079423
 20
3.0642081055296364
 10
10.367961380943568
 20
3.083780460508457
 10
10.368119576679963
 20
3.1035471121944163
 10
10.368282613604732
 20
3.123951063712082
 10
10.368407090383426
 20
3.1443734735765787
 10
10.368525975281171
 20
3.1641949507223006
 10
10.368661275551565
 20
3.183767305887284
 10
10.368819469158005
 20
3.2035336719496432
 10
10.368982504071086
 20
3.223937337842824
 10
10.369107008014753
 20
3.2443597475175396
 10
10.369227103967102
 20
3.264375672658278
 10
10.369347088678547
 20
3.284373124565691
 10
10.36946707338999
 20
3.304370576473092
 10
10.369584426592061
 20
3.3239618022268416
 10
10.369739471523527
 20
3.34353401931067
 10
10.36990080398062
 20
3.3637060365670317
 10
10.370045556771242
 20
3.3841283046315525
 10
10.370166992747393
 20
3.4043571360401645
 10
10.370284347936142
 20
3.423948647418623
 10
10.370439366273853
 20
3.443520864688217
 10
10.370600694303695
 20
3.4636923106988915
 10
10.370745474259287
 20
3.4841145785732306
 10
10.370866912104795
 20
3.5043436956072678
 10
10.37098689681624
 20
3.52434114751465
 10
10.371106881527684
 20
3.544338599422044
 10
10.371225664190057
 20
3.5641430165875625
 10
10.371360859470439
 20
3.583715372487656
 10
10.371519044669853
 20
3.603480610930737
 10
10.371682071639068
 20
3.623883149201036
 10
10.371806682827893
 20
3.6443055581265753
 10
10.371925585390855
 20
3.664129861780213
 10
10.372060754077486
 20
3.68370221786651
 10
10.372218937147894
 20
3.7034671706859634
 10
10.372381962104471
 20
3.723869423331748
 10
10.37250660045827
 20
3.7442918320675598
 10
10.372626704953932
 20
3.76430917046364
 10
10.372746689665377
 20
3.784306622371003
 10
10.372866674376823
 20
3.8043040742783965
 10
10.372984037406939
 20
3.8238967132804804
 10
10.373138950754624
 20
3.8434689312834687
 10
10.373300261306023
 20
3.863638122061558
 10
10.373445148506761
 20
3.884060389185013
 10
10.373566593734225
 20
3.9042906338455077
 10
10.373683958750068
 20
3.923883558472249
 10
10.373838845504002
 20
3.9434557766609992
 10
10.374000151628145
 20
3.9636243961934454
 10
10.374145065993854
 20
3.9840466631266778
 10
10.374266513091628
 20
4.004277193412573
 10
10.374383880093006
 20
4.02387040366404
 10
10.374538740253188
 20
4.043442622038557
 10
10.374700041950078
 20
4.063610670325316
 10
10.374844983480758
 20
4.08403293706837
 10
10.37496643244903
 20
4.1042637529796755
 10
10.375086417160475
 20
4.124261204887077
 10
10.37520640187192
 20
4.144258656794478
 10
10.37532519549584
 20
4.164064772838189
 10
10.375460232598709
 20
4.183637129845775
 10
10.375618405137784
 20
4.203400669422304
 10
10.375781420133157
 20
4.22380150882073
 10
10.375906192897087
 20
4.244223916617543
 10
10.376025116695496
 20
4.264051618030835
 10
10.376160127204615
 20
4.283623975224619
 10
10.376318297615827
 20
4.30338722917755
 10
10.376481310597418
 20
4.323787782951489
 10
10.376606110526321
 20
4.344210190558537
 10
10.376726225298167
 20
4.364229227836048
 10
10.376846210009612
 20
4.384226679743449
 10
10.376966194721057
 20
4.40422413165085
 10
10.377083569559295
 20
4.423818469525908
 10
10.37723832472945
 20
4.443390688633835
 10
10.377399608947897
 20
4.463556481688002
 10
10.377544657723726
 20
4.483978747680171
 10
10.37766611407846
 20
4.504210691217954
 10
10.377783490901283
 20
4.523805314717704
 10
10.377938219477686
 20
4.543377534011383
 10
10.37809949926888
 20
4.563542755819892
 10
10.378244575209678
 20
4.583965021621869
 10
10.378366033435862
 20
4.604197250785025
 10
10.378486018147306
 20
4.624194702692419
 10
10.378606002858751
 20
4.644192154599841
 10
10.378724805596121
 20
4.663999683896178
 10
10.378859711115231
 20
4.683572041825022
 10
10.379017873127676
 20
4.703334168158605
 10
10.379180878157145
 20
4.72373359430976
 10
10.379305785331205
 20
4.7441560011676005
 10
10.379424726794829
 20
4.763986529088821
 10
10.379559605720187
 20
4.783558887203911
 10
10.379717765605717
 20
4.80332072791385
 10
10.379880768620456
 20
4.823719868440486
 10
10.38000570295949
 20
4.8441422751086
 10
10.380125826285
 20
4.864162725641409
 10
10.380245810996444
 20
4.884160177548791
 10
10.380365795707888
 20
4.904157629456174
 10
10.380483180363825
 20
4.923753380579599
 10
10.3806378039502
 20
4.943325600606735
 10
10.38079906626295
 20
4.963488567182617
 10
10.380944249448897
 20
4.98391083223369
 10
10.381065715065292
 20
5.004144189023277
 10
10.381183101704861
 20
5.023740225771402
 10
10.381337698697486
 20
5.043312445984292
 10
10.381498956582982
 20
5.063474841314516
 10
10.3816441669339
 20
5.083897106175394
 10
10.381765634422694
 20
5.104130748590368
 10
10.381885619134138
 20
5.124128200497762
 10
10.382005603845583
 20
5.1441256524051635
 10
10.382124415691708
 20
5.163934594954158
 10
10.382259189627055
 20
5.1835069538043586
 10
10.382417341117566
 20
5.203267666894945
 10
10.382580336176432
 20
5.223665679798803
 10
10.382705377760624
 20
5.24408808571766
 10
10.382824336889463
 20
5.2639214401468335
 10
10.38295908423106
 20
5.283493799183245
 10
10.383117233595607
 20
5.30325422665019
 10
10.38328022663879
 20
5.323651953929536
 10
10.38340529538796
 20
5.3440743596586255
 10
10.383525427271833
 20
5.364096223446733
 10
10.383645411983277
 20
5.384093675354134
 10
10.383765396694722
 20
5.404091127261554
 10
10.383882791163652
 20
5.42368829163334
 10
10.38403728316625
 20
5.443260512579625
 10
10.384198523573305
 20
5.463420652677274
 10
10.384343841169368
 20
5.483842916787262
 10
10.384465316052124
 20
5.504077686828619
 10
10.38458271250374
 20
5.523675136825131
 10
10.384737177912587
 20
5.54324735795723
 10
10.384898413892385
 20
5.5634069268091615
 10
10.38504375865342
 20
5.583829190728927
 10
10.385165235409527
 20
5.604064246395729
 10
10.385282633843635
 20
5.623661982016933
 10
10.38543707265873
 20
5.643234203334819
 10
10.385598304211275
 20
5.663393200941077
 10
10.385743676137281
 20
5.6838154646706105
 10
10.385865154766929
 20
5.704050805962795
 10
10.385985139478374
 20
5.724048257870196
 10
10.386105124189818
 20
5.744045709777609
 10
10.386223946979399
 20
5.763856351204889
 10
10.386358562737234
 20
5.783428711162589
 10
10.3865167015855
 20
5.8031877253864845
 10
10.386679684652432
 20
5.823584039418639
 10
10.386804887811728
 20
5.844006444208727
 10
10.386923868176016
 20
5.863843196397549
 10
10.3870584573401
 20
5.883415556541497
 10
10.38721659406354
 20
5.903174285141739
 10
10.38737957511365
 20
5.923570313549387
 10
10.387504805437922
 20
5.943992718149729
 10
10.387624947616066
 20
5.9640162808191866
 10
10.38774493232751
 20
5.984013732726568
 10
10.387864917038955
 20
6.004011184633981
 10
10.387982323297917
 20
6.0236100478788925
 10
10.388136657122988
 20
6.0431822699301945
 10
10.38829787119709
 20
6.063339012303866
 10
10.388443350368243
 20
6.083761275282523
 10
10.388564836396357
 20
6.103997744201072
 10
10.388682244636865
 20
6.123596893070682
 10
10.388836551868181
 20
6.143169115307793
 10
10.38899776151503
 20
6.16332528643579
 10
10.389143267851153
 20
6.183747549224212
 10
10.38926475575376
 20
6.2039843037681575
 10
10.389384740465204
 20
6.223981755675539
 10
10.38950472517665
 20
6.243979207582915
 10
10.389623557064636
 20
6.263791262262932
 10
10.389758041238709
 20
6.283363623142019
 10
10.38991616957539
 20
6.303121224122831
 10
10.390079142661369
 20
6.323516124907756
 10
10.390204480230798
 20
6.34393852875883
 10
10.390324198868873
 20
6.363892471100489
 10
10.390449808876852
 20
6.383727460879513
 10
10.390584468252898
 20
6.403633143624963
 10
10.390719737842682
 20
6.423630497981405
 10
10.390855007432467
 20
6.44362785233786
  0
LWPOLYLINE
  5
97
330
17
100
AcDbEntity
  8
FORKS
100
AcDbPolyline
 90
155
 70
0
 10
7.702923195073154
 20
8.514418556669538
 10
7.703710888610075
 20
8.494332371478063
 10
7.704497873305537
 20
8.474264220182066
 10
7.705291267965945
 20
8.454217445761
 10
7.706093849096753
 20
8.434152973220526
 10
7.706856656831382
 20
8.414978687404469
 10
7.707975873918534
 20
8.395848719412054
 10
7.709178536279307
 20
8.375388455018808
 10
7.710238587345496
 20
8.35433641542892
 10
7.7110496733088025
 20
8.333693361660506
 10
7.711835993660299
 20
8.313642037388977
 10
7.712636146708428
 20
8.293595530651668
 10
7.713440026145333
 20
8.273498516060812
 10
7.714238681604829
 20
8.253373580086215
 10
7.715027295862438
 20
8.233263986542811
 10
7.715814989399358
 20
8.213177801351339
 10
7.716602682936279
 20
8.193091616159865
 10
7.717390376473199
 20
8.173005430968391
 10
7.71817807001012
 20
8.15291924577692
 10
7.718965763547041
 20
8.132833060585444
 10
7.719752248706411
 20
8.11277756862834
 10
7.7205507278456835
 20
8.092730995591772
 10
7.721354274707083
 20
8.072642316253804
 10
7.722154607339043
 20
8.052517446708672
 10
7.722943386100675
 20
8.032403685467752
 10
7.723731079637596
 20
8.012317500276279
 10
7.724518773174516
 20
7.992231315084805
 10
7.725306133341981
 20
7.972153621599321
 10
7.726095695507633
 20
7.952106695380719
 10
7.726897897430276
 20
7.932051764882462
 10
7.727702454646195
 20
7.911937732926523
 10
7.7284959773676265
 20
7.891812593655653
 10
7.729284089265072
 20
7.871715754775638
 10
7.730071782801993
 20
7.851629569584165
 10
7.730859476338913
 20
7.831543384392689
 10
7.731646170008337
 20
7.8114826132823785
 10
7.732442528832948
 20
7.79143595626526
 10
7.733239278683656
 20
7.771514402864772
 10
7.7340597658878565
 20
7.752369688698495
 10
7.7351969793369175
 20
7.7330899878650525
 10
7.7364110932226335
 20
7.712418873829243
 10
7.737395261749181
 20
7.69136311615779
 10
7.738198261037641
 20
7.670904374575135
 10
7.738985954574561
 20
7.650818189383661
 10
7.739773648111482
 20
7.630732004192188
 10
7.740560509951788
 20
7.610666970092769
 10
7.741355156596249
 20
7.590620245260082
 10
7.742157942010031
 20
7.570550649884519
 10
7.742962114608988
 20
7.550425932433613
 10
7.743751270665117
 20
7.530302629074492
 10
7.744538964202037
 20
7.51021644388302
 10
7.745326657738958
 20
7.490130258691547
 10
7.746114351275878
 20
7.470044073500073
 10
7.746900544474196
 20
7.449995961691935
 10
7.747701987777716
 20
7.429949506058209
 10
7.748506123565098
 20
7.4098460666224035
 10
7.749303486253602
 20
7.389721079443862
 10
7.750091973829513
 20
7.369614698382377
 10
7.7508796673664335
 20
7.349528513190906
 10
7.751667360903355
 20
7.329442327999432
 10
7.752455054440275
 20
7.309356142807958
 10
7.753242747977195
 20
7.289269957616486
 10
7.754030441514116
 20
7.2691837724250155
 10
7.754816799654298
 20
7.249131492936584
 10
7.7556165690489545
 20
7.229084971003757
 10
7.756420372260833
 20
7.2089898668208034
 10
7.757219412121809
 20
7.188864946071567
 10
7.758008064067751
 20
7.168754397307317
 10
7.7587957576046716
 20
7.148668212115844
 10
7.759583451141592
 20
7.128582026924372
 10
7.760370685003652
 20
7.10850754593545
 10
7.761161537424655
 20
7.08846067082143
 10
7.7619638669105315
 20
7.068402527876072
 10
7.762734014681461
 20
7.049076521743964
 10
7.763793664439515
 20
7.029943626396684
 10
7.7649788113608444
 20
7.009792980730431
 10
7.76610394329776
 20
6.988744137928557
 10
7.766922235840321
 20
6.967943017106815
 10
7.767708806424352
 20
6.947885363184072
 10
7.768506417233027
 20
6.927838755755061
 10
7.769309791572794
 20
6.907754400281642
 10
7.770110994228329
 20
6.887629565196494
 10
7.770899858393955
 20
6.867513641989119
 10
7.771687551930875
 20
6.847427456797647
 10
7.772475245467796
 20
6.8273412716061745
 10
7.7732629390047165
 20
6.807255086414701
 10
7.774050632541638
 20
6.787168901223228
 10
7.774838326078558
 20
6.767082716031752
 10
7.775625061206456
 20
6.747020894413056
 10
7.776420998106286
 20
6.7269742206844745
 10
7.777224039870547
 20
6.70689820046395
 10
7.778026919698533
 20
6.686773431808579
 10
7.778815948632193
 20
6.66665334091406
 10
7.779603642169113
 20
6.646567155722585
 10
7.7803913357060335
 20
6.626480970531113
 10
7.781178944435622
 20
6.60639694732929
 10
7.7819659643618975
 20
6.586349920417025
 10
7.7827679152440545
 20
6.566301319538002
 10
7.783572220881585
 20
6.546193617179844
 10
7.784368290799093
 20
6.526068578797478
 10
7.78515665179659
 20
6.505965410221946
 10
7.78594434533351
 20
6.48587922503047
 10
7.78673203887043
 20
6.465793039838998
 10
7.78751973240735
 20
6.445706854647526
 10
7.7883074259442715
 20
6.425620669456053
 10
7.789095119481192
 20
6.405534484264579
 10
7.789881350498905
 20
6.385485417240755
 10
7.790682410148951
 20
6.365438946411547
 10
7.791467585588657
 20
6.345786291546503
 10
7.7923982158038125
 20
6.326647033403262
 10
7.793550105320298
 20
6.307086846147586
 10
7.794779205215986
 20
6.28612353089735
 10
7.795643031805101
 20
6.26506189723052
 10
7.796433321847368
 20
6.244910295853838
 10
7.7972254262524165
 20
6.22486347032843
 10
7.798027879616497
 20
6.204802210226916
 10
7.7988326880098535
 20
6.184681848657193
 10
7.799623663535189
 20
6.1645566084982955
 10
7.800411526733554
 20
6.144466099329328
 10
7.801199220270475
 20
6.124379914137855
 10
7.801986913807395
 20
6.104293728946382
 10
7.802773357441747
 20
6.084239287495052
 10
7.8035722585058025
 20
6.064192731169865
 10
7.804375889196049
 20
6.044101950851448
 10
7.805175799080602
 20
6.023977064562113
 10
7.805964536361031
 20
6.003864353828688
 10
7.806752229897952
 20
5.9837781686372145
 10
7.807539923434872
 20
5.963691983445739
 10
7.808327616971792
 20
5.943605798254266
 10
7.809115310508712
 20
5.923519613062795
 10
7.809903004045633
 20
5.903433427871324
 10
7.810689612357843
 20
5.883374818729297
 10
7.811486839513047
 20
5.863328196104696
 10
7.812290137627787
 20
5.843245751039187
 10
7.813091724684798
 20
5.82312093117947
 10
7.813880626599269
 20
5.803004052753625
 10
7.814668320136189
 20
5.782917867562152
 10
7.815456013673109
 20
5.76283168237068
 10
7.816243496300797
 20
5.74275087167328
 10
7.817031806482413
 20
5.722703895865835
 10
7.817833884724309
 20
5.702652082531615
 10
7.8186111420254285
 20
5.683174345932292
 10
7.819611224831678
 20
5.664038516742796
 10
7.820778836686535
 20
5.644197488819285
 10
7.821969049084688
 20
5.623151850139804
 10
7.822794798371838
 20
5.602192672553124
 10
7.823582491908758
 20
5.582106487361648
 10
7.824370185445678
 20
5.5620203021701755
 10
7.8251578353892794
 20
5.5419352284504715
 10
7.825944433390786
 20
5.52188818482646
 10
7.8267463426476045
 20
5.5018406344492465
 10
7.8275506064929345
 20
5.481733982586243
 10
7.828347099157855
 20
5.4616089609479594
 10
7.829135501536234
 20
5.441504741861009
 10
7.829923195073155
 20
5.421418556669539
  0
LWPOLYLINE
  5
98
330
17
100
AcDbEntity
  8
FORKS
100
AcDbPolyline
 90
155
 70
0
 10
7.503076804926845
 20
8.506581443330463
 10
7.503864498463766
 20
8.48649525813899
 10
7.504652900842145
 20
8.46639103905204
 10
7.505449393507066
 20
8.446266017413759
 10
7.506253657352396
 20
8.426159365550754
 10
7.507097694593906
 20
8.405162526963332
 10
7.508317874114705
 20
8.384157564022878
 10
7.509476027792434
 20
8.364483955761603
 10
7.5104389820519595
 20
8.345385564935969
 10
7.5112032831624935
 20
8.325856248321434
 10
7.5119923498848395
 20
8.305735202210016
 10
7.5127956141142995
 20
8.285610448780123
 10
7.513598579653534
 20
8.2655363389675
 10
7.514394132899897
 20
8.245489650043282
 10
7.515180905716129
 20
8.225426873203743
 10
7.515968599253049
 20
8.205340688012267
 10
7.51675629278997
 20
8.185254502820793
 10
7.51754398632689
 20
8.16516831762932
 10
7.518331679863811
 20
8.145082132437848
 10
7.5191193734007316
 20
8.124995947246376
 10
7.519908275315202
 20
8.104879068820532
 10
7.520709862372213
 20
8.084754248960813
 10
7.521513160486953
 20
8.064671803895303
 10
7.5223103876421575
 20
8.044625181270705
 10
7.523096995954366
 20
8.02456657212868
 10
7.523884689491287
 20
8.004480386937207
 10
7.524672383028207
 20
7.984394201745733
 10
7.525460409934585
 20
7.964299524848271
 10
7.526253062632422
 20
7.944174351117905
 10
7.527057705685919
 20
7.924058157212685
 10
7.527859993446139
 20
7.904001064765145
 10
7.528650423942367
 20
7.883954172939496
 10
7.529437699118763
 20
7.863878641436566
 10
7.530225392655684
 20
7.843792456245093
 10
7.531013086192604
 20
7.823706271053621
 10
7.5318017795970205
 20
7.803594671780984
 10
7.532601242205404
 20
7.783469767775924
 10
7.533411337330835
 20
7.763220196772935
 10
7.534318502112477
 20
7.742199755295838
 10
7.535542104701918
 20
7.721345583474759
 10
7.536688806854702
 20
7.701882824856044
 10
7.53757948310595
 20
7.682780890036353
 10
7.538351870891332
 20
7.663067261236063
 10
7.539139564428252
 20
7.642981076044589
 10
7.539927257965173
 20
7.622894890853116
 10
7.540715783198708
 20
7.602787554569588
 10
7.541513530288693
 20
7.58266258261637
 10
7.5423175898510495
 20
7.562561053588454
 10
7.543118649501095
 20
7.542514582759249
 10
7.543904880518808
 20
7.522465515735424
 10
7.544692574055728
 20
7.502379330543948
 10
7.545480267592649
 20
7.482293145352475
 10
7.546267961129569
 20
7.4622069601610015
 10
7.547057155005094
 20
7.442082701586194
 10
7.547861712005525
 20
7.421957999360803
 10
7.548664421194281
 20
7.40189031439313
 10
7.549458684185275
 20
7.381843574364772
 10
7.550245583683204
 20
7.361777585043309
 10
7.5510332772201245
 20
7.341691399851834
 10
7.551820970757046
 20
7.3216052146603605
 10
7.552608664293966
 20
7.301519029468889
 10
7.553396357830886
 20
7.281432844277414
 10
7.554184051367807
 20
7.261346659085938
 10
7.554973080301467
 20
7.241226568191422
 10
7.555775960129453
 20
7.221101799536052
 10
7.556579001893714
 20
7.201025779315526
 10
7.5573749387935445
 20
7.180979105586946
 10
7.558161673921442
 20
7.1609172839682484
 10
7.5589493674583625
 20
7.140831098776776
 10
7.559737060995283
 20
7.1207449135853
 10
7.560525214207065
 20
7.100647024191276
 10
7.561319159675911
 20
7.080521901664415
 10
7.562123675166174
 20
7.060408920206295
 10
7.562960372371384
 20
7.039563801934926
 10
7.564118137563451
 20
7.01855573955292
 10
7.5652938066806215
 20
6.998572512564651
 10
7.56631875116273
 20
6.979477153328948
 10
7.567075845694012
 20
6.960105903767743
 10
7.567864662183821
 20
6.93999118730754
 10
7.568665379217258
 20
6.919866332987815
 10
7.569468849853631
 20
6.899779564057757
 10
7.570266945339432
 20
6.879732975825623
 10
7.571053468247646
 20
6.859676528650051
 10
7.571841161784566
 20
6.839590343458576
 10
7.572628855321487
 20
6.819504158267103
 10
7.5734165488584075
 20
6.799417973075629
 10
7.574204242395329
 20
6.779331787884156
 10
7.574991935932249
 20
6.759245602692684
 10
7.575780587878191
 20
6.739135053928435
 10
7.576579627739167
 20
6.719010133179197
 10
7.577383430951046
 20
6.698915028996245
 10
7.578183200345702
 20
6.678868507063417
 10
7.578969558485884
 20
6.658816227574988
 10
7.579757252022804
 20
6.638730042383517
 10
7.5805449455597245
 20
6.618643857192041
 10
7.581332723903978
 20
6.598555510010919
 10
7.582122829405715
 20
6.578430235392686
 10
7.582927723499697
 20
6.55830771186823
 10
7.583730262838304
 20
6.538244289822909
 10
7.584523235573935
 20
6.518197498690288
 10
7.585310261650281
 20
6.498128296882874
 10
7.586097955187201
 20
6.478042111691402
 10
7.586885648724121
 20
6.457955926499929
 10
7.587673342261041
 20
6.437869741308454
 10
7.5884610357979625
 20
6.417783556116981
 10
7.589248729334883
 20
6.397697370925507
 10
7.590037885391012
 20
6.3775740675663855
 10
7.59084205798997
 20
6.357449350115481
 10
7.591663727526401
 20
6.336930880577047
 10
7.592686304163282
 20
6.3159161271561395
 10
7.593895230685298
 20
6.295342441757292
 10
7.595026946828111
 20
6.276171884353006
 10
7.595802999334589
 20
6.257064308707401
 10
7.596588096366163
 20
6.237043539701135
 10
7.597383296260083
 20
6.2169184668591075
 10
7.59818768787214
 20
6.1968086025571445
 10
7.598989724454923
 20
6.176757839723389
 10
7.59977761271177
 20
6.156710847204237
 10
7.600565136587245
 20
6.1366289859902565
 10
7.601352830124166
 20
6.116542800798784
 10
7.602140523661086
 20
6.09645661560731
 10
7.602929467100577
 20
6.076338686675692
 10
7.6037314769049935
 20
6.056213883560232
 10
7.604534691190887
 20
6.036133539475171
 10
7.60533149642131
 20
6.016086900139137
 10
7.606118146214722
 20
5.996027240489616
 10
7.606905839751643
 20
5.975941055298143
 10
7.607693533288563
 20
5.955854870106671
 10
7.608481226825483
 20
5.935768684915198
 10
7.609268920362403
 20
5.915682499723723
 10
7.610056613899324
 20
5.895596314532247
 10
7.610845392660957
 20
5.875482553291326
 10
7.6116457252929175
 20
5.855357683746197
 10
7.612449272154317
 20
5.835269004408228
 10
7.613247751293589
 20
5.81522243137166
 10
7.61403423645296
 20
5.795166939414557
 10
7.61482192998988
 20
5.775080754223084
 10
7.6156096235268
 20
5.754994569031608
 10
7.616397527972954
 20
5.734903009346063
 10
7.617188926245708
 20
5.714777785931095
 10
7.617993692979952
 20
5.694658474861838
 10
7.618823280654972
 20
5.673965087057683
 10
7.6199186311410125
 20
5.652953931721482
 10
7.621111835324657
 20
5.632661086990471
 10
7.622198770438837
 20
5.613568752010318
 10
7.622948408225529
 20
5.594355559214052
 10
7.623736101762449
 20
5.57426937402258
 10
7.624523795299369
 20
5.554183188831107
 10
7.625311532429609
 20
5.534095892167864
 10
7.626101215183926
 20
5.513970600805739
 10
7.626906150903247
 20
5.493847026779475
 10
7.627708732034055
 20
5.473782554239
 10
7.628502126694463
 20
5.453735779817935
 10
7.629289111389925
 20
5.433667628521937
 10
7.630076804926846
 20
5.413581443330462
  0
TEXT
  5
99
330
17
100
AcDbEntity
  8
FORKS
100
AcDbText
 10
7.366999040767166
 20
7.264024460437279
 30
0.0
 40
0.1
  1
갈림길1 0.20m
 11
7.366999040767166
 21
7.264024460437279
 31
0.0
100
AcDbText
  0
LWPOLYLINE
  5
9A
330
17
100
AcDbEntity
  8
FORKS
100
AcDbPolyline
 90
141
 70
0
 10
2.232
 20
2.5085
 10
2.2521929971854204
 20
2.5085
 10
2.272385994370841
 20
2.5085
 10
2.2925789915562613
 20
2.5085
 10
2.3127719887416816
 20
2.5085
 10
2.332964985927102
 20
2.5085
 10
2.3531579831125224
 20
2.5085
 10
2.373350980297943
 20
2.5085
 10
2.3935439774833633
 20
2.5085
 10
2.4137369746687836
 20
2.5085
 10
2.4339299718542042
 20
2.5085
 10
2.4541229690396245
 20
2.5085
 10
2.4743159662250447
 20
2.5085
 10
2.4945089634104654
 20
2.5085
 10
2.5147019605958856
 20
2.5085
 10
2.5348949577813062
 20
2.5085
 10
2.5550879549667265
 20
2.5085
 10
2.5752809521521467
 20
2.5085
 10
2.5954739493375674
 20
2.5085
 10
2.6156669465229876
 20
2.5085
 10
2.635859943708408
 20
2.5085
 10
2.6560529408938285
 20
2.5085
 10
2.6762459380792487
 20
2.5085
 10
2.696438935264669
 20
2.5085
 10
2.7166319324500896
 20
2.5085
 10
2.73682492963551
 20
2.5085
 10
2.7570179268209305
 20
2.5085
 10
2.7772109240063507
 20
2.5085
 10
2.797403921191771
 20
2.5085
 10
2.8175969183771916
 20
2.5085
 10
2.837789915562612
 20
2.5085
 10
2.8579829127480325
 20
2.5085
 10
2.8781759099334527
 20
2.5085
 10
2.898368907118873
 20
2.5085
 10
2.918561904304293
 20
2.5085
 10
2.938754901489714
 20
2.5085
 10
2.958947898675134
 20
2.5085
 10
2.9791408958605547
 20
2.5085
 10
2.999333893045975
 20
2.5085
 10
3.019526890231395
 20
2.5085
 10
3.039719887416816
 20
2.5085
 10
3.059912884602236
 20
2.5085
 10
3.0801058817876568
 20
2.5085
 10
3.100298878973077
 20
2.5085
 10
3.120491876158497
 20
2.5085
 10
3.140684873343918
 20
2.5085
 10
3.160877870529338
 20
2.5085
 10
3.18156911199482
 20
2.5084987587554837
 10
3.2027403749659884
 20
2.5082878562726623
 10
3.2234114164297467
 20
2.5078837035590786
 10
3.2426378494361665
 20
2.5075020789739466
 10
3.2618505258099844
 20
2.507499998473588
 10
3.2820260506624335
 20
2.5075000000000003
 10
3.3022190478478537
 20
2.5075000000000003
 10
3.322412045033274
 20
2.5075000000000003
 10
3.342605042218694
 20
2.5075000000000003
 10
3.362798039404115
 20
2.5075000000000003
 10
3.382991036589535
 20
2.5075000000000003
 10
3.4031840337749557
 20
2.5075000000000003
 10
3.423377030960376
 20
2.5075000000000003
 10
3.443570028145796
 20
2.5075000000000003
 10
3.4637630253312164
 20
2.5075000000000003
 10
3.483956022516637
 20
2.5075000000000003
 10
3.5041490197020577
 20
2.5075000000000003
 10
3.524342016887478
 20
2.5075000000000003
 10
3.544535014072898
 20
2.5075000000000003
 10
3.5647280112583184
 20
2.5075000000000003
 10
3.584921008443739
 20
2.5075000000000003
 10
3.6051140056291593
 20
2.5075000000000003
 10
3.62530700281458
 20
2.5075000000000003
 10
3.6455
 20
2.5075000000000003
 10
3.6656929971854204
 20
2.5075000000000003
 10
3.6858859943708406
 20
2.5075000000000003
 10
3.7060789915562617
 20
2.5075000000000003
 10
3.7262719887416815
 20
2.5075000000000003
 10
3.746464985927102
 20
2.5075000000000003
 10
3.7666579831125224
 20
2.5075000000000003
 10
3.786850980297943
 20
2.5075000000000003
 10
3.8070439774833633
 20
2.5075000000000003
 10
3.827236974668784
 20
2.5075000000000003
 10
3.847429971854204
 20
2.5075000000000003
 10
3.8676229690396244
 20
2.5075000000000003
 10
3.8878159662250447
 20
2.5075000000000003
 10
3.9080089634104653
 20
2.5075000000000003
 10
3.9282019605958856
 20
2.5075000000000003
 10
3.9483949577813062
 20
2.5075000000000003
 10
3.9685879549667264
 20
2.5075000000000003
 10
3.9887809521521467
 20
2.5075000000000003
 10
4.008973949337567
 20
2.5075000000000003
 10
4.029166946522988
 20
2.5075000000000003
 10
4.049359943708408
 20
2.5075000000000003
 10
4.0695529408938285
 20
2.5075000000000003
 10
4.089745938079249
 20
2.5075000000000003
 10
4.109938935264669
 20
2.5075000000000003
 10
4.130131932450089
 20
2.5075000000000003
 10
4.15032492963551
 20
2.5075000000000003
 10
4.1705179268209305
 20
2.5075000000000003
 10
4.190710924006351
 20
2.5075000000000003
 10
4.210903921191771
 20
2.5075000000000003
 10
4.231110991409903
 20
2.507499999009749
 10
4.252284184370488
 20
2.507489372945105
 10
4.27343938386924
 20
2.5070792336092844
 10
4.293149974621966
 20
2.506691605943661
 10
4.312360747915133
 20
2.5064987417596956
 10
4.332052101324866
 20
2.5065
 10
4.352245098510286
 20
2.5065
 10
4.372438095695706
 20
2.5065
 10
4.3926310928811265
 20
2.5065
 10
4.412824090066548
 20
2.5065
 10
4.433017087251969
 20
2.5065
 10
4.453210084437389
 20
2.5065
 10
4.473403081622809
 20
2.5065
 10
4.493596078808229
 20
2.5065
 10
4.51378907599365
 20
2.5065
 10
4.53398207317907
 20
2.5065
 10
4.55417507036449
 20
2.5065
 10
4.57436806754991
 20
2.5065
 10
4.594561064735331
 20
2.5065
 10
4.614754061920752
 20
2.5065
 10
4.634947059106172
 20
2.5065
 10
4.655140056291592
 20
2.5065
 10
4.675333053477013
 20
2.5065
 10
4.6955260506624334
 20
2.5065
 10
4.715719047847854
 20
2.5065
 10
4.735912045033274
 20
2.5065
 10
4.756105042218694
 20
2.5065
 10
4.776298039404114
 20
2.5065
 10
4.796491036589535
 20
2.5065
 10
4.816684033774955
 20
2.5065
 10
4.836877030960376
 20
2.5065
 10
4.857070028145796
 20
2.5065
 10
4.877263025331217
 20
2.5065
 10
4.8974560225166375
 20
2.5065
 10
4.917649019702058
 20
2.5065
 10
4.937842016887478
 20
2.5065
 10
4.958035014072898
 20
2.5065
 10
4.978228011258318
 20
2.5065
 10
4.998421008443739
 20
2.5065
 10
5.01861400562916
 20
2.5065
 10
5.03880700281458
 20
2.5065
 10
5.059
 20
2.5065
  0
LWPOLYLINE
  5
9B
330
17
100
AcDbEntity
  8
FORKS
100
AcDbPolyline
 90
141
 70
0
 10
2.232
 20
2.3085
 10
2.2521929971854204
 20
2.3085
 10
2.272385994370841
 20
2.3085
 10
2.2925789915562613
 20
2.3085
 10
2.3127719887416816
 20
2.3085
 10
2.332964985927102
 20
2.3085
 10
2.3531579831125224
 20
2.3085
 10
2.373350980297943
 20
2.3085
 10
2.3935439774833633
 20
2.3085
 10
2.4137369746687836
 20
2.3085
 10
2.4339299718542042
 20
2.3085
 10
2.4541229690396245
 20
2.3085
 10
2.4743159662250447
 20
2.3085
 10
2.4945089634104654
 20
2.3085
 10
2.5147019605958856
 20
2.3085
 10
2.5348949577813062
 20
2.3085
 10
2.5550879549667265
 20
2.3085
 10
2.5752809521521467
 20
2.3085
 10
2.5954739493375674
 20
2.3085
 10
2.6156669465229876
 20
2.3085
 10
2.635859943708408
 20
2.3085
 10
2.6560529408938285
 20
2.3085
 10
2.6762459380792487
 20
2.3085
 10
2.696438935264669
 20
2.3085
 10
2.7166319324500896
 20
2.3085
 10
2.73682492963551
 20
2.3085
 10
2.7570179268209305
 20
2.3085
 10
2.7772109240063507
 20
2.3085
 10
2.797403921191771
 20
2.3085
 10
2.8175969183771916
 20
2.3085
 10
2.837789915562612
 20
2.3085
 10
2.8579829127480325
 20
2.3085
 10
2.8781759099334527
 20
2.3085
 10
2.898368907118873
 20
2.3085
 10
2.918561904304293
 20
2.3085
 10
2.938754901489714
 20
2.3085
 10
2.958947898675134
 20
2.3085
 10
2.9791408958605547
 20
2.3085
 10
2.999333893045975
 20
2.3085
 10
3.019526890231395
 20
2.3085
 10
3.039719887416816
 20
2.3085
 10
3.059912884602236
 20
2.3085
 10
3.0801058817876568
 20
2.3085
 10
3.100298878973077
 20
2.3085
 10
3.120491876158497
 20
2.3085
 10
3.140684873343918
 20
2.3085
 10
3.160877870529338
 20
2.3085
 10
3.1805726234346965
 20
2.3085012412445165
 10
3.199783409849265
 20
2.308309716574098
 10
3.219490601442858
 20
2.3079221392277334
 10
3.240642401493789
 20
2.3075120337529174
 10
3.2618155811440412
 20
2.3075000015264124
 10
3.2820260506624335
 20
2.3075
 10
3.3022190478478537
 20
2.3075
 10
3.322412045033274
 20
2.3075
 10
3.342605042218694
 20
2.3075
 10
3.362798039404115
 20
2.3075
 10
3.382991036589535
 20
2.3075
 10
3.4031840337749557
 20
2.3075
 10
3.423377030960376
 20
2.3075
 10
3.443570028145796
 20
2.3075
 10
3.4637630253312164
 20
2.3075
 10
3.483956022516637
 20
2.3075
 10
3.5041490197020577
 20
2.3075
 10
3.524342016887478
 20
2.3075
 10
3.544535014072898
 20
2.3075
 10
3.5647280112583184
 20
2.3075
 10
3.584921008443739
 20
2.3075
 10
3.6051140056291593
 20
2.3075
 10
3.62530700281458
 20
2.3075
 10
3.6455
 20
2.3075
 10
3.6656929971854204
 20
2.3075
 10
3.6858859943708406
 20
2.3075
 10
3.7060789915562617
 20
2.3075
 10
3.7262719887416815
 20
2.3075
 10
3.746464985927102
 20
2.3075
 10
3.7666579831125224
 20
2.3075
 10
3.786850980297943
 20
2.3075
 10
3.8070439774833633
 20
2.3075
 10
3.827236974668784
 20
2.3075
 10
3.847429971854204
 20
2.3075
 10
3.8676229690396244
 20
2.3075
 10
3.8878159662250447
 20
2.3075
 10
3.9080089634104653
 20
2.3075
 10
3.9282019605958856
 20
2.3075
 10
3.9483949577813062
 20
2.3075
 10
3.9685879549667264
 20
2.3075
 10
3.9887809521521467
 20
2.3075
 10
4.008973949337567
 20
2.3075
 10
4.029166946522988
 20
2.3075
 10
4.049359943708408
 20
2.3075
 10
4.0695529408938285
 20
2.3075
 10
4.089745938079249
 20
2.3075
 10
4.109938935264669
 20
2.3075
 10
4.130131932450089
 20
2.3075
 10
4.15032492963551
 20
2.3075
 10
4.1705179268209305
 20
2.3075
 10
4.190710924006351
 20
2.3075
 10
4.210903921191771
 20
2.3075
 10
4.231082845344481
 20
2.3075000009902515
 10
4.250295535323751
 20
2.3074992600020674
 10
4.269518568882349
 20
2.307117669277939
 10
4.290186211186975
 20
2.3067135668836145
 10
4.311357460363758
 20
2.306501258240304
 10
4.332052101324866
 20
2.3064999999999998
 10
4.352245098510286
 20
2.3064999999999998
 10
4.372438095695706
 20
2.3064999999999998
 10
4.3926310928811265
 20
2.3064999999999998
 10
4.412824090066548
 20
2.3064999999999998
 10
4.433017087251969
 20
2.3064999999999998
 10
4.453210084437389
 20
2.3064999999999998
 10
4.473403081622809
 20
2.3064999999999998
 10
4.493596078808229
 20
2.3064999999999998
 10
4.51378907599365
 20
2.3064999999999998
 10
4.53398207317907
 20
2.3064999999999998
 10
4.55417507036449
 20
2.3064999999999998
 10
4.57436806754991
 20
2.3064999999999998
 10
4.594561064735331
 20
2.3064999999999998
 10
4.614754061920752
 20
2.3064999999999998
 10
4.634947059106172
 20
2.3064999999999998
 10
4.655140056291592
 20
2.3064999999999998
 10
4.675333053477013
 20
2.3064999999999998
 10
4.6955260506624334
 20
2.3064999999999998
 10
4.715719047847854
 20
2.3064999999999998
 10
4.735912045033274
 20
2.3064999999999998
 10
4.756105042218694
 20
2.3064999999999998
 10
4.776298039404114
 20
2.3064999999999998
 10
4.796491036589535
 20
2.3064999999999998
 10
4.816684033774955
 20
2.3064999999999998
 10
4.836877030960376
 20
2.3064999999999998
 10
4.857070028145796
 20
2.3064999999999998
 10
4.877263025331217
 20
2.3064999999999998
 10
4.8974560225166375
 20
2.3064999999999998
 10
4.917649019702058
 20
2.3064999999999998
 10
4.937842016887478
 20
2.3064999999999998
 10
4.958035014072898
 20
2.3064999999999998
 10
4.978228011258318
 20
2.3064999999999998
 10
4.998421008443739
 20
2.3064999999999998
 10
5.01861400562916
 20
2.3064999999999998
 10
5.03880700281458
 20
2.3064999999999998
 10
5.059
 20
2.3064999999999998
  0
TEXT
  5
9C
330
17
100
AcDbEntity
  8
FORKS
100
AcDbText
 10
3.3455000000000004
 20
2.7075
 30
0.0
 40
0.1
  1
갈림길2 0.20m
 11
3.3455000000000004
 21
2.7075
 31
0.0
100
AcDbText
  0
LWPOLYLINE
  5
9D
330
17
100
AcDbEntity
  8
WALLS
100
AcDbPolyline
 90
5
 70
0
 10
5.878209700888954
 20
3.797013441841822
 10
5.921032092008565
 20
3.950355952955096
 10
5.87287464642567
 20
3.963804389106951
 10
5.830052255306059
 20
3.8104618779936774
 10
5.878209700888954
 20
3.797013441841822
  0
LWPOLYLINE
  5
9E
330
17
100
AcDbEntity
  8
WALLS
100
AcDbPolyline
 90
5
 70
0
 10
5.919097200589228
 20
3.9364295227855397
 10
5.9200625054238305
 20
4.097432016836155
 10
5.870063404076886
 20
4.097731790914443
 10
5.869098099242283
 20
3.9367292968638274
 10
5.919097200589228
 20
3.9364295227855397
  0
LWPOLYLINE
  5
9F
330
17
100
AcDbEntity
  8
WALLS
100
AcDbPolyline
 90
5
 70
0
 10
5.9200000000779
 20
4.076580685531785
 10
5.920000000220995
 20
4.237596872407715
 10
5.870000000220994
 20
4.23759687245215
 10
5.8700000000779
 20
4.0765806855762206
 10
5.9200000000779
 20
4.076580685531785
  0
LWPOLYLINE
  5
A0
330
17
100
AcDbEntity
  8
WALLS
100
AcDbPolyline
 90
5
 70
0
 10
5.9200000002023305
 20
4.216594761076071
 10
5.920000000345425
 20
4.377610947952001
 10
5.870000000345424
 20
4.377610947996437
 10
5.87000000020233
 20
4.216594761120507
 10
5.9200000002023305
 20
4.216594761076071
  0
LWPOLYLINE
  5
A1
330
17
100
AcDbEntity
  8
WALLS
100
AcDbPolyline
 90
5
 70
0
 10
5.920000000326761
 20
4.3566088366203575
 10
5.920000000469855
 20
4.517625023496287
 10
5.8700000004698545
 20
4.517625023540723
 10
5.87000000032676
 20
4.356608836664793
 10
5.920000000326761
 20
4.3566088366203575
  0
LWPOLYLINE
  5
A2
330
17
100
AcDbEntity
  8
WALLS
100
AcDbPolyline
 90
5
 70
0
 10
5.920000000451191
 20
4.496622912164644
 10
5.920000000594285
 20
4.657639099040574
 10
5.870000000594285
 20
4.657639099085009
 10
5.87000000045119
 20
4.496622912209079
 10
5.920000000451191
 20
4.496622912164644
  0
LWPOLYLINE
  5
A3
330
17
100
AcDbEntity
  8
WALLS
100
AcDbPolyline
 90
5
 70
0
 10
5.920000000575621
 20
4.63663698770893
 10
5.920000000718716
 20
4.79765317458486
 10
5.870000000718715
 20
4.797653174629295
 10
5.8700000005756205
 20
4.6366369877533655
 10
5.920000000575621
 20
4.63663698770893
  0
LWPOLYLINE
  5
A4
330
17
100
AcDbEntity
  8
WALLS
100
AcDbPolyline
 90
5
 70
0
 10
5.9200000007000515
 20
4.776651063253217
 10
5.920000000843146
 20
4.937667250129147
 10
5.870000000843145
 20
4.9376672501735825
 10
5.870000000700051
 20
4.776651063297653
 10
5.9200000007000515
 20
4.776651063253217
  0
LWPOLYLINE
  5
A5
330
17
100
AcDbEntity
  8
WALLS
100
AcDbPolyline
 90
5
 70
0
 10
5.919993887136664
 20
4.916650599910628
 10
5.920087565616429
 20
5.077666695059734
 10
5.870087574078584
 20
5.077695784842288
 10
5.869993895598819
 20
4.916679689693182
 10
5.919993887136664
 20
4.916650599910628
  0
LWPOLYLINE
  5
A6
330
17
100
AcDbEntity
  8
WALLS
100
AcDbPolyline
 90
5
 70
0
 10
5.919338264474727
 20
5.055068879420152
 10
5.929905973443279
 20
5.215594600485212
 10
5.880013968434711
 20
5.218879084649431
 10
5.86944625946616
 20
5.058353363584371
 10
5.919338264474727
 20
5.055068879420152
  0
LWPOLYLINE
  5
A7
330
17
100
AcDbEntity
  8
WALLS
100
AcDbPolyline
 90
5
 70
0
 10
5.926126616961155
 20
5.190728372607247
 10
5.963713794699246
 20
5.3470466262042775
 10
5.915099430475798
 20
5.358736091168502
 10
5.877512252737707
 20
5.202417837571471
 10
5.926126616961155
 20
5.190728372607247
  0
LWPOLYLINE
  5
A8
330
17
100
AcDbEntity
  8
WALLS
100
AcDbPolyline
 90
5
 70
0
 10
5.955476981943129
 20
5.322903743911614
 10
6.021237579058653
 20
5.46951246329562
 10
5.9756166958013175
 20
5.489975478978079
 10
5.909856098685793
 20
5.3433667595940735
 10
5.955476981943129
 20
5.322903743911614
  0
LWPOLYLINE
  5
A9
330
17
100
AcDbEntity
  8
WALLS
100
AcDbPolyline
 90
5
 70
0
 10
6.0086758286913735
 20
5.447299611419888
 10
6.100479697699438
 20
5.5793072132105
 10
6.059430428290977
 20
5.607854673360777
 10
5.9676265592829125
 20
5.475847071570165
 10
6.0086758286913735
 20
5.447299611419888
  0
LWPOLYLINE
  5
AA
330
17
100
AcDbEntity
  8
WALLS
100
AcDbPolyline
 90
5
 70
0
 10
6.083929933755404
 20
5.559760062914291
 10
6.198942940988036
 20
5.672028510459453
 10
6.164017085175376
 20
5.707808177810525
 10
6.049004077942745
 20
5.595539730265363
 10
6.083929933755404
 20
5.559760062914291
  0
LWPOLYLINE
  5
AB
330
17
100
AcDbEntity
  8
WALLS
100
AcDbPolyline
 90
5
 70
0
 10
6.179209256628101
 20
5.6559956306468795
 10
6.31269842732202
 20
5.7456245648879545
 10
6.284826612673593
 20
5.7871355507616205
 10
6.151337441979675
 20
5.6975066165205455
 10
6.179209256628101
 20
5.6559956306468795
  0
LWPOLYLINE
  5
AC
330
17
100
AcDbEntity
  8
WALLS
100
AcDbPolyline
 90
5
 70
0
 10
6.290047294133787
 20
5.733424441266955
 10
6.438345215597691
 20
5.795568716857678
 10
6.419020829218187
 20
5.84168344434311
 10
6.270722907754283
 20
5.779539168752386
 10
6.290047294133787
 20
5.733424441266955
  0
LWPOLYLINE
  5
AD
330
17
100
AcDbEntity
  8
WALLS
100
AcDbPolyline
 90
5
 70
0
 10
6.414110887887406
 20
5.787909289441829
 10
6.57119591640883
 20
5.822283251337086
 10
6.560507626756157
 20
5.871127498329957
 10
6.403422598234733
 20
5.8367535364347
 10
6.414110887887406
 20
5.787909289441829
  0
LWPOLYLINE
  5
AE
330
17
100
AcDbEntity
  8
WALLS
100
AcDbPolyline
 90
5
 70
0
 10
6.546472464671961
 20
5.8189354050527955
 10
6.707151928996492
 20
5.827589040394671
 10
6.704463000272433
 20
5.877516684664324
 10
6.543783535947902
 20
5.8688630493224485
 10
6.546472464671961
 20
5.8189354050527955
  0
LWPOLYLINE
  5
AF
330
17
100
AcDbEntity
  8
WALLS
100
AcDbPolyline
 90
5
 70
0
 10
6.685160250093864
 20
5.82685124287675
 10
6.846162178655742
 20
5.828989580432263
 10
6.845498165186539
 20
5.878985171098969
 10
6.6844962366246605
 20
5.876846833543456
 10
6.685160250093864
 20
5.82685124287675
  0
LWPOLYLINE
  5
B0
330
17
100
AcDbEntity
  8
WALLS
100
AcDbPolyline
 90
5
 70
0
 10
6.825150696228568
 20
5.828715212510141
 10
6.986153570816955
 20
5.830781613437986
 10
6.9855118957042395
 20
5.880777495798934
 10
6.824509021115852
 20
5.878711094871089
 10
6.825150696228568
 20
5.828715212510141
  0
LWPOLYLINE
  5
B1
330
17
100
AcDbEntity
  8
WALLS
100
AcDbPolyline
 90
5
 70
0
 10
6.965150173755052
 20
5.830513307316287
 10
7.126153288612117
 20
5.8325603447021175
 10
7.125517626391193
 20
5.882556303874243
 10
6.964514511534127
 20
5.880509266488413
 10
6.965150173755052
 20
5.830513307316287
  0
LWPOLYLINE
  5
B2
330
17
100
AcDbEntity
  8
WALLS
100
AcDbPolyline
 90
5
 70
0
 10
7.105190214443657
 20
5.83227825145006
 10
7.266189929587369
 20
5.834564301127785
 10
7.265480046572828
 20
5.884559261534867
 10
7.104480331429117
 20
5.882273211857142
 10
7.105190214443657
 20
5.83227825145006
  0
LWPOLYLINE
  5
B3
330
17
100
AcDbEntity
  8
WALLS
100
AcDbPolyline
 90
5
 70
0
 10
7.24604214731549
 20
5.83393981562972
 10
7.406839924845266
 20
5.841627982995846
 10
7.404452020373593
 20
5.8915709295672505
 10
7.243654242843816
 20
5.883882762201124
 10
7.24604214731549
 20
5.83393981562972
  0
LWPOLYLINE
  5
B4
330
17
100
AcDbEntity
  8
WALLS
100
AcDbPolyline
 90
5
 70
0
 10
7.389217641339611
 20
5.839648997422927
 10
7.547445343372523
 20
5.86779060138926
 10
7.538689986838767
 20
5.917018070671833
 10
7.380462284805855
 20
5.888876466705501
 10
7.389217641339611
 20
5.839648997422927
  0
LWPOLYLINE
  5
B5
330
17
100
AcDbEntity
  8
WALLS
100
AcDbPolyline
 90
5
 70
0
 10
7.551861431635527
 20
5.872244825056221
 10
7.6074500372165685
 20
5.9938896729041975
 10
7.561973420554982
 20
6.014671331572721
 10
7.5063848149739405
 20
5.893026483724745
 10
7.551861431635527
 20
5.872244825056221
  0
LWPOLYLINE
  5
B6
330
17
100
AcDbEntity
  8
WALLS
100
AcDbPolyline
 90
5
 70
0
 10
7.606481335102161
 20
5.986840898874152
 10
7.600126796369447
 20
6.147731636558334
 10
7.550165749130371
 20
6.14575837560884
 10
7.556520287863084
 20
5.9848676379246575
 10
7.606481335102161
 20
5.986840898874152
  0
LWPOLYLINE
  5
B7
330
17
100
AcDbEntity
  8
WALLS
100
AcDbPolyline
 90
5
 70
0
 10
7.600959337479805
 20
6.1267557661265215
 10
7.5945423433345995
 20
6.2876437556783085
 10
7.54458206598932
 20
6.285651097257313
 10
7.550999060134525
 20
6.124763107705526
 10
7.600959337479805
 20
6.1267557661265215
  0
LWPOLYLINE
  5
B8
330
17
100
AcDbEntity
  8
WALLS
100
AcDbPolyline
 90
5
 70
0
 10
7.59543921361664
 20
6.266820447344038
 10
7.587999280856943
 20
6.427659093867261
 10
7.53805268819605
 20
6.425348708278936
 10
7.545492620955747
 20
6.264510061755713
 10
7.59543921361664
 20
6.266820447344038
  0
LWPOLYLINE
  5
B9
330
17
100
AcDbEntity
  8
WALLS
100
AcDbPolyline
 90
5
 70
0
 10
7.588904943103365
 20
6.406504963167445
 10
7.582570786631272
 20
6.567396507244674
 10
7.532609489812118
 20
6.565429575586356
 10
7.538943646284211
 20
6.404538031509127
 10
7.588904943103365
 20
6.406504963167445
  0
LWPOLYLINE
  5
BA
330
17
100
AcDbEntity
  8
WALLS
100
AcDbPolyline
 90
5
 70
0
 10
7.583397556674632
 20
6.546412191387673
 10
7.577053658734706
 20
6.707303349006417
 10
7.527092481099964
 20
6.70533339231915
 10
7.53343637903989
 20
6.544442234700406
 10
7.583397556674632
 20
6.546412191387673
  0
LWPOLYLINE
  5
BB
330
17
100
AcDbEntity
  8
WALLS
100
AcDbPolyline
 90
5
 70
0
 10
7.577880924858769
 20
6.686317014731232
 10
7.571540391301633
 20
6.847208306248666
 10
7.521579172483601
 20
6.845239394311397
 10
7.527919706040737
 20
6.6843481027939635
 10
7.577880924858769
 20
6.686317014731232
  0
LWPOLYLINE
  5
BC
330
17
100
AcDbEntity
  8
WALLS
100
AcDbPolyline
 90
5
 70
0
 10
7.572368245009468
 20
6.826224696237798
 10
7.566013706274454
 20
6.987115433980703
 10
7.516052659035378
 20
6.985142173031214
 10
7.5224071977703915
 20
6.824251435288309
 10
7.572368245009468
 20
6.826224696237798
  0
LWPOLYLINE
  5
BD
330
17
100
AcDbEntity
  8
WALLS
100
AcDbPolyline
 90
5
 70
0
 10
7.566909741488079
 20
6.966311511999073
 10
7.559407349104195
 20
7.12714753919296
 10
7.5094616572359865
 20
7.124817761562801
 10
7.516964049619871
 20
6.963981734368914
 10
7.566909741488079
 20
6.966311511999073
  0
LWPOLYLINE
  5
BE
330
17
100
AcDbEntity
  8
WALLS
100
AcDbPolyline
 90
5
 70
0
 10
7.560318739256264
 20
7.1059870993904415
 10
7.55396420783905
 20
7.266877837214631
 10
7.504003160510324
 20
7.264904578534978
 10
7.510357691927538
 20
7.104013840710788
 10
7.560318739256264
 20
7.1059870993904415
  0
LWPOLYLINE
  5
BF
330
17
100
AcDbEntity
  8
WALLS
100
AcDbPolyline
 90
5
 70
0
 10
7.554790796251898
 20
7.245886043708898
 10
7.548474562210461
 20
7.406778297193789
 10
7.498513046594124
 20
7.404816931007025
 10
7.504829280635561
 20
7.243924677522134
 10
7.554790796251898
 20
7.245886043708898
  0
LWPOLYLINE
  5
C0
330
17
100
AcDbEntity
  8
WALLS
100
AcDbPolyline
 90
5
 70
0
 10
7.549300285966495
 20
7.385797337454161
 10
7.54295246262387
 20
7.546688339172711
 10
7.492991333067301
 20
7.544717163525624
 10
7.499339156409925
 20
7.3838261618070735
 10
7.549300285966495
 20
7.385797337454161
  0
LWPOLYLINE
  5
C1
330
17
100
AcDbEntity
  8
WALLS
100
AcDbPolyline
 90
5
 70
0
 10
7.545171332283288
 20
7.538814483830475
 10
7.466452707560099
 20
7.675184021865533
 10
7.423149462345454
 20
7.650187443022013
 10
7.501868087068643
 20
7.513817904986954
 10
7.545171332283288
 20
7.538814483830475
  0
LWPOLYLINE
  5
C2
330
17
100
AcDbEntity
  8
WALLS
100
AcDbPolyline
 90
5
 70
0
 10
7.476755627066651
 20
7.657776099077172
 10
7.393293501761449
 20
7.795430868243774
 10
7.350538428406968
 20
7.76950783403763
 10
7.43400055371217
 20
7.631853064871028
 10
7.476755627066651
 20
7.657776099077172
  0
LWPOLYLINE
  5
C3
330
17
100
AcDbEntity
  8
WALLS
100
AcDbPolyline
 90
5
 70
0
 10
7.404403762710345
 20
7.775446235828374
 10
7.331533298351362
 20
7.918995457489688
 10
7.286948910446592
 20
7.896362906702008
 10
7.359819374805575
 20
7.752813685040694
 10
7.404403762710345
 20
7.775446235828374
  0
LWPOLYLINE
  5
C4
330
17
100
AcDbEntity
  8
WALLS
100
AcDbPolyline
 90
5
 70
0
 10
7.341108571879347
 20
7.89822980147488
 10
7.279252008428602
 20
8.0468597265134
 10
7.233090164051741
 20
8.027648164272751
 10
7.294946727502485
 20
7.879018239234229
 10
7.341108571879347
 20
7.89822980147488
  0
LWPOLYLINE
  5
C5
330
17
100
AcDbEntity
  8
WALLS
100
AcDbPolyline
 90
5
 70
0
 10
7.287238369417664
 20
8.0254530632217
 10
7.236628252346622
 20
8.17827913131621
 10
7.1891632530162175
 20
8.162560548728564
 10
7.239773370087259
 20
8.009734480634055
 10
7.287238369417664
 20
8.0254530632217
  0
LWPOLYLINE
  5
C6
330
17
100
AcDbEntity
  8
WALLS
100
AcDbPolyline
 90
5
 70
0
 10
7.243011177233012
 20
8.15642817070108
 10
7.203399014928585
 20
8.312464159356857
 10
7.1549362892222
 20
8.30016114277117
 10
7.194548451526628
 20
8.144125154115393
 10
7.243011177233012
 20
8.15642817070108
  0
LWPOLYLINE
  5
C7
330
17
100
AcDbEntity
  8
WALLS
100
AcDbPolyline
 90
5
 70
0
 10
7.2081708144728305
 20
8.290042400796269
 10
7.180826232801244
 20
8.448622096979316
 10
7.131553396351065
 20
8.440125769057564
 10
7.158897978022652
 20
8.281546072874518
 10
7.2081708144728305
 20
8.290042400796269
  0
LWPOLYLINE
  5
C8
330
17
100
AcDbEntity
  8
WALLS
100
AcDbPolyline
 90
5
 70
0
 10
7.1833592908972115
 20
8.424507456327136
 10
7.177153484278813
 20
8.585328262316201
 10
7.127190669239738
 20
8.583400280632885
 10
7.133396475858136
 20
8.42257947464382
 10
7.1833592908972115
 20
8.424507456327136
  0
LWPOLYLINE
  5
C9
330
17
100
AcDbEntity
  8
WALLS
100
AcDbPolyline
 90
5
 70
0
 10
7.177618986527571
 20
8.563475899300087
 10
7.176969053885585
 20
8.724490769803595
 10
7.126969461209046
 20
8.724288947653474
 10
7.127619393851032
 20
8.563274077149966
 10
7.177618986527571
 20
8.563475899300087
  0
LWPOLYLINE
  5
CA
330
17
100
AcDbEntity
  8
WALLS
100
AcDbPolyline
 90
5
 70
0
 10
7.1770591572529625
 20
8.70350167616208
 10
7.176326661120143
 20
8.864516135427387
 10
7.12632717850556
 20
8.864288674938276
 10
7.12705967463838
 20
8.70327421567297
 10
7.1770591572529625
 20
8.70350167616208
  0
LWPOLYLINE
  5
CB
330
17
100
AcDbEntity
  8
WALLS
100
AcDbPolyline
 90
5
 70
0
 10
7.176418210606102
 20
8.843504621630736
 10
7.175747589791055
 20
9.004519399331972
 10
7.125748023458622
 20
9.004311152918788
 10
7.126418644273669
 20
8.843296375217552
 10
7.176418210606102
 20
8.843504621630736
  0
LWPOLYLINE
  5
CC
330
17
100
AcDbEntity
  8
WALLS
100
AcDbPolyline
 90
5
 70
0
 10
7.175836090894196
 20
8.98351995176837
 10
7.175149534909661
 20
9.144534640663986
 10
7.125149989431764
 20
9.144321445908853
 10
7.125836545416298
 20
8.983306757013237
 10
7.175836090894196
 20
8.98351995176837
  0
LWPOLYLINE
  5
CD
330
17
100
AcDbEntity
  8
WALLS
100
AcDbPolyline
 90
5
 70
0
 10
7.175241022238219
 20
9.123537392606965
 10
7.1745244612751256
 20
9.284551940618377
 10
7.12452495639415
 20
9.284329428467677
 10
7.125241517357243
 20
9.123314880456265
 10
7.175241022238219
 20
9.123537392606965
  0
LWPOLYLINE
  5
CE
330
17
100
AcDbEntity
  8
WALLS
100
AcDbPolyline
 90
5
 70
0
 10
7.1746133959543075
 20
9.26353912685598
 10
7.173966998818828
 20
9.424554016126907
 10
7.1239674017227825
 20
9.424353291855477
 10
7.124613798858262
 20
9.26333840258455
 10
7.1746133959543075
 20
9.26353912685598
  0
LWPOLYLINE
  5
CF
330
17
100
AcDbEntity
  8
WALLS
100
AcDbPolyline
 90
5
 70
0
 10
7.174058431812133
 20
9.403569238548767
 10
7.1733017120002245
 20
9.564583586124781
 10
7.123302264171576
 20
9.564348603507854
 10
7.124058983983485
 20
9.40333425593184
 10
7.174058431812133
 20
9.403569238548767
  0
LWPOLYLINE
  5
D0
330
17
100
AcDbEntity
  8
WALLS
100
AcDbPolyline
 90
5
 70
0
 10
7.173393143267014
 20
9.543564186646465
 10
7.172749083671966
 20
9.704579085408353
 10
7.1227494836671665
 20
9.704379087008332
 10
7.123393543262215
 20
9.543364188246445
 10
7.173393143267014
 20
9.543564186646465
  0
LWPOLYLINE
  5
D1
330
17
100
AcDbEntity
  8
WALLS
100
AcDbPolyline
 90
5
 70
0
 10
7.172840543165022
 20
9.683595105310513
 10
7.1720810258243235
 20
9.844609440485595
 10
7.1220815820859
 20
9.844373589159044
 10
7.122841099426599
 20
9.683359253983962
 10
7.172840543165022
 20
9.683595105310513
  0
LWPOLYLINE
  5
D2
330
17
100
AcDbEntity
  8
WALLS
100
AcDbPolyline
 90
5
 70
0
 10
7.172172641583756
 20
9.823589607461225
 10
7.171528581988707
 20
9.984604506223112
 10
7.121528981983908
 20
9.984404507823092
 10
7.122173041578956
 20
9.823389609061204
 10
7.172172641583756
 20
9.823589607461225
  0
LWPOLYLINE
  5
D3
330
17
100
AcDbEntity
  8
WALLS
100
AcDbPolyline
 90
5
 70
0
 10
7.171620011819328
 20
9.963620454512196
 10
7.170860954466797
 20
10.12463479264532
 10
7.120861510054788
 20
10.124399084159087
 10
7.1216205674073185
 20
9.963384746025962
 10
7.171620011819328
 20
9.963620454512196
  0
LWPOLYLINE
  5
D4
330
17
100
AcDbEntity
  8
WALLS
100
AcDbPolyline
 90
5
 70
0
 10
7.170952539890208
 20
10.103615030848191
 10
7.1703084802951595
 20
10.264629929610082
 10
7.12030888029036
 20
10.264429931210062
 10
7.120952939885409
 20
10.10341503244817
 10
7.170952539890208
 20
10.103615030848191
  0
LWPOLYLINE
  5
D5
330
17
100
AcDbEntity
  8
WALLS
100
AcDbPolyline
 90
5
 70
0
 10
7.170396748445441
 20
10.24363825241392
 10
7.1696867024989075
 20
10.404652832327404
 10
7.119687188655492
 20
10.404432343275094
 10
7.1203972346020254
 20
10.24341776336161
 10
7.170396748445441
 20
10.24363825241392
  0
LWPOLYLINE
  5
D6
330
17
100
AcDbEntity
  8
WALLS
100
AcDbPolyline
 90
5
 70
0
 10
7.169778221609459
 20
10.3836482899893
 10
7.169085150609318
 20
10.544662946744225
 10
7.119085613798713
 20
10.544447728889637
 10
7.119778684798854
 20
10.38343307213471
 10
7.169778221609459
 20
10.3836482899893
  0
LWPOLYLINE
  5
D7
330
17
100
AcDbEntity
  8
WALLS
100
AcDbPolyline
 90
5
 70
0
 10
7.169173824879798
 20
10.523656874277401
 10
7.168507492452574
 20
10.684671671524326
 10
7.118507920591534
 20
10.684464756777059
 10
7.119174253018758
 20
10.523449959530135
 10
7.169173824879798
 20
10.523656874277401
  0
LWPOLYLINE
  5
D8
330
17
100
AcDbEntity
  8
WALLS
100
AcDbPolyline
 90
5
 70
0
 10
7.168598952418377
 20
10.663680703492124
 10
7.167862167899178
 20
10.824695142851281
 10
7.117862691360412
 20
10.824466350698055
 10
7.118599475879612
 20
10.663451911338898
 10
7.168598952418377
 20
10.663680703492124
  0
LWPOLYLINE
  5
D9
330
17
100
AcDbEntity
  8
WALLS
100
AcDbPolyline
 90
5
 70
0
 10
7.167952284683125
 20
10.80367883261896
 10
7.167308225088076
 20
10.964693731380851
 10
7.117308625083277
 20
10.96449373298083
 10
7.117952684678325
 20
10.80347883421894
 10
7.167952284683125
 20
10.80367883261896
  0
LWPOLYLINE
  5
DA
330
17
100
AcDbEntity
  8
WALLS
100
AcDbPolyline
 90
5
 70
0
 10
7.167399654918605
 20
10.943709679692919
 10
7.16664059756748
 20
11.104724017474197
 10
7.116641153155473
 20
11.104488308987886
 10
7.117400210506598
 20
10.943473971206608
 10
7.167399654918605
 20
10.943709679692919
  0
LWPOLYLINE
  5
DB
330
17
100
AcDbEntity
  8
WALLS
100
AcDbPolyline
 90
5
 70
0
 10
7.166732182990799
 20
11.083704255699978
 10
7.1660881233957525
 20
11.244719154461869
 10
7.116088523390953
 20
11.244519156061848
 10
7.116732582986
 20
11.083504257299957
 10
7.166732182990799
 20
11.083704255699978
  0
LWPOLYLINE
  5
DC
330
17
100
AcDbEntity
  8
WALLS
100
AcDbPolyline
 90
5
 70
0
 10
7.166179553226265
 20
11.223735102778086
 10
7.165420495875392
 20
11.384749440495881
 10
7.115421051463385
 20
11.384513732009552
 10
7.116180108814258
 20
11.223499394291757
 10
7.166179553226265
 20
11.223735102778086
  0
LWPOLYLINE
  5
DD
330
17
100
AcDbEntity
  8
WALLS
100
AcDbPolyline
 90
5
 70
0
 10
7.165512081298695
 20
11.363729678725791
 10
7.164868021703649
 20
11.524744577487683
 10
7.11486842169885
 20
11.524544579087662
 10
7.115512481293896
 20
11.36352968032577
 10
7.165512081298695
 20
11.363729678725791
  0
LWPOLYLINE
  5
DE
330
17
100
AcDbEntity
  8
WALLS
100
AcDbPolyline
 90
5
 70
0
 10
7.164959451534145
 20
11.503760525808083
 10
7.1642003941835295
 20
11.664774863461819
 10
7.114200949771522
 20
11.664539154975479
 10
7.1149600071221375
 20
11.503524817321743
 10
7.164959451534145
 20
11.503760525808083
  0
LWPOLYLINE
  5
DF
330
17
100
AcDbEntity
  8
WALLS
100
AcDbPolyline
 90
5
 70
0
 10
7.1642919796068165
 20
11.6437551016959
 10
7.163647920011768
 20
11.804770000457795
 10
7.113648320006969
 20
11.804570002057774
 10
7.114292379602017
 20
11.64355510329588
 10
7.1642919796068165
 20
11.6437551016959
  0
LWPOLYLINE
  5
E0
330
17
100
AcDbEntity
  8
WALLS
100
AcDbPolyline
 90
5
 70
0
 10
7.1637481197704025
 20
11.783807148377687
 10
7.162852925255103
 20
11.944820532512296
 10
7.112853698008299
 20
11.944542549199038
 10
7.113748892523598
 20
11.78352916506443
 10
7.1637481197704025
 20
11.783807148377687
  0
LWPOLYLINE
  5
E1
330
17
100
AcDbEntity
  8
WALLS
100
AcDbPolyline
 90
5
 70
0
 10
7.163066598342651
 20
11.924056341765985
 10
7.160648154413671
 20
12.085053656637582
 10
7.110653794701895
 20
12.0843026592944
 10
7.113072238630874
 20
11.923305344422802
 10
7.163066598342651
 20
11.924056341765985
  0
LWPOLYLINE
  5
E2
330
17
100
AcDbEntity
  8
WALLS
100
AcDbPolyline
 90
5
 70
0
 10
7.160911856847314
 20
12.063926529375188
 10
7.159311162553093
 20
12.224931718621328
 10
7.10931363339445
 20
12.224434649178882
 10
7.11091432768867
 20
12.063429459932742
 10
7.160911856847314
 20
12.063926529375188
  0
LWPOLYLINE
  5
E3
330
17
100
AcDbEntity
  8
WALLS
100
AcDbPolyline
 90
5
 70
0
 10
7.159121313755817
 20
12.203005625469329
 10
7.163509543401462
 20
12.363941200553148
 10
7.113528120269793
 20
12.365304043806441
 10
7.109139890624148
 20
12.204368468722622
 10
7.159121313755817
 20
12.203005625469329
  0
LWPOLYLINE
  5
E4
330
17
100
AcDbEntity
  8
WALLS
100
AcDbPolyline
 90
5
 70
0
 10
7.16213096269347
 20
12.341317328441203
 10
7.177314367158304
 20
12.501572536741733
 10
7.1275372836021225
 20
12.50628867421226
 10
7.112353879137289
 20
12.34603346591173
 10
7.16213096269347
 20
12.341317328441203
  0
LWPOLYLINE
  5
E5
330
17
100
AcDbEntity
  8
WALLS
100
AcDbPolyline
 90
5
 70
0
 10
7.174145328179748
 20
12.478665220154664
 10
7.2030366293372445
 20
12.63700347955779
 10
7.153848749091786
 20
12.645978580501982
 10
7.124957447934289
 20
12.487640321098855
 10
7.174145328179748
 20
12.478665220154664
  0
LWPOLYLINE
  5
E6
330
17
100
AcDbEntity
  8
WALLS
100
AcDbPolyline
 90
5
 70
0
 10
7.197713582611806
 20
12.61420442424442
 10
7.241924126577127
 20
12.768967463079111
 10
7.193847316505655
 20
12.782701374879895
 10
7.149636772540335
 20
12.627938336045204
 10
7.197713582611806
 20
12.61420442424442
  0
LWPOLYLINE
  5
E7
330
17
100
AcDbEntity
  8
WALLS
100
AcDbPolyline
 90
5
 70
0
 10
7.234369837083536
 20
12.746764841394768
 10
7.293723331381813
 20
12.896384123137306
 10
7.2472467474805295
 20
12.914821236492354
 10
7.187893253182253
 20
12.765201954749816
 10
7.234369837083536
 20
12.746764841394768
  0
LWPOLYLINE
  5
E8
330
17
100
AcDbEntity
  8
WALLS
100
AcDbPolyline
 90
5
 70
0
 10
7.284171079541503
 20
12.875181615144195
 10
7.3569199132946
 20
13.01878107192738
 10
7.312317094632453
 20
13.041377278852254
 10
7.239568260879356
 20
12.897777822069068
 10
7.284171079541503
 20
12.875181615144195
  0
LWPOLYLINE
  5
E9
330
17
100
AcDbEntity
  8
WALLS
100
AcDbPolyline
 90
5
 70
0
 10
7.345884266539581
 20
12.998829864010661
 10
7.428873471964193
 20
13.136787147373392
 10
7.386028289528035
 20
13.162560977938758
 10
7.303039084103423
 20
13.024603694576028
 10
7.345884266539581
 20
12.998829864010661
  0
LWPOLYLINE
  5
EA
330
17
100
AcDbEntity
  8
WALLS
100
AcDbPolyline
 90
5
 70
0
 10
7.416412046978528
 20
13.117686051860739
 10
7.50921244093395
 20
13.24918248512361
 10
7.468361030289118
 20
13.278012369763116
 10
7.375560636333696
 20
13.146515936500245
 10
7.416412046978528
 20
13.117686051860739
  0
LWPOLYLINE
  5
EB
330
17
100
AcDbEntity
  8
WALLS
100
AcDbPolyline
 90
5
 70
0
 10
7.494898908327933
 20
13.230788739224387
 10
7.599579026188939
 20
13.353066425858199
 10
7.561596353127911
 20
13.385582830135718
 10
7.456916235266904
 20
13.263305143501906
 10
7.494898908327933
 20
13.230788739224387
  0
LWPOLYLINE
  5
EC
330
17
100
AcDbEntity
  8
WALLS
100
AcDbPolyline
 90
5
 70
0
 10
7.583532285492947
 20
13.336058380914558
 10
7.699493077862405
 20
13.44763971294756
 10
7.664824637032865
 20
13.48366885685147
 10
7.548863844663407
 20
13.372087524818468
 10
7.583532285492947
 20
13.336058380914558
  0
LWPOLYLINE
  5
ED
330
17
100
AcDbEntity
  8
WALLS
100
AcDbPolyline
 90
5
 70
0
 10
7.681867669503487
 20
13.43225580335916
 10
7.808131290830269
 20
13.532093900803735
 10
7.777119177975577
 20
13.57131441656128
 10
7.6508555566487955
 20
13.471476319116706
 10
7.681867669503487
 20
13.43225580335916
  0
LWPOLYLINE
  5
EE
330
17
100
AcDbEntity
  8
WALLS
100
AcDbPolyline
 90
5
 70
0
 10
7.788986177947092
 20
13.518471101597463
 10
7.9246766398317705
 20
13.60502784831207
 10
7.897786828846285
 20
13.647181591504875
 10
7.7620963669616065
 20
13.560624844790269
 10
7.788986177947092
 20
13.518471101597463
  0
LWPOLYLINE
  5
EF
330
17
100
AcDbEntity
  8
WALLS
100
AcDbPolyline
 90
5
 70
0
 10
7.904244567474011
 20
13.593409192433239
 10
8.048023899568877
 20
13.66577227195219
 10
8.025545651475491
 20
13.710434653915673
 10
7.8817663193806276
 20
13.638071574396722
 10
7.904244567474011
 20
13.593409192433239
  0
LWPOLYLINE
  5
F0
330
17
100
AcDbEntity
  8
WALLS
100
AcDbPolyline
 90
5
 70
0
 10
8.026700525012377
 20
13.656278734434402
 10
8.176687902896628
 20
13.714705691106133
 10
8.158539006962446
 20
13.761295578167278
 10
8.008551629078195
 20
13.702868621495547
 10
8.026700525012377
 20
13.656278734434402
  0
LWPOLYLINE
  5
F1
330
17
100
AcDbEntity
  8
WALLS
100
AcDbPolyline
 90
5
 70
0
 10
8.154559358538064
 20
13.707273893665343
 10
8.309402540906133
 20
13.751223289751897
 10
8.295750225830078
 20
13.799323334378323
 10
8.14090704346201
 20
13.75537393829177
 10
8.154559358538064
 20
13.707273893665343
  0
LWPOLYLINE
  5
F2
330
17
100
AcDbEntity
  8
WALLS
100
AcDbPolyline
 90
5
 70
0
 10
8.286700552301777
 20
13.745914941460349
 10
8.444987700868896
 20
13.775183961663906
 10
8.43589627635783
 20
13.824350474661674
 10
8.277609127790711
 20
13.795081454458117
 10
8.286700552301777
 20
13.745914941460349
  0
LWPOLYLINE
  5
F3
330
17
100
AcDbEntity
  8
WALLS
100
AcDbPolyline
 90
5
 70
0
 10
8.422138762175015
 20
13.771944469404374
 10
8.582326172043098
 20
13.787828340536436
 10
8.577392465123898
 20
13.83758433048775
 10
8.417205055255815
 20
13.82170045935569
 10
8.422138762175015
 20
13.771944469404374
  0
LWPOLYLINE
  5
F4
330
17
100
AcDbEntity
  8
WALLS
100
AcDbPolyline
 90
5
 70
0
 10
8.559323680864365
 20
13.786502145166136
 10
8.720282538555432
 20
13.789133749715102
 10
8.719465170399028
 20
13.839127068361666
 10
8.55850631270796
 20
13.8364954638127
 10
8.559323680864365
 20
13.786502145166136
  0
LWPOLYLINE
  5
F5
330
17
100
AcDbEntity
  8
WALLS
100
AcDbPolyline
 90
5
 70
0
 10
8.69832172200487
 20
13.789198740667455
 10
8.859295422186491
 20
13.785614379070644
 10
8.86040848393042
 20
13.835601988470916
 10
8.6994347837488
 20
13.839186350067727
 10
8.69832172200487
 20
13.789198740667455
  0
LWPOLYLINE
  5
F6
330
17
100
AcDbEntity
  8
WALLS
100
AcDbPolyline
 90
5
 70
0
 10
8.838285904672817
 20
13.786087784362113
 10
8.999254247864718
 20
13.782417859097329
 10
9.000393904195972
 20
13.832404869244431
 10
8.839425561004072
 20
13.836074794509216
 10
8.838285904672817
 20
13.786087784362113
  0
LWPOLYLINE
  5
F7
330
17
100
AcDbEntity
  8
WALLS
100
AcDbPolyline
 90
5
 70
0
 10
8.977103399723804
 20
13.783446842717186
 10
9.137688485366278
 20
13.772179535614846
 10
9.141188086392264
 20
13.822056913178816
 10
8.98060300074979
 20
13.833324220281156
 10
8.977103399723804
 20
13.783446842717186
  0
LWPOLYLINE
  5
F8
330
17
100
AcDbEntity
  8
WALLS
100
AcDbPolyline
 90
5
 70
0
 10
9.114937318154311
 20
13.77464925355078
 10
9.274184487280131
 20
13.751197710902971
 10
9.281469172108096
 20
13.800664198214658
 10
9.122222002982276
 20
13.824115740862467
 10
9.114937318154311
 20
13.77464925355078
  0
LWPOLYLINE
  5
F9
330
17
100
AcDbEntity
  8
WALLS
100
AcDbPolyline
 90
5
 70
0
 10
9.25136862068384
 20
13.755623552487524
 10
9.40781448247394
 20
13.717836778211389
 10
9.419553548635887
 20
13.76643918890927
 10
9.263107686845787
 20
13.804225963185406
 10
9.25136862068384
 20
13.755623552487524
  0
LWPOLYLINE
  5
FA
330
17
100
AcDbEntity
  8
WALLS
100
AcDbPolyline
 90
5
 70
0
 10
9.3851413774653
 20
13.724632822948122
 10
9.536543315819847
 20
13.670145421726483
 10
9.55347453111064
 20
13.717191504972346
 10
9.402072592756094
 20
13.771678906193985
 10
9.3851413774653
 20
13.724632822948122
  0
LWPOLYLINE
  5
FB
330
17
100
AcDbEntity
  8
WALLS
100
AcDbPolyline
 90
5
 70
0
 10
9.514597393261644
 20
13.679519985071238
 10
9.658656607598433
 20
13.607796131594569
 10
9.68094125678502
 20
13.652555425720266
 10
9.536882042448232
 20
13.724279279196935
 10
9.514597393261644
 20
13.679519985071238
  0
LWPOLYLINE
  5
FC
330
17
100
AcDbEntity
  8
WALLS
100
AcDbPolyline
 90
5
 70
0
 10
9.637992823956631
 20
13.619592735671008
 10
9.772988806831519
 20
13.532008764287239
 10
9.800202519317578
 20
13.57395413176359
 10
9.66520653644269
 20
13.66153810314736
 10
9.637992823956631
 20
13.619592735671008
  0
LWPOLYLINE
  5
FD
330
17
100
AcDbEntity
  8
WALLS
100
AcDbPolyline
 90
5
 70
0
 10
9.753653674719654
 20
13.546344201174614
 10
9.87668650490712
 20
13.442620649100514
 10
9.908914549478336
 20
13.48084829803575
 10
9.78588171929087
 20
13.584571850109851
 10
9.753653674719654
 20
13.546344201174614
  0
LWPOLYLINE
  5
FE
330
17
100
AcDbEntity
  8
WALLS
100
AcDbPolyline
 90
5
 70
0
 10
9.859458603385935
 20
13.458797924181297
 10
9.97069423274447
 20
13.342539809239696
 10
10.006821324765102
 20
13.377106168928456
 10
9.895585695406567
 20
13.493364283870058
 10
9.859458603385935
 20
13.458797924181297
  0
LWPOLYLINE
  5
FF
330
17
100
AcDbEntity
  8
WALLS
100
AcDbPolyline
 90
5
 70
0
 10
9.955267842330674
 20
13.360556920536174
 10
10.053045555858748
 20
13.232699241900063
 10
10.092762818765241
 20
13.263072569462524
 10
9.994985105237166
 20
13.390930248098636
 10
9.955267842330674
 20
13.360556920536174
  0
LWPOLYLINE
  5
100
330
17
100
AcDbEntity
  8
WALLS
100
AcDbPolyline
 90
5
 70
0
 10
10.039756565172981
 20
13.251921080288025
 10
10.124836624566905
 20
13.115284435331404
 10
10.16728085498554
 20
13.141713345716997
 10
10.082200795591616
 20
13.278349990673618
 10
10.039756565172981
 20
13.251921080288025
  0
LWPOLYLINE
  5
101
330
17
100
AcDbEntity
  8
WALLS
100
AcDbPolyline
 90
5
 70
0
 10
10.113469288898024
 20
13.135411891663919
 10
10.186551544050904
 20
12.992000061802939
 10
10.231100578692502
 20
13.01470212145623
 10
10.158018323539622
 20
13.15811395131721
 10
10.113469288898024
 20
13.135411891663919
  0
LWPOLYLINE
  5
102
330
17
100
AcDbEntity
  8
WALLS
100
AcDbPolyline
 90
5
 70
0
 10
10.17695106545279
 20
13.012104864587565
 10
10.242557127976475
 20
12.865082999253369
 10
10.28821733924779
 20
12.88545810923243
 10
10.222611276724106
 20
13.032479974566625
 10
10.17695106545279
 20
13.012104864587565
  0
LWPOLYLINE
  5
103
330
17
100
AcDbEntity
  8
WALLS
100
AcDbPolyline
 90
5
 70
0
 10
10.23401991614966
 20
12.886052873974515
 10
10.289753347061662
 20
12.735029767319217
 10
10.336661091538478
 20
12.752340558985049
 10
10.280927660626475
 20
12.903363665640347
 10
10.23401991614966
 20
12.886052873974515
  0
LWPOLYLINE
  5
104
330
17
100
AcDbEntity
  8
WALLS
100
AcDbPolyline
 90
5
 70
0
 10
10.282657966887806
 20
12.756823588206364
 10
10.326516332369051
 20
12.601945542505321
 10
10.374624602881417
 20
12.615568842704208
 10
10.330766237400171
 20
12.770446888405251
 10
10.282657966887806
 20
12.756823588206364
  0
LWPOLYLINE
  5
105
330
17
100
AcDbEntity
  8
WALLS
100
AcDbPolyline
 90
5
 70
0
 10
10.321156411611023
 20
12.624344897182311
 10
10.352155725885888
 20
12.466389257262804
 10
10.40121979272873
 20
12.476018241884304
 10
10.370220478453865
 20
12.633973881803811
 10
10.321156411611023
 20
12.624344897182311
  0
LWPOLYLINE
  5
106
330
17
100
AcDbEntity
  8
WALLS
100
AcDbPolyline
 90
5
 70
0
 10
10.34861449542879
 20
12.48902407148031
 10
10.367341265878114
 20
12.32914068074757
 10
10.417001782584165
 20
12.334957301801746
 10
10.398275012134842
 20
12.494840692534487
 10
10.34861449542879
 20
12.48902407148031
  0
LWPOLYLINE
  5
107
330
17
100
AcDbEntity
  8
WALLS
100
AcDbPolyline
 90
5
 70
0
 10
10.365435935922847
 20
12.3516558203172
 10
10.373844736375506
 20
12.190879698354236
 10
10.423776490700533
 20
12.193491194099026
 10
10.415367690247873
 20
12.354267316061991
 10
10.365435935922847
 20
12.3516558203172
  0
LWPOLYLINE
  5
108
330
17
100
AcDbEntity
  8
WALLS
100
AcDbPolyline
 90
5
 70
0
 10
10.373141582747774
 20
12.212879569273204
 10
10.375017266372655
 20
12.05188017730928
 10
10.425013873508245
 20
12.052462650423992
 10
10.423138189883364
 20
12.213462042387915
 10
10.373141582747774
 20
12.212879569273204
  0
LWPOLYLINE
  5
109
330
17
100
AcDbEntity
  8
WALLS
100
AcDbPolyline
 90
5
 70
0
 10
10.374927952119824
 20
12.073254679415355
 10
10.374397819422382
 20
11.912239427269538
 10
10.424397548420925
 20
11.912074806273376
 10
10.424927681118367
 20
12.073090058419192
 10
10.374927952119824
 20
12.073254679415355
  0
LWPOLYLINE
  5
10A
330
17
100
AcDbEntity
  8
WALLS
100
AcDbPolyline
 90
5
 70
0
 10
10.374416800572394
 20
11.933122273317998
 10
10.374654228037564
 20
11.772106544099262
 10
10.424654173679421
 20
11.772180272053731
 10
10.424416746214252
 20
11.933196001272467
 10
10.374416800572394
 20
11.933122273317998
  0
LWPOLYLINE
  5
10B
330
17
100
AcDbEntity
  8
WALLS
100
AcDbPolyline
 90
5
 70
0
 10
10.374608079833003
 20
11.79307224816463
 10
10.37507948426859
 20
11.632056816895304
 10
10.425079269984685
 20
11.632203201130523
 10
10.424607865549099
 20
11.79321863239985
 10
10.374608079833003
 20
11.79307224816463
  0
LWPOLYLINE
  5
10C
330
17
100
AcDbEntity
  8
WALLS
100
AcDbPolyline
 90
5
 70
0
 10
10.375017953584198
 20
11.653058726726792
 10
10.375490024289608
 20
11.49204328778257
 10
10.425489809399576
 20
11.492189878904403
 10
10.425017738694166
 20
11.653205317848625
 10
10.375017953584198
 20
11.653058726726792
  0
LWPOLYLINE
  5
10D
330
17
100
AcDbEntity
  8
WALLS
100
AcDbPolyline
 90
5
 70
0
 10
10.375424760598063
 20
11.513036441139835
 10
10.375953821625616
 20
11.352021184251768
 10
10.425953551718722
 20
11.352185472463283
 10
10.425424490691169
 20
11.51320072935135
 10
10.375424760598063
 20
11.513036441139835
  0
LWPOLYLINE
  5
10E
330
17
100
AcDbEntity
  8
WALLS
100
AcDbPolyline
 90
5
 70
0
 10
10.375885203658484
 20
11.373024111387744
 10
10.376408237917687
 20
11.212008833545292
 10
10.426407974125048
 20
11.212171250275793
 10
10.425884939865846
 20
11.373186528118245
 10
10.375885203658484
 20
11.373024111387744
  0
LWPOLYLINE
  5
10F
330
17
100
AcDbEntity
  8
WALLS
100
AcDbPolyline
 90
5
 70
0
 10
10.37634447130196
 20
11.233021524035163
 10
10.376798694680184
 20
11.072006033414056
 10
10.426798495731505
 20
11.072147082442669
 10
10.426344272353282
 20
11.233162573063776
 10
10.37634447130196
 20
11.233021524035163
  0
LWPOLYLINE
  5
110
330
17
100
AcDbEntity
  8
WALLS
100
AcDbPolyline
 90
5
 70
0
 10
10.376736812203479
 20
11.09300172562673
 10
10.377231739080305
 20
10.931986365526884
 10
10.427231502877856
 20
10.93214005413723
 10
10.42673657600103
 20
11.093155414237076
 10
10.376736812203479
 20
11.09300172562673
  0
LWPOLYLINE
  5
111
330
17
100
AcDbEntity
  8
WALLS
100
AcDbPolyline
 90
5
 70
0
 10
10.377164974122538
 20
10.95298306249144
 10
10.377694034997676
 20
10.791967805886438
 10
10.427693765090938
 20
10.792132094050912
 10
10.4271647042158
 20
10.953147350655913
 10
10.377164974122538
 20
10.95298306249144
  0
LWPOLYLINE
  5
112
330
17
100
AcDbEntity
  8
WALLS
100
AcDbPolyline
 90
5
 70
0
 10
10.377625818409896
 20
10.812971697035858
 10
10.37814265066115
 20
10.651956402193642
 10
10.428142393087398
 20
10.65211689303065
 10
10.427625560836145
 20
10.813132187872865
 10
10.377625818409896
 20
10.812971697035858
  0
LWPOLYLINE
  5
113
330
17
100
AcDbEntity
  8
WALLS
100
AcDbPolyline
 90
5
 70
0
 10
10.378080042549172
 20
10.672969932308522
 10
10.378522675038553
 20
10.511954413814308
 10
10.428522486113891
 20
10.512091863552396
 10
10.42807985362451
 20
10.67310738204661
 10
10.378080042549172
 20
10.672969932308522
  0
LWPOLYLINE
  5
114
330
17
100
AcDbEntity
  8
WALLS
100
AcDbPolyline
 90
5
 70
0
 10
10.378460419468704
 20
10.53294558520979
 10
10.378972865315896
 20
10.371930270036062
 10
10.428972612095729
 20
10.372089398765963
 10
10.428460166248536
 20
10.533104713939691
 10
10.378460419468704
 20
10.53294558520979
  0
LWPOLYLINE
  5
115
330
17
100
AcDbEntity
  8
WALLS
100
AcDbPolyline
 90
5
 70
0
 10
10.378904931563492
 20
10.392929641474359
 10
10.379434266662573
 20
10.231914386077987
 10
10.429433996475963
 20
10.23207875939696
 10
10.428904661376881
 20
10.393094014793332
 10
10.378904931563492
 20
10.392929641474359
  0
LWPOLYLINE
  5
116
330
17
100
AcDbEntity
  8
WALLS
100
AcDbPolyline
 90
5
 70
0
 10
10.379367528747643
 20
10.252921914956907
 10
10.37986123890591
 20
10.091906540379973
 10
10.429861003863419
 20
10.092059851155017
 10
10.429367293705152
 20
10.253075225731951
 10
10.379367528747643
 20
10.252921914956907
  0
LWPOLYLINE
  5
117
330
17
100
AcDbEntity
  8
WALLS
100
AcDbPolyline
 90
5
 70
0
 10
10.379799710710067
 20
10.112915431403922
 10
10.380249124035817
 20
9.95189993497703
 10
10.430248929278399
 20
9.952039490356851
 10
10.429799515952649
 20
10.113054986783743
 10
10.379799710710067
 20
10.112915431403922
  0
LWPOLYLINE
  5
118
330
17
100
AcDbEntity
  8
WALLS
100
AcDbPolyline
 90
5
 70
0
 10
10.380185755495772
 20
9.972890553197987
 10
10.380708520304198
 20
9.811875274698524
 10
10.430708256783285
 20
9.81203760775726
 10
10.430185491974859
 20
9.973052886256722
 10
10.380185755495772
 20
9.972890553197987
  0
LWPOLYLINE
  5
119
330
17
100
AcDbEntity
  8
WALLS
100
AcDbPolyline
 90
5
 70
0
 10
10.38064477819995
 20
9.832887939685223
 10
10.381098896564348
 20
9.671872449290534
 10
10.431098697707649
 20
9.672013465709886
 10
10.43064457934325
 20
9.833028956104576
 10
10.38064477819995
 20
9.832887939685223
  0
LWPOLYLINE
  5
11A
330
17
100
AcDbEntity
  8
WALLS
100
AcDbPolyline
 90
5
 70
0
 10
10.381033338213285
 20
9.692859277269744
 10
10.381585174612098
 20
9.531844099908046
 10
10.431584880966675
 20
9.532015460511118
 10
10.431033044567862
 20
9.693030637872816
 10
10.381033338213285
 20
9.692859277269744
  0
LWPOLYLINE
  5
11B
330
17
100
AcDbEntity
  8
WALLS
100
AcDbPolyline
 90
5
 70
0
 10
10.381518329205546
 20
9.55285841057026
 10
10.38199085509453
 20
9.391842973468815
 10
10.43199063978989
 20
9.391989705938308
 10
10.431518113900905
 20
9.553005143039751
 10
10.381518329205546
 20
9.55285841057026
  0
LWPOLYLINE
  5
11C
330
17
100
AcDbEntity
  8
WALLS
100
AcDbPolyline
 90
5
 70
0
 10
10.38192637276202
 20
9.412838146274016
 10
10.38244289768691
 20
9.251822851195183
 10
10.432442640419392
 20
9.251983246599526
 10
10.431926115494502
 20
9.412998541678359
 10
10.38192637276202
 20
9.412838146274016
  0
LWPOLYLINE
  5
11D
330
17
100
AcDbEntity
  8
WALLS
100
AcDbPolyline
 90
5
 70
0
 10
10.382380293028952
 20
9.272836293426806
 10
10.382823183922508
 20
9.111820775874111
 10
10.432822994777197
 20
9.111958305854102
 10
10.432380103883641
 20
9.272973823406797
 10
10.382380293028952
 20
9.272836293426806
  0
LWPOLYLINE
  5
11E
330
17
100
AcDbEntity
  8
WALLS
100
AcDbPolyline
 90
5
 70
0
 10
10.38276089049006
 20
9.132811937079417
 10
10.383273659248717
 20
8.971796623636347
 10
10.433273405709317
 20
8.971955852639958
 10
10.43276063695066
 20
9.132971166083028
 10
10.38276089049006
 20
9.132811937079417
  0
LWPOLYLINE
  5
11F
330
17
100
AcDbEntity
  8
WALLS
100
AcDbPolyline
 90
5
 70
0
 10
10.383205722011777
 20
8.992796087711572
 10
10.383734783036989
 20
8.831780831408299
 10
10.433734513130098
 20
8.831945119619682
 10
10.433205452104886
 20
8.992960375922955
 10
10.383205722011777
 20
8.992796087711572
  0
LWPOLYLINE
  5
120
330
17
100
AcDbEntity
  8
WALLS
100
AcDbPolyline
 90
5
 70
0
 10
10.38366808303854
 20
8.852788365561674
 10
10.384161485785807
 20
8.691772990380263
 10
10.434161251035928
 20
8.69192620569594
 10
10.43366784828866
 20
8.852941580877351
 10
10.38366808303854
 20
8.852788365561674
  0
LWPOLYLINE
  5
121
330
17
100
AcDbEntity
  8
WALLS
100
AcDbPolyline
 90
5
 70
0
 10
10.384099957869797
 20
8.712781785879708
 10
10.384549678602543
 20
8.5517662910581
 10
10.434549483578593
 20
8.55190594189702
 10
10.434099762845847
 20
8.712921436718629
 10
10.384099957869797
 20
8.712781785879708
  0
LWPOLYLINE
  5
122
330
17
100
AcDbEntity
  8
WALLS
100
AcDbPolyline
 90
5
 70
0
 10
10.38448630662317
 20
8.572756997112585
 10
10.385008812718308
 20
8.411741718000748
 10
10.43500854945816
 20
8.411903970722015
 10
10.434486043363023
 20
8.572919249833852
 10
10.38448630662317
 20
8.572756997112585
  0
LWPOLYLINE
  5
123
330
17
100
AcDbEntity
  8
WALLS
100
AcDbPolyline
 90
5
 70
0
 10
10.384939820311414
 20
8.432741693757583
 10
10.385475299255775
 20
8.271726459934174
 10
10.435475022760782
 20
8.271892741089845
 10
10.434939543816421
 20
8.432907974913254
 10
10.384939820311414
 20
8.432741693757583
  0
LWPOLYLINE
  5
124
330
17
100
AcDbEntity
  8
WALLS
100
AcDbPolyline
 90
5
 70
0
 10
10.385409665468881
 20
8.292738560922292
 10
10.385880087464738
 20
8.131723128216095
 10
10.43587987407307
 20
8.131869207377658
 10
10.435409452077213
 20
8.292884640083855
 10
10.385409665468881
 20
8.292738560922292
  0
LWPOLYLINE
  5
125
330
17
100
AcDbEntity
  8
WALLS
100
AcDbPolyline
 90
5
 70
0
 10
10.385818571576793
 20
8.152724766194984
 10
10.38629141004679
 20
7.991709330362348
 10
10.436291194457203
 20
7.991856159897284
 10
10.435818355987207
 20
8.152871595729918
 10
10.385818571576793
 20
8.152724766194984
  0
LWPOLYLINE
  5
126
330
17
100
AcDbEntity
  8
WALLS
100
AcDbPolyline
 90
5
 70
0
 10
10.386226927073482
 20
8.012704599341879
 10
10.386743144712272
 20
7.851689304044072
 10
10.436742887750762
 20
7.851849604028267
 10
10.436226670111973
 20
8.012864899326074
 10
10.386226927073482
 20
8.012704599341879
  0
LWPOLYLINE
  5
127
330
17
100
AcDbEntity
  8
WALLS
100
AcDbPolyline
 90
5
 70
0
 10
10.386674582049347
 20
7.87268834442537
 10
10.387209806316067
 20
7.711673104584156
 10
10.437209530084038
 20
7.711839306649974
 10
10.436674305817318
 20
7.8728545464911885
 10
10.386674582049347
 20
7.87268834442537
  0
LWPOLYLINE
  5
128
330
17
100
AcDbEntity
  8
WALLS
100
AcDbPolyline
 90
5
 70
0
 10
10.38714525808113
 20
7.7326877322099135
 10
10.387599178879725
 20
7.571672242087856
 10
10.437598980196011
 20
7.57181319715824
 10
10.437145059397416
 20
7.732828687280297
 10
10.38714525808113
 20
7.7326877322099135
  0
LWPOLYLINE
  5
129
330
17
100
AcDbEntity
  8
WALLS
100
AcDbPolyline
 90
5
 70
0
 10
10.387537254380186
 20
7.592667738574782
 10
10.388033137220484
 20
7.431652382871279
 10
10.438032900104686
 20
7.43180636833636
 10
10.437537017264388
 20
7.592821724039863
 10
10.387537254380186
 20
7.592667738574782
  0
LWPOLYLINE
  5
12A
330
17
100
AcDbEntity
  8
WALLS
100
AcDbPolyline
 90
5
 70
0
 10
10.387968637313547
 20
7.452654819899616
 10
10.388461732665784
 20
7.291639444131082
 10
10.438461498208314
 20
7.291792563992365
 10
10.437968402856077
 20
7.452807939760898
 10
10.387968637313547
 20
7.452654819899616
  0
LWPOLYLINE
  5
12B
330
17
100
AcDbEntity
  8
WALLS
100
AcDbPolyline
 90
5
 70
0
 10
10.3884002050296
 20
7.312648144108743
 10
10.38885023315323
 20
7.151632650909728
 10
10.438850037862585
 20
7.15177239720276
 10
10.438400009738954
 20
7.312787890401775
 10
10.3884002050296
 20
7.312648144108743
  0
LWPOLYLINE
  5
12C
330
17
100
AcDbEntity
  8
WALLS
100
AcDbPolyline
 90
5
 70
0
 10
10.388785368744756
 20
7.172619866462633
 10
10.389330628933774
 20
7.011604667541177
 10
10.439330342245384
 20
7.01177398604846
 10
10.438785082056366
 20
7.172789184969916
 10
10.388785368744756
 20
7.172619866462633
  0
LWPOLYLINE
  5
12D
330
17
100
AcDbEntity
  8
WALLS
100
AcDbPolyline
 90
5
 70
0
 10
10.389261606514925
 20
7.032611692678092
 10
10.389774436402814
 20
6.871596380158257
 10
10.439774182802957
 20
6.871755628144921
 10
10.439261352915068
 20
7.032770940664756
 10
10.389261606514925
 20
7.032611692678092
  0
LWPOLYLINE
  5
12E
330
17
100
AcDbEntity
  8
WALLS
100
AcDbPolyline
 90
5
 70
0
 10
10.389710317537292
 20
6.8926050329323765
 10
10.390180332494742
 20
6.731589599612835
 10
10.44018011947219
 20
6.731735552378135
 10
10.43971010451474
 20
6.892750985697676
 10
10.389710317537292
 20
6.8926050329323765
  0
LWPOLYLINE
  5
12F
330
17
100
AcDbEntity
  8
WALLS
100
AcDbPolyline
 90
5
 70
0
 10
10.390118823778597
 20
6.752591127459209
 10
10.390591964261457
 20
6.591575692891607
 10
10.440591748396375
 20
6.5917226162103075
 10
10.440118607913515
 20
6.75273805077791
 10
10.390118823778597
 20
6.752591127459209
  0
LWPOLYLINE
  5
130
330
17
100
AcDbEntity
  8
WALLS
100
AcDbPolyline
 90
5
 70
0
 10
10.390529628048455
 20
6.61257620346017
 10
10.391012377404358
 20
6.4515609323692225
 10
10.441012152681964
 20
6.451710839636695
 10
10.44052940332606
 20
6.6127261107276425
 10
10.390529628048455
 20
6.61257620346017
  0
LWPOLYLINE
  5
131
330
17
100
AcDbEntity
  8
WALLS
100
AcDbPolyline
 90
5
 70
0
 10
10.391049695427736
 20
6.472800516894783
 10
10.390001141692807
 20
6.311787753319993
 10
10.440000081494833
 20
6.3114621482318745
 10
10.441048635229762
 20
6.472474911806665
 10
10.391049695427736
 20
6.472800516894783
  0
LWPOLYLINE
  5
132
330
17
100
AcDbEntity
  8
WALLS
100
AcDbPolyline
 90
5
 70
0
 10
10.390139805491799
 20
6.332793846303339
 10
10.389062630770628
 20
6.171781323314775
 10
10.439061511903727
 20
6.17144683050736
 10
10.440138686624898
 20
6.332459353495924
 10
10.390139805491799
 20
6.332793846303339
  0
LWPOLYLINE
  5
133
330
17
100
AcDbEntity
  8
WALLS
100
AcDbPolyline
 90
5
 70
0
 10
10.38920821710488
 20
6.192794832748745
 10
10.388054333282621
 20
6.031782833374312
 10
10.438053049383317
 20
6.031424520268044
 10
10.439206933205575
 20
6.192436519642476
 10
10.38920821710488
 20
6.192794832748745
  0
LWPOLYLINE
  5
134
330
17
100
AcDbEntity
  8
WALLS
100
AcDbPolyline
 90
5
 70
0
 10
10.388198499338905
 20
6.052769588808267
 10
10.387140272586556
 20
5.891756939534335
 10
10.437139192736588
 20
5.891428330601248
 10
10.438197419488937
 20
6.05244097987518
 10
10.388198499338905
 20
6.052769588808267
  0
LWPOLYLINE
  5
135
330
17
100
AcDbEntity
  8
WALLS
100
AcDbPolyline
 90
5
 70
0
 10
10.387283999890034
 20
5.912771898799632
 10
10.38613980771029
 20
5.751759831663279
 10
10.436138545287985
 20
5.7514045280792
 10
10.43728273746773
 20
5.912416595215553
 10
10.387283999890034
 20
5.912771898799632
  0
LWPOLYLINE
  5
136
330
17
100
AcDbEntity
  8
WALLS
100
AcDbPolyline
 90
5
 70
0
 10
10.386284866110813
 20
5.77275163391716
 10
10.385203791122954
 20
5.61173913594077
 10
10.435202664138856
 20
5.61140343199407
 10
10.436283739126715
 20
5.77241592997046
 10
10.386284866110813
 20
5.77275163391716
  0
LWPOLYLINE
  5
137
330
17
100
AcDbEntity
  8
WALLS
100
AcDbPolyline
 90
5
 70
0
 10
10.385344939705998
 20
5.632741090462915
 10
10.384261769937279
 20
5.471728606167304
 10
10.434260638581428
 20
5.471392251733532
 10
10.435343808350147
 20
5.632404736029143
 10
10.385344939705998
 20
5.632741090462915
  0
LWPOLYLINE
  5
138
330
17
100
AcDbEntity
  8
WALLS
100
AcDbPolyline
 90
5
 70
0
 10
10.384402791753777
 20
5.492729624186227
 10
10.3833235639842
 20
5.331717114096996
 10
10.433322440848174
 20
5.331381983762531
 10
10.43440166861775
 20
5.492394493851762
 10
10.384402791753777
 20
5.492729624186227
  0
LWPOLYLINE
  5
139
330
17
100
AcDbEntity
  8
WALLS
100
AcDbPolyline
 90
5
 70
0
 10
10.383467886114989
 20
5.352727044849809
 10
10.382335051220043
 20
5.191714906686773
 10
10.432333813735202
 20
5.191363129836111
 10
10.433466648630148
 20
5.352375267999147
 10
10.383467886114989
 20
5.352727044849809
  0
LWPOLYLINE
  5
13A
330
17
100
AcDbEntity
  8
WALLS
100
AcDbPolyline
 90
5
 70
0
 10
10.382477859719321
 20
5.212704921690864
 10
10.381419753864654
 20
5.051692254329754
 10
10.431418674261641
 20
5.051363682974057
 10
10.432476780116309
 20
5.212376350335167
 10
10.382477859719321
 20
5.212704921690864
  0
LWPOLYLINE
  5
13B
330
17
100
AcDbEntity
  8
WALLS
100
AcDbPolyline
 90
5
 70
0
 10
10.381564988405762
 20
5.072710768754967
 10
10.380397956503325
 20
4.911698870272322
 10
10.430396643177717
 20
4.911336474306689
 10
10.431563675080154
 20
5.072348372789334
 10
10.381564988405762
 20
5.072710768754967
  0
LWPOLYLINE
  5
13C
330
17
100
AcDbEntity
  8
WALLS
100
AcDbPolyline
 90
5
 70
0
 10
10.38054324274616
 20
4.9326842259109975
 10
10.379480827938373
 20
4.771671607971913
 10
10.429479739524083
 20
4.771341698523066
 10
10.43054215433187
 20
4.93235431646215
 10
10.38054324274616
 20
4.9326842259109975
  0
LWPOLYLINE
  5
13D
330
17
100
AcDbEntity
  8
WALLS
100
AcDbPolyline
 90
5
 70
0
 10
10.379621876624713
 20
4.792679032594265
 10
10.378522141460826
 20
4.631666655254856
 10
10.428520975235381
 20
4.6313251568150235
 10
10.429620710399268
 20
4.7923375341544325
 10
10.379621876624713
 20
4.792679032594265
  0
LWPOLYLINE
  5
13E
330
17
100
AcDbEntity
  8
WALLS
100
AcDbPolyline
 90
5
 70
0
 10
10.378664348589082
 20
4.652665380295025
 10
10.37758327360274
 20
4.491652882571582
 10
10.427582146618642
 20
4.491317178624827
 10
10.428663221604983
 20
4.65232967634827
 10
10.378664348589082
 20
4.652665380295025
  0
LWPOLYLINE
  5
13F
330
17
100
AcDbEntity
  8
WALLS
100
AcDbPolyline
 90
5
 70
0
 10
10.3777242834011
 20
4.512654512748884
 10
10.376643208150142
 20
4.351642015050724
 10
10.42664208116549
 20
4.351306311021749
 10
10.427723156416448
 20
4.512318808719908
 10
10.3777242834011
 20
4.512654512748884
  0
LWPOLYLINE
  5
140
330
17
100
AcDbEntity
  8
WALLS
100
AcDbPolyline
 90
5
 70
0
 10
10.37678462806797
 20
4.372644603454635
 10
10.37569736379152
 20
4.211632146578209
 10
10.425696223866094
 20
4.211294520685922
 10
10.426783488142544
 20
4.3723069775623475
 10
10.37678462806797
 20
4.372644603454635
  0
LWPOLYLINE
  5
141
330
17
100
AcDbEntity
  8
WALLS
100
AcDbPolyline
 90
5
 70
0
 10
10.375838522319748
 20
4.2326322325255745
 10
10.374761196783544
 20
4.07161971026806
 10
10.424760077603315
 20
4.071285170628947
 10
10.42583740313952
 20
4.232297692886462
 10
10.375838522319748
 20
4.2326322325255745
  0
LWPOLYLINE
  5
142
330
17
100
AcDbEntity
  8
WALLS
100
AcDbPolyline
 90
5
 70
0
 10
10.37490678147198
 20
4.092633169766262
 10
10.373753068385733
 20
3.93162116983735
 10
10.423751784866342
 20
3.931262909747887
 10
10.424905497952588
 20
4.0922749096767985
 10
10.37490678147198
 20
4.092633169766262
  0
LWPOLYLINE
  5
143
330
17
100
AcDbEntity
  8
WALLS
100
AcDbPolyline
 90
5
 70
0
 10
10.373901382832777
 20
3.9526176690135255
 10
10.372780390801719
 20
3.7916054489552646
 10
10.422779179055716
 20
3.791257349642213
 10
10.423900171086775
 20
3.9522695697004737
 10
10.373901382832777
 20
3.9526176690135255
  0
LWPOLYLINE
  5
144
330
17
100
AcDbEntity
  8
WALLS
100
AcDbPolyline
 90
5
 70
0
 10
10.372923961501277
 20
3.812600863312716
 10
10.371842886301279
 20
3.651588365929179
 10
10.42184175931673
 20
3.651252661915371
 10
10.422922834516728
 20
3.8122651592989083
 10
10.372923961501277
 20
3.812600863312716
  0
LWPOLYLINE
  5
145
330
17
100
AcDbEntity
  8
WALLS
100
AcDbPolyline
 90
5
 70
0
 10
10.371983896081382
 20
3.6725899959542514
 10
10.37090282131291
 20
3.5115774985930694
 10
10.42090169432926
 20
3.5112417947132104
 10
10.421982769097731
 20
3.6722542920743924
 10
10.371983896081382
 20
3.6725899959542514
  0
LWPOLYLINE
  5
146
330
17
100
AcDbEntity
  8
WALLS
100
AcDbPolyline
 90
5
 70
0
 10
10.371044003889685
 20
3.5325795325453706
 10
10.369960320889556
 20
3.371567052081142
 10
10.419959188461307
 20
3.371230538273908
 10
10.421042871461436
 20
3.5322430187381366
 10
10.371044003889685
 20
3.5325795325453706
  0
LWPOLYLINE
  5
147
330
17
100
AcDbEntity
  8
WALLS
100
AcDbPolyline
 90
5
 70
0
 10
10.37010134060634
 20
3.392567908257057
 10
10.369022641606445
 20
3.2315553952262848
 10
10.41902151957072
 20
3.2312204290883084
 10
10.420100218570614
 20
3.3922329421190804
 10
10.37010134060634
 20
3.392567908257057
  0
LWPOLYLINE
  5
148
330
17
100
AcDbEntity
  8
WALLS
100
AcDbPolyline
 90
5
 70
0
 10
10.369166955082934
 20
3.2525654672209594
 10
10.368033738940335
 20
3.091553332789826
 10
10.418032500622393
 20
3.091201437548836
 10
10.419165716764992
 20
3.2522135719799694
 10
10.369166955082934
 20
3.2525654672209594
  0
LWPOLYLINE
  5
149
330
17
100
AcDbEntity
  8
WALLS
100
AcDbPolyline
 90
5
 70
0
 10
10.368176572312661
 20
3.112543289357944
 10
10.367118460032332
 20
2.951530621919813
 10
10.417117380416206
 20
2.9512020485690127
 10
10.418175492696536
 20
3.1122147160071436
 10
10.368176572312661
 20
3.112543289357944
  0
LWPOLYLINE
  5
14A
330
17
100
AcDbEntity
  8
WALLS
100
AcDbPolyline
 90
5
 70
0
 10
10.36726367029636
 20
2.9725490776719763
 10
10.36609701054702
 20
2.811537177653972
 10
10.416095698058879
 20
2.8111748972496446
 10
10.41726235780822
 20
2.972186797267649
 10
10.36726367029636
 20
2.9725490776719763
  0
LWPOLYLINE
  5
14B
330
17
100
AcDbEntity
  8
WALLS
100
AcDbPolyline
 90
5
 70
0
 10
10.366242265722384
 20
2.8325225742903557
 10
10.365179959838983
 20
2.6715099559117137
 10
10.41517887164786
 20
2.671180080286356
 10
10.416241177531262
 20
2.832192698664998
 10
10.366242265722384
 20
2.8325225742903557
  0
LWPOLYLINE
  5
14C
330
17
100
AcDbEntity
  8
WALLS
100
AcDbPolyline
 90
5
 70
0
 10
10.365321054482402
 20
2.6925175211491466
 10
10.364220520425059
 20
2.5315051494036966
 10
10.414219352504587
 20
2.531163402884877
 10
10.41531988656193
 20
2.6921757746303268
 10
10.365321054482402
 20
2.6925175211491466
  0
LWPOLYLINE
  5
14D
330
17
100
AcDbEntity
  8
WALLS
100
AcDbPolyline
 90
5
 70
0
 10
10.364362778807422
 20
2.552503750018514
 10
10.36328170382302
 20
2.3914912526181467
 10
10.413280576838918
 20
2.39115554867132
 10
10.41436165182332
 20
2.5521680460716873
 10
10.364362778807422
 20
2.552503750018514
  0
LWPOLYLINE
  5
14E
330
17
100
AcDbEntity
  8
WALLS
100
AcDbPolyline
 90
5
 70
0
 10
10.363422713617974
 20
2.412492882745868
 10
10.362341638416547
 20
2.2514803853715755
 10
10.412340511431994
 20
2.251144681357305
 10
10.41342158663342
 20
2.412157178731597
 10
10.363422713617974
 20
2.412492882745868
  0
LWPOLYLINE
  5
14F
330
17
100
AcDbEntity
  8
WALLS
100
AcDbPolyline
 90
5
 70
0
 10
10.362483098203262
 20
2.2724830668637113
 10
10.3613952322308
 20
2.111470614903147
 10
10.411394091043322
 20
2.111132802165673
 10
10.412481957015784
 20
2.2721452541262375
 10
10.362483098203262
 20
2.2724830668637113
  0
LWPOLYLINE
  5
150
330
17
100
AcDbEntity
  8
WALLS
100
AcDbPolyline
 90
5
 70
0
 10
10.361542617817136
 20
2.13248505671948
 10
10.36037195396089
 20
1.9714731855718413
 10
10.410370632447961
 20
1.9711096617810313
 10
10.411541296304208
 20
2.1321215329286702
 10
10.361542617817136
 20
2.13248505671948
  0
LWPOLYLINE
  5
151
330
17
100
AcDbEntity
  8
WALLS
100
AcDbPolyline
 90
5
 70
0
 10
10.360517396651868
 20
1.992457798260493
 10
10.359456134064907
 20
1.8314451548382549
 10
10.40945504801044
 20
1.8311156032227338
 10
10.410516310597401
 20
1.992128246644972
 10
10.360517396651868
 20
1.992457798260493
  0
LWPOLYLINE
  5
152
330
17
100
AcDbEntity
  8
WALLS
100
AcDbPolyline
 90
5
 70
0
 10
10.359846008222638
 20
1.853015267539494
 10
10.355088290481815
 20
1.6920876665759848
 10
10.405066453545944
 20
1.690610095347431
 10
10.409824171286767
 20
1.8515376963109402
 10
10.359846008222638
 20
1.853015267539494
  0
LWPOLYLINE
  5
153
330
17
100
AcDbEntity
  8
WALLS
100
AcDbPolyline
 90
5
 70
0
 10
10.356526279898167
 20
1.7147229140940028
 10
10.340881811516498
 20
1.554501177622475
 10
10.39064515045955
 20
1.549642155371151
 10
10.40628961884122
 20
1.7098638918426787
 10
10.356526279898167
 20
1.7147229140940028
  0
LWPOLYLINE
  5
154
330
17
100
AcDbEntity
  8
WALLS
100
AcDbPolyline
 90
5
 70
0
 10
10.344055114325215
 20
1.5773067853848868
 10
10.31536526372404
 20
1.4189103544538557
 10
10.364564734308289
 20
1.4099990080780425
 10
10.393254584909464
 20
1.5683954390090735
 10
10.344055114325215
 20
1.5773067853848868
  0
LWPOLYLINE
  5
155
330
17
100
AcDbEntity
  8
WALLS
100
AcDbPolyline
 90
5
 70
0
 10
10.320646700310437
 20
1.441702193053968
 10
10.27674948559713
 20
1.2868514345068045
 10
10.324853961093083
 20
1.2732147399931397
 10
10.368751175806391
 20
1.4280654985403032
 10
10.320646700310437
 20
1.441702193053968
  0
LWPOLYLINE
  5
156
330
17
100
AcDbEntity
  8
WALLS
100
AcDbPolyline
 90
5
 70
0
 10
10.284569701356055
 20
1.3093805182399285
 10
10.223100061526765
 20
1.1606812293997508
 10
10.26930760827129
 20
1.1415798518616647
 10
10.330777248100581
 20
1.2902791407018424
 10
10.284569701356055
 20
1.3093805182399285
  0
LWPOLYLINE
  5
157
330
17
100
AcDbEntity
  8
WALLS
100
AcDbPolyline
 90
5
 70
0
 10
10.233873710061868
 20
1.1824638793378004
 10
10.15301690439939
 20
1.0434002427545714
 10
10.196241473050897
 20
1.0182678599608306
 10
10.277098278713375
 20
1.1573314965440595
 10
10.233873710061868
 20
1.1824638793378004
  0
LWPOLYLINE
  5
158
330
17
100
AcDbEntity
  8
WALLS
100
AcDbPolyline
 90
5
 70
0
 10
10.167101773131217
 20
1.0638019988249712
 10
10.065751942504027
 20
0.9389406503087069
 10
10.104572856686188
 20
0.907429753430622
 10
10.205922687313377
 20
1.0322911019468866
 10
10.167101773131217
 20
1.0638019988249712
  0
LWPOLYLINE
  5
159
330
17
100
AcDbEntity
  8
WALLS
100
AcDbPolyline
 90
5
 70
0
 10
10.083107918580291
 20
0.9570171553317356
 10
9.962477669250502
 20
0.8506827614378144
 10
9.995540554752784
 20
0.8131748209150004
 10
10.116170804082573
 20
0.9195092148089216
 10
10.083107918580291
 20
0.9570171553317356
  0
LWPOLYLINE
  5
15A
330
17
100
AcDbEntity
  8
WALLS
100
AcDbPolyline
 90
5
 70
0
 10
9.982972220279006
 20
0.8656912382331875
 10
9.84520012937464
 20
0.7827932643034142
 10
9.870978565893932
 20
0.7399508529494664
 10
10.008750656798298
 20
0.8228488268792397
 10
9.982972220279006
 20
0.8656912382331875
  0
LWPOLYLINE
  5
15B
330
17
100
AcDbEntity
  8
WALLS
100
AcDbPolyline
 90
5
 70
0
 10
9.86812197841336
 20
0.7938672020039279
 10
9.717593454068744
 20
0.7374813595316934
 10
9.735132620586551
 20
0.6906585270900236
 10
9.885661144931166
 20
0.7470443695622582
 10
9.86812197841336
 20
0.7938672020039279
  0
LWPOLYLINE
  5
15C
330
17
100
AcDbEntity
  8
WALLS
100
AcDbPolyline
 90
5
 70
0
 10
9.741854629920505
 20
0.744256736794499
 10
9.583854054280776
 20
0.7144807792617212
 10
9.593113795179976
 20
0.6653456879472677
 10
9.751114370819705
 20
0.6951216454800455
 10
9.741854629920505
 20
0.744256736794499
  0
LWPOLYLINE
  5
15D
330
17
100
AcDbEntity
  8
WALLS
100
AcDbPolyline
 90
5
 70
0
 10
9.608117169432772
 20
0.7173141973387439
 10
9.447332729110576
 20
0.7098645799780857
 10
9.449646893961686
 20
0.6599181622782958
 10
9.610431334283883
 20
0.667367779638954
 10
9.608117169432772
 20
0.7173141973387439
  0
LWPOLYLINE
  5
15E
330
17
100
AcDbEntity
  8
WALLS
100
AcDbPolyline
 90
5
 70
0
 10
9.47037285711199
 20
0.7099790435466385
 10
9.309556772554199
 20
0.7158308190021679
 10
9.307738575952047
 20
0.665863888326811
 10
9.468554660509838
 20
0.6600121128712816
 10
9.47037285711199
 20
0.7099790435466385
  0
LWPOLYLINE
  5
15F
330
17
100
AcDbEntity
  8
WALLS
100
AcDbPolyline
 90
5
 70
0
 10
9.332321271771796
 20
0.7141584228878765
 10
9.172332640858116
 20
0.7318747285925135
 10
9.166829539143137
 20
0.6821784926031088
 10
9.326818170056818
 20
0.6644621868984718
 10
9.332321271771796
 20
0.7141584228878765
  0
LWPOLYLINE
  5
160
330
17
100
AcDbEntity
  8
WALLS
100
AcDbPolyline
 90
5
 70
0
 10
9.194781304249418
 20
0.7286138342036023
 10
9.036318629013056
 20
0.7571559054952962
 10
9.02745532740461
 20
0.7079477569363665
 10
9.185918002640971
 20
0.6794056856446725
 10
9.194781304249418
 20
0.7286138342036023
  0
LWPOLYLINE
  5
161
330
17
100
AcDbEntity
  8
WALLS
100
AcDbPolyline
 90
5
 70
0
 10
9.058259258167935
 20
0.752554542472955
 10
8.9016929131205
 20
0.7900799655747239
 10
8.890039094978443
 20
0.7414570437917645
 10
9.046605440025877
 20
0.7039316206899955
 10
9.058259258167935
 20
0.752554542472955
  0
LWPOLYLINE
  5
162
330
17
100
AcDbEntity
  8
WALLS
100
AcDbPolyline
 90
5
 70
0
 10
8.923008030181709
 20
0.7845005483419512
 10
8.76815032121344
 20
0.8284930638253336
 10
8.754486797733623
 20
0.7803962019098565
 10
8.909344506701892
 20
0.736403686426474
 10
8.923008030181709
 20
0.7845005483419512
  0
LWPOLYLINE
  5
163
330
17
100
AcDbEntity
  8
WALLS
100
AcDbPolyline
 90
5
 70
0
 10
8.789043952795856
 20
0.8221807629136313
 10
8.635718555072488
 20
0.8712953120107148
 10
8.620465564952836
 20
0.8236786521907553
 10
8.773790962676204
 20
0.7745641030936719
 10
8.789043952795856
 20
0.8221807629136313
  0
LWPOLYLINE
  5
164
330
17
100
AcDbEntity
  8
WALLS
100
AcDbPolyline
 90
5
 70
0
 10
8.656326863158116
 20
0.8643523009264543
 10
8.504525696265356
 20
0.918035966593585
 10
8.48785520709829
 20
0.8708968661468143
 10
8.63965637399105
 20
0.8172132004796836
 10
8.656326863158116
 20
0.8643523009264543
  0
LWPOLYLINE
  5
165
330
17
100
AcDbEntity
  8
WALLS
100
AcDbPolyline
 90
5
 70
0
 10
8.524873743848973
 20
0.9105218159885823
 10
8.37461737227544
 20
0.9683823073127763
 10
8.356649597306307
 20
0.9217222702075775
 10
8.50690596887984
 20
0.8638617788833834
 10
8.524873743848973
 20
0.9105218159885823
  0
LWPOLYLINE
  5
166
330
17
100
AcDbEntity
  8
WALLS
100
AcDbPolyline
 90
5
 70
0
 10
8.394609058203573
 20
0.9604499979259814
 10
8.245559700831494
 20
1.021348156747714
 10
8.226648431694654
 20
0.9750624797014188
 10
8.375697789066733
 20
0.9141643208796862
 10
8.394609058203573
 20
0.9604499979259814
  0
LWPOLYLINE
  5
167
330
17
100
AcDbEntity
  8
WALLS
100
AcDbPolyline
 90
5
 70
0
 10
8.265269084488075
 20
1.0131329869228796
 10
8.11708907409098
 20
1.0761245337883212
 10
8.097528085610868
 20
1.030109669562933
 10
8.245708096007963
 20
0.9671181226974913
 10
8.265269084488075
 20
1.0131329869228796
  0
LWPOLYLINE
  5
168
330
17
100
AcDbEntity
  8
WALLS
100
AcDbPolyline
 90
5
 70
0
 10
8.136706798474597
 20
1.0676054308528733
 10
7.989515576467125
 20
1.1328804398597723
 10
7.96924582170733
 20
1.0871733611741052
 10
8.116437043714802
 20
1.0218983521672063
 10
8.136706798474597
 20
1.0676054308528733
  0
LWPOLYLINE
  5
169
330
17
100
AcDbEntity
  8
WALLS
100
AcDbPolyline
 90
5
 70
0
 10
8.00894559159224
 20
1.124117898414889
 10
7.862583022566802
 20
1.1912296756824994
 10
7.841742862474114
 20
1.1457798381986193
 10
7.9881054314995525
 20
1.0786680609310089
 10
8.00894559159224
 20
1.124117898414889
  0
LWPOLYLINE
  5
16A
330
17
100
AcDbEntity
  8
WALLS
100
AcDbPolyline
 90
5
 70
0
 10
7.8817991167510915
 20
1.1823386215986746
 10
7.735901014278138
 20
1.250452317909154
 10
7.714749622968833
 20
1.2051464833436072
 10
7.860647725441787
 20
1.1370327870331278
 10
7.8817991167510915
 20
1.1823386215986746
  0
LWPOLYLINE
  5
16B
330
17
100
AcDbEntity
  8
WALLS
100
AcDbPolyline
 90
5
 70
0
 10
7.755037026357625
 20
1.2414505339415274
 10
7.609537082751382
 20
1.3104135832470893
 10
7.588122108076041
 20
1.26523174110166
 10
7.733622051682284
 20
1.196268691796098
 10
7.755037026357625
 20
1.2414505339415274
  0
LWPOLYLINE
  5
16C
330
17
100
AcDbEntity
  8
WALLS
100
AcDbPolyline
 90
5
 70
0
 10
7.628591813085985
 20
1.3013326795128732
 10
7.483385112134479
 20
1.3709115569529737
 10
7.461778934775725
 20
1.3258208361787165
 10
7.606985635727232
 20
1.256241958738616
 10
7.628591813085985
 20
1.3013326795128732
  0
LWPOLYLINE
  5
16D
330
17
100
AcDbEntity
  8
WALLS
100
AcDbPolyline
 90
5
 70
0
 10
7.502346579984981
 20
1.3618118561344963
 10
7.357223040723237
 20
1.4315638757180869
 10
7.335563089430425
 20
1.3864989613168246
 10
7.48068662869217
 20
1.316746941733234
 10
7.502346579984981
 20
1.3618118561344963
  0
LWPOLYLINE
  5
16E
330
17
100
AcDbEntity
  8
WALLS
100
AcDbPolyline
 90
5
 70
0
 10
7.376104331436164
 20
1.4225196506778617
 10
7.230796199595941
 20
1.4918857365336766
 10
7.20925605876014
 20
1.4467634323729426
 10
7.354564190600362
 20
1.3773973465171276
 10
7.376104331436164
 20
1.4225196506778617
  0
LWPOLYLINE
  5
16F
330
17
100
AcDbEntity
  8
WALLS
100
AcDbPolyline
 90
5
 70
0
 10
7.249669851580519
 20
1.482926881632979
 10
7.104059040042456
 20
1.55165280910138
 10
7.082717544373796
 20
1.5064362130041
 10
7.228328355911859
 20
1.4377102855356991
 10
7.249669851580519
 20
1.482926881632979
  0
LWPOLYLINE
  5
170
330
17
100
AcDbEntity
  8
WALLS
100
AcDbPolyline
 90
5
 70
0
 10
7.122895816331191
 20
1.54286056852208
 10
6.976701856304079
 20
1.610337232967406
 10
6.955748300001233
 20
1.5649395625617182
 10
7.101942260028345
 20
1.4974628981163922
 10
7.122895816331191
 20
1.54286056852208
  0
LWPOLYLINE
  5
171
330
17
100
AcDbEntity
  8
WALLS
100
AcDbPolyline
 90
5
 70
0
 10
6.995487539780041
 20
1.6018407750454424
 10
6.848276142249165
 20
1.6670665633035118
 10
6.828021483023696
 20
1.621352793171743
 10
6.9752328805545725
 20
1.5561270049136737
 10
6.995487539780041
 20
1.6018407750454424
  0
LWPOLYLINE
  5
172
330
17
100
AcDbEntity
  8
WALLS
100
AcDbPolyline
 90
5
 70
0
 10
6.8670330922117975
 20
1.6590190970042182
 10
6.718328523251031
 20
1.720752848556225
 10
6.699157698860076
 20
1.6745740710478159
 10
6.847862267820843
 20
1.6128403194958092
 10
6.8670330922117975
 20
1.6590190970042182
  0
LWPOLYLINE
  5
173
330
17
100
AcDbEntity
  8
WALLS
100
AcDbPolyline
 90
5
 70
0
 10
6.73698817288178
 20
1.7134174904438328
 10
6.586066397584149
 20
1.7694708524987757
 10
6.568657971008879
 20
1.7225992546577222
 10
6.7195797463065094
 20
1.6665458926027794
 10
6.73698817288178
 20
1.7134174904438328
  0
LWPOLYLINE
  5
174
330
17
100
AcDbEntity
  8
WALLS
100
AcDbPolyline
 90
5
 70
0
 10
6.604301195262605
 20
1.76342426557247
 10
6.44984052225792
 20
1.8086343327561454
 10
6.435794993582561
 20
1.7606476353887532
 10
6.590255666587246
 20
1.7154375682050778
 10
6.604301195262605
 20
1.76342426557247
  0
LWPOLYLINE
  5
175
330
17
100
AcDbEntity
  8
WALLS
100
AcDbPolyline
 90
5
 70
0
 10
6.46845734901371
 20
1.8038949878737989
 10
6.311121936723228
 20
1.8380600490358874
 10
6.300511809140006
 20
1.789198763822871
 10
6.457847221430488
 20
1.7550337026607825
 10
6.46845734901371
 20
1.8038949878737989
  0
LWPOLYLINE
  5
176
330
17
100
AcDbEntity
  8
WALLS
100
AcDbPolyline
 90
5
 70
0
 10
6.331480611843956
 20
1.8337177883880746
 10
6.173883716793137
 20
1.8667240026802572
 10
6.163634366012976
 20
1.8177857680514393
 10
6.3212312610637955
 20
1.7847795537592568
 10
6.331480611843956
 20
1.8337177883880746
  0
LWPOLYLINE
  5
177
330
17
100
AcDbEntity
  8
WALLS
100
AcDbPolyline
 90
5
 70
0
 10
6.194391122422575
 20
1.862452381357358
 10
6.036722776144236
 20
1.895114821187295
 10
6.026580167322047
 20
1.8461543525796515
 10
6.1842485136003855
 20
1.8134919127497144
 10
6.194391122422575
 20
1.862452381357358
  0
LWPOLYLINE
  5
178
330
17
100
AcDbEntity
  8
WALLS
100
AcDbPolyline
 90
5
 70
0
 10
6.057122193911548
 20
1.8909676480700235
 10
5.899216282219152
 20
1.9224610137643625
 10
5.889436697597652
 20
1.8734267428446179
 10
6.047342609290048
 20
1.8419333771502788
 10
6.057122193911548
 20
1.8909676480700235
  0
LWPOLYLINE
  5
179
330
17
100
AcDbEntity
  8
WALLS
100
AcDbPolyline
 90
5
 70
0
 10
5.919558757948198
 20
1.9185227556033495
 10
5.761310043334727
 20
1.9482362238757842
 10
5.752083067208074
 20
1.8990949691954429
 10
5.910331781821545
 20
1.8693815009230081
 10
5.919558757948198
 20
1.9185227556033495
  0
LWPOLYLINE
  5
17A
330
17
100
AcDbEntity
  8
WALLS
100
AcDbPolyline
 90
5
 70
0
 10
5.781458551192308
 20
1.944677952865512
 10
5.622607128317658
 20
1.9709650688944638
 10
5.614444023974294
 20
1.9216359321953551
 10
5.773295446848944
 20
1.8953488161664034
 10
5.781458551192308
 20
1.944677952865512
  0
LWPOLYLINE
  5
17B
330
17
100
AcDbEntity
  8
WALLS
100
AcDbPolyline
 90
5
 70
0
 10
5.642486739434685
 20
1.9680436950473923
 10
5.482798210880689
 20
1.9885670582448656
 10
5.47642457362005
 20
1.938974954558192
 10
5.636113102174046
 20
1.9184515913607187
 10
5.642486739434685
 20
1.9680436950473923
  0
LWPOLYLINE
  5
17C
330
17
100
AcDbEntity
  8
WALLS
100
AcDbPolyline
 90
5
 70
0
 10
5.5022494942645315
 20
1.9866358611533161
 10
5.34166769549651
 20
1.9979100958920102
 10
5.338165881988449
 20
1.9480328736141532
 10
5.498747680756471
 20
1.9367586388754592
 10
5.5022494942645315
 20
1.9866358611533161
  0
LWPOLYLINE
  5
17D
330
17
100
AcDbEntity
  8
WALLS
100
AcDbPolyline
 90
5
 70
0
 10
5.360411063294409
 20
1.9974303464016958
 10
5.199493907469229
 20
1.994384935921643
 10
5.2004400046166595
 20
1.9443938877211138
 10
5.361357160441839
 20
1.9474392982011666
 10
5.360411063294409
 20
1.9974303464016958
  0
LWPOLYLINE
  5
17E
330
17
100
AcDbEntity
  8
WALLS
100
AcDbPolyline
 90
5
 70
0
 10
5.2178289695613165
 20
1.9956819338499163
 10
5.05808928403749
 20
1.9760444781241904
 10
5.064190062394094
 20
1.9264180687896073
 10
5.2239297479179205
 20
1.9460555245153333
 10
5.2178289695613165
 20
1.9956819338499163
  0
LWPOLYLINE
  5
17F
330
17
100
AcDbEntity
  8
WALLS
100
AcDbPolyline
 90
5
 70
0
 10
5.074865766093903
 20
1.9794100776816614
 10
4.920431258640067
 20
1.936010761313976
 10
4.933958315446149
 20
1.8878753405288091
 10
5.088392822899984
 20
1.9312746568964945
 10
5.074865766093903
 20
1.9794100776816614
  0
LWPOLYLINE
  5
180
330
17
100
AcDbEntity
  8
WALLS
100
AcDbPolyline
 90
5
 70
0
 10
4.933286208078529
 20
1.941589072348592
 10
4.795770534950574
 20
1.8583230297899456
 10
4.821668151216487
 20
1.8155525554911551
 10
4.959183824344443
 20
1.8988185980498016
 10
4.933286208078529
 20
1.941589072348592
  0
LWPOLYLINE
  5
181
330
17
100
AcDbEntity
  8
WALLS
100
AcDbPolyline
 90
5
 70
0
 10
4.810209658932204
 20
1.8684314123745298
 10
4.684736419860134
 20
1.7675903196991607
 10
4.716058689754095
 20
1.7286170543921604
 10
4.841531928826165
 20
1.8294581470675295
 10
4.810209658932204
 20
1.8684314123745298
  0
LWPOLYLINE
  5
182
330
17
100
AcDbEntity
  8
WALLS
100
AcDbPolyline
 90
5
 70
0
 10
4.699784100244112
 20
1.7803295212652717
 10
4.579593347868021
 20
1.6731942428755444
 10
4.612863386313351
 20
1.6358699271839436
 10
4.733054138689442
 20
1.743005205573671
 10
4.699784100244112
 20
1.7803295212652717
  0
LWPOLYLINE
  5
183
330
17
100
AcDbEntity
  8
WALLS
100
AcDbPolyline
 90
5
 70
0
 10
4.595004409073226
 20
1.6870758255713147
 10
4.4759294447412135
 20
1.5786914340877034
 10
4.509585932520668
 20
1.541715214292389
 10
4.628660896852681
 20
1.6500996057760002
 10
4.595004409073226
 20
1.6870758255713147
  0
LWPOLYLINE
  5
184
330
17
100
AcDbEntity
  8
WALLS
100
AcDbPolyline
 90
5
 70
0
 10
4.492055850759273
 20
1.5930315068296648
 10
4.370505315930803
 20
1.4874446502620713
 10
4.403294926347245
 20
1.4496975782069037
 10
4.524845461175715
 20
1.5552844347744972
 10
4.492055850759273
 20
1.5930315068296648
  0
LWPOLYLINE
  5
185
330
17
100
AcDbEntity
  8
WALLS
100
AcDbPolyline
 90
5
 70
0
 10
4.3877005571761325
 20
1.5016189954014985
 10
4.260875035317471
 20
1.402464981206977
 10
4.291671040202444
 20
1.3630745498419266
 10
4.418496562061105
 20
1.462228564036448
 10
4.3877005571761325
 20
1.5016189954014985
  0
LWPOLYLINE
  5
186
330
17
100
AcDbEntity
  8
WALLS
100
AcDbPolyline
 90
5
 70
0
 10
4.279538673056113
 20
1.4158845721502245
 10
4.145190865654561
 20
1.327248727508288
 10
4.172725681487497
 20
1.2855134436701936
 10
4.307073488889049
 20
1.37414928831213
 10
4.279538673056113
 20
1.4158845721502245
  0
LWPOLYLINE
  5
187
330
17
100
AcDbEntity
  8
WALLS
100
AcDbPolyline
 90
5
 70
0
 10
4.165660295906173
 20
1.3391964324268468
 10
4.02245533514367
 20
1.2658284694226218
 10
4.045253825451303
 20
1.221328707179518
 10
4.188458786213806
 20
1.294696670183743
 10
4.165660295906173
 20
1.3391964324268468
  0
LWPOLYLINE
  5
188
330
17
100
AcDbEntity
  8
WALLS
100
AcDbPolyline
 90
5
 70
0
 10
4.044478206674069
 20
1.275446187535996
 10
3.893328318199923
 20
1.2202649952842843
 10
3.9104751762167536
 20
1.1732970779347716
 10
4.0616250646909
 20
1.2284782701864831
 10
4.044478206674069
 20
1.275446187535996
  0
LWPOLYLINE
  5
189
330
17
100
AcDbEntity
  8
WALLS
100
AcDbPolyline
 90
5
 70
0
 10
3.9156469706708203
 20
1.2272144832888117
 10
3.7598263175271547
 20
1.1868128220038758
 10
3.772375506465383
 20
1.1384132573674801
 10
3.928196159609049
 20
1.178814918652416
 10
3.9156469706708203
 20
1.2272144832888117
  0
LWPOLYLINE
  5
18A
330
17
100
AcDbEntity
  8
WALLS
100
AcDbPolyline
 90
5
 70
0
 10
3.782105943920972
 20
1.1917258635558177
 10
3.6237403772472963
 20
1.162844062666425
 10
3.632711124678412
 20
1.1136553882532316
 10
3.791076691352088
 20
1.1425371891426244
 10
3.782105943920972
 20
1.1917258635558177
  0
LWPOLYLINE
  5
18B
330
17
100
AcDbEntity
  8
WALLS
100
AcDbPolyline
 90
5
 70
0
 10
3.6462129922315882
 20
1.1661441619171415
 10
3.4862260240614007
 20
1.148275964078124
 10
3.4917757851992195
 20
1.0985849170845943
 10
3.651762753369407
 20
1.1164531149236119
 10
3.6462129922315882
 20
1.1661441619171415
  0
LWPOLYLINE
  5
18C
330
17
100
AcDbEntity
  8
WALLS
100
AcDbPolyline
 90
5
 70
0
 10
3.508868289123713
 20
1.1500169107045823
 10
3.3480301994709594
 20
1.1432171128378008
 10
3.3501421771567106
 20
1.0932617372486324
 10
3.5109802668094643
 20
1.100061535115414
 10
3.508868289123713
 20
1.1500169107045823
  0
LWPOLYLINE
  5
18D
330
17
100
AcDbEntity
  8
WALLS
100
AcDbPolyline
 90
5
 70
0
 10
3.370762119196775
 20
1.1433828192454156
 10
3.209842695322428
 20
1.147837134403318
 10
3.208459204886169
 20
1.0978562785261647
 10
3.369378628760516
 20
1.0934019633682623
 10
3.370762119196775
 20
1.1433828192454156
  0
LWPOLYLINE
  5
18E
330
17
100
AcDbEntity
  8
WALLS
100
AcDbPolyline
 90
5
 70
0
 10
3.232576799035892
 20
1.1463890830054597
 10
3.072396080412997
 20
1.1623872693438881
 10
3.0674270098320595
 20
1.112634798675974
 10
3.2276077284549545
 20
1.0966366123375455
 10
3.232576799035892
 20
1.1463890830054597
  0
LWPOLYLINE
  5
18F
330
17
100
AcDbEntity
  8
WALLS
100
AcDbPolyline
 90
5
 70
0
 10
3.0950331073938817
 20
1.1592681073051174
 10
2.936497887186414
 20
1.1871858664760302
 10
2.9278264068389714
 20
1.1379435530800908
 10
3.0863616270464393
 20
1.110025793909178
 10
3.0950331073938817
 20
1.1592681073051174
  0
LWPOLYLINE
  5
190
330
17
100
AcDbEntity
  8
WALLS
100
AcDbPolyline
 90
5
 70
0
 10
2.9589503662783594
 20
1.1822991485136531
 10
2.803168227599409
 20
1.2227916085463486
 10
2.7905897054445647
 20
1.1743996590051273
 10
2.946371844123515
 20
1.1339071989724319
 10
2.9589503662783594
 20
1.1822991485136531
  0
LWPOLYLINE
  5
191
330
17
100
AcDbEntity
  8
WALLS
100
AcDbPolyline
 90
5
 70
0
 10
2.8253641902977455
 20
1.2159387418692384
 10
2.6738771792390366
 20
1.2703136985378132
 10
2.6569853164359096
 20
1.2232534714767338
 10
2.8084723274946186
 20
1.168878514808159
 10
2.8253641902977455
 20
1.2159387418692384
  0
LWPOLYLINE
  5
192
330
17
100
AcDbEntity
  8
WALLS
100
AcDbPolyline
 90
5
 70
0
 10
2.695427991839795
 20
1.2614167740349402
 10
2.5496947860177666
 20
1.329744684071271
 10
2.528469152388872
 20
1.2844735842718191
 10
2.6742023582109007
 20
1.2161456742354884
 10
2.695427991839795
 20
1.2614167740349402
  0
LWPOLYLINE
  5
193
330
17
100
AcDbEntity
  8
WALLS
100
AcDbPolyline
 90
5
 70
0
 10
2.5697964082587434
 20
1.319546400155396
 10
2.428545250207854
 20
1.3968162101272503
 10
2.4045491152108642
 20
1.352950671201959
 10
2.5458002732617535
 20
1.2756808612301047
 10
2.5697964082587434
 20
1.319546400155396
  0
LWPOLYLINE
  5
194
330
17
100
AcDbEntity
  8
WALLS
100
AcDbPolyline
 90
5
 70
0
 10
2.4480136906873025
 20
1.385334267880699
 10
2.312076214259866
 20
1.4715424728539952
 10
2.2852982375837616
 20
1.4293175990811344
 10
2.421235714011198
 20
1.3431093941078383
 10
2.4480136906873025
 20
1.385334267880699
  0
LWPOLYLINE
  5
195
330
17
100
AcDbEntity
  8
WALLS
100
AcDbPolyline
 90
5
 70
0
 10
2.331220133186069
 20
1.4580367549080842
 10
2.204446730701744
 20
1.5571664781422998
 10
2.1736475525530286
 20
1.5177785278863685
 10
2.3004209550373536
 20
1.4186488046521528
 10
2.331220133186069
 20
1.4580367549080842
  0
LWPOLYLINE
  5
196
330
17
100
AcDbEntity
  8
WALLS
100
AcDbPolyline
 90
5
 70
0
 10
2.2223448725088044
 20
1.5414293361081541
 10
2.107830660835271
 20
1.6544541652170928
 10
2.072707496571285
 20
1.6188681661151278
 10
2.1872217082448184
 20
1.5058433370061892
 10
2.2223448725088044
 20
1.5414293361081541
  0
LWPOLYLINE
  5
197
330
17
100
AcDbEntity
  8
WALLS
100
AcDbPolyline
 90
5
 70
0
 10
2.123867698084446
 20
1.6365241034938638
 10
2.02426001868404
 20
1.7628964140412404
 10
1.984991722235696
 20
1.7319448245175182
 10
2.084599401636102
 20
1.6055725139701416
 10
2.123867698084446
 20
1.6365241034938638
  0
LWPOLYLINE
  5
198
330
17
100
AcDbEntity
  8
WALLS
100
AcDbPolyline
 90
5
 70
0
 10
2.037941198918089
 20
1.7431599218740816
 10
1.954557720127786
 20
1.8807708558065375
 10
1.911795475149263
 20
1.8548596535110675
 10
1.995178953939566
 20
1.7172487195786117
 10
2.037941198918089
 20
1.7431599218740816
  0
LWPOLYLINE
  5
199
330
17
100
AcDbEntity
  8
WALLS
100
AcDbPolyline
 90
5
 70
0
 10
1.965715958164731
 20
1.8596551788177855
 10
1.8989972846940981
 20
2.0060955501172058
 10
1.8534971052409377
 20
1.985365531551604
 10
1.9202157787115706
 20
1.8389251602521837
 10
1.965715958164731
 20
1.8596551788177855
  0
LWPOLYLINE
  5
19A
330
17
100
AcDbEntity
  8
WALLS
100
AcDbPolyline
 90
5
 70
0
 10
1.9076427318244817
 20
1.98423666296858
 10
1.8561355943497848
 20
2.136715160371591
 10
1.8087652785852477
 20
2.1207134984464013
 10
1.8602724160599446
 20
1.9682350010433909
 10
1.9076427318244817
 20
1.98423666296858
  0
LWPOLYLINE
  5
19B
330
17
100
AcDbEntity
  8
WALLS
100
AcDbPolyline
 90
5
 70
0
 10
1.8625756311617196
 20
2.1144360756505414
 10
1.8247787526545538
 20
2.2709020921457546
 10
1.776176713176825
 20
2.2591614891542005
 10
1.8139735916839907
 20
2.1026954726589873
 10
1.8625756311617196
 20
2.1144360756505414
  0
LWPOLYLINE
  5
19C
330
17
100
AcDbEntity
  8
WALLS
100
AcDbPolyline
 90
5
 70
0
 10
1.8293152681838845
 20
2.2485262233566723
 10
1.8031865180746884
 20
2.4073665362851737
 10
1.7538495730099972
 20
2.399250758338257
 10
1.7799783231191932
 20
2.2404104454097555
 10
1.8293152681838845
 20
2.2485262233566723
  0
LWPOLYLINE
  5
19D
330
17
100
AcDbEntity
  8
WALLS
100
AcDbPolyline
 90
5
 70
0
 10
1.8059836085657115
 20
2.3844914236458727
 10
1.7930716958750432
 20
2.5449322491081654
 10
1.7432328301935054
 20
2.5409213305627905
 10
1.7561447428841737
 20
2.380480505100498
 10
1.8059836085657115
 20
2.3844914236458727
  0
LWPOLYLINE
  5
19E
330
17
100
AcDbEntity
  8
WALLS
100
AcDbPolyline
 90
5
 70
0
 10
1.7939733264702649
 20
2.5219158955300918
 10
1.7942948351079133
 20
2.682876433179662
 10
1.7442949348515437
 20
2.682976304862801
 10
1.7439734262138953
 20
2.5220157672132304
 10
1.7939733264702649
 20
2.5219158955300918
  0
LWPOLYLINE
  5
19F
330
17
100
AcDbEntity
  8
WALLS
100
AcDbPolyline
 90
5
 70
0
 10
1.793538421249688
 20
2.660325931706433
 10
1.8040051059441515
 20
2.8209846464541757
 10
1.7541108777522176
 20
2.824235183814558
 10
1.7436441930577542
 20
2.6635764690668156
 10
1.793538421249688
 20
2.660325931706433
  0
LWPOLYLINE
  5
1A0
330
17
100
AcDbEntity
  8
WALLS
100
AcDbPolyline
 90
5
 70
0
 10
1.8020591953187608
 20
2.7989285112512405
 10
1.819884281590167
 20
2.9589458402718813
 10
1.7701916436534664
 20
2.9644813379813897
 10
1.7523665573820602
 20
2.804464008960749
 10
1.8020591953187608
 20
2.7989285112512405
  0
LWPOLYLINE
  5
1A1
330
17
100
AcDbEntity
  8
WALLS
100
AcDbPolyline
 90
5
 70
0
 10
1.8171748881391132
 20
2.9374067043501357
 10
1.8395356901613578
 20
3.0968591272792425
 10
1.7900202015232451
 20
3.1038029291866227
 10
1.7676593995010006
 20
2.944350506257516
 10
1.8171748881391132
 20
2.9374067043501357
  0
LWPOLYLINE
  5
1A2
330
17
100
AcDbEntity
  8
WALLS
100
AcDbPolyline
 90
5
 70
0
 10
1.8363646187408869
 20
3.0756421555962166
 10
1.861603067264198
 20
3.2346663009086707
 10
1.812221123569781
 20
3.242503624237551
 10
1.7869826750464697
 20
3.083479478925097
 10
1.8363646187408869
 20
3.0756421555962166
  0
LWPOLYLINE
  5
1A3
330
17
100
AcDbEntity
  8
WALLS
100
AcDbPolyline
 90
5
 70
0
 10
1.8581675015776769
 20
3.2136949480586927
 10
1.8849899995617034
 20
3.372460819594807
 10
1.8356886290002417
 20
3.3807899768607865
 10
1.808866131016215
 20
3.2220241053246723
 10
1.8581675015776769
 20
3.2136949480586927
  0
LWPOLYLINE
  5
1A4
330
17
100
AcDbEntity
  8
WALLS
100
AcDbPolyline
 90
5
 70
0
 10
1.881445529160978
 20
3.3516800817080297
 10
1.9087684180223006
 20
3.5103610963190715
 10
1.8594935464998525
 20
3.518845613774193
 10
1.83217065763853
 20
3.3601645991631512
 10
1.881445529160978
 20
3.3516800817080297
  0
LWPOLYLINE
  5
1A5
330
17
100
AcDbEntity
  8
WALLS
100
AcDbPolyline
 90
5
 70
0
 10
1.905238626970081
 20
3.4897170786741545
 10
1.9321902962989905
 20
3.6484613508259636
 10
1.8828957166822557
 20
3.6568306052975035
 10
1.8559440473533462
 20
3.4980863331456944
 10
1.905238626970081
 20
3.4897170786741545
  0
LWPOLYLINE
  5
1A6
330
17
100
AcDbEntity
  8
WALLS
100
AcDbPolyline
 90
5
 70
0
 10
1.9288294075146284
 20
3.6280018629392092
 10
1.9540775338753182
 20
3.7870250497660596
 10
1.904696062824317
 20
3.7948653505791103
 10
1.8794479364636272
 20
3.63584216375226
 10
1.9288294075146284
 20
3.6280018629392092
  0
LWPOLYLINE
  5
1A7
330
17
100
AcDbEntity
  8
WALLS
100
AcDbPolyline
 90
5
 70
0
 10
1.950982211840365
 20
3.766607165494436
 10
1.9740004044536628
 20
3.9259663985802047
 10
1.924513970649874
 20
3.9331143262087704
 10
1.9014957780365762
 20
3.7737550931230017
 10
1.950982211840365
 20
3.766607165494436
  0
LWPOLYLINE
  5
1A8
330
17
100
AcDbEntity
  8
WALLS
100
AcDbPolyline
 90
5
 70
0
 10
1.971310593589753
 20
3.9057142734912276
 10
1.9906875206164691
 20
4.06555639479989
 10
1.9410509103265852
 20
4.07157361333757
 10
1.921673983299869
 20
3.911731492028908
 10
1.971310593589753
 20
3.9057142734912276
  0
LWPOLYLINE
  5
1A9
330
17
100
AcDbEntity
  8
WALLS
100
AcDbPolyline
 90
5
 70
0
 10
1.988577260574216
 20
4.045467216979425
 10
2.0028371955318827
 20
4.205840127708926
 10
1.9530336885459334
 20
4.210268523795602
 10
1.9387737535882665
 20
4.0498956130661
 10
1.988577260574216
 20
4.045467216979425
  0
LWPOLYLINE
  5
1AA
330
17
100
AcDbEntity
  8
WALLS
100
AcDbPolyline
 90
5
 70
0
 10
2.001477688290626
 20
4.185918292230637
 10
2.0091360235670397
 20
4.34672971424235
 10
1.959192626250464
 20
4.349108172667185
 10
1.95153429097405
 20
4.188296750655471
 10
2.001477688290626
 20
4.185918292230637
  0
LWPOLYLINE
  5
1AB
330
17
100
AcDbEntity
  8
WALLS
100
AcDbPolyline
 90
5
 70
0
 10
2.0087640747735294
 20
4.3271714602245765
 10
2.0072253990994016
 20
4.488151905578896
 10
1.9572276828999828
 20
4.48767401977414
 10
1.9587663585741106
 20
4.326693574419821
 10
2.0087640747735294
 20
4.3271714602245765
  0
LWPOLYLINE
  5
1AC
330
17
100
AcDbEntity
  8
WALLS
100
AcDbPolyline
 90
5
 70
0
 10
2.0082343280154076
 20
4.4694149818065565
 10
1.9924793396090852
 20
4.629593442894349
 10
1.942719460892496
 20
4.624699112489649
 10
1.9584744492988184
 20
4.464520651401857
 10
2.0082343280154076
 20
4.4694149818065565
  0
LWPOLYLINE
  5
1AD
330
17
100
AcDbEntity
  8
WALLS
100
AcDbPolyline
 90
5
 70
0
 10
1.995338339796194
 20
4.612057137182621
 10
1.9594149509354641
 20
4.768852772613078
 10
1.9106777297490558
 20
4.757686606259888
 10
1.9466011186097856
 20
4.600890970829431
 10
1.995338339796194
 20
4.612057137182621
  0
LWPOLYLINE
  5
1AE
330
17
100
AcDbEntity
  8
WALLS
100
AcDbPolyline
 90
5
 70
0
 10
1.9644798052406491
 20
4.7519233439935125
 10
1.9083690865741119
 20
4.902757650577934
 10
1.8615066055852374
 20
4.885324696853239
 10
1.9176173242517747
 20
4.734490390268817
 10
1.9644798052406491
 20
4.7519233439935125
  0
LWPOLYLINE
  5
1AF
330
17
100
AcDbEntity
  8
WALLS
100
AcDbPolyline
 90
5
 70
0
 10
1.9156845185815452
 20
4.885430687992521
 10
1.8467030471924806
 20
5.030884048443573
 10
1.8015260748046875
 20
5.009458802450293
 10
1.8705075461937521
 20
4.864005441999241
 10
1.9156845185815452
 20
4.885430687992521
  0
LWPOLYLINE
  5
1B0
330
17
100
AcDbEntity
  8
WALLS
100
AcDbPolyline
 90
5
 70
0
 10
1.8555774558378628
 20
5.013546329828168
 10
1.777920068895786
 20
5.154577865231754
 10
1.7341210868256383
 20
5.130460461357812
 10
1.8117784737677152
 20
4.9894289259542255
 10
1.8555774558378628
 20
5.013546329828168
  0
LWPOLYLINE
  5
1B1
330
17
100
AcDbEntity
  8
WALLS
100
AcDbPolyline
 90
5
 70
0
 10
1.7879039791441536
 20
5.13732295932995
 10
1.704331014294058
 20
5.274941238057503
 10
1.6615942576131102
 20
5.24898801805702
 10
1.7451672224632058
 20
5.111369739329467
 10
1.7879039791441536
 20
5.13732295932995
  0
LWPOLYLINE
  5
1B2
330
17
100
AcDbEntity
  8
WALLS
100
AcDbPolyline
 90
5
 70
0
 10
1.7150961154965754
 20
5.257814282414412
 10
1.6273255517681742
 20
5.392798462456037
 10
1.5854077485837341
 20
5.3655423112935825
 10
1.6731783123121353
 20
5.230558131251957
 10
1.7150961154965754
 20
5.257814282414412
  0
LWPOLYLINE
  5
1B3
330
17
100
AcDbEntity
  8
WALLS
100
AcDbPolyline
 90
5
 70
0
 10
1.6386641916377258
 20
5.375763659980716
 10
1.5480136851203838
 20
5.508833473749192
 10
1.506690915707155
 20
5.4806833631273655
 10
1.597341422224497
 20
5.34761354935889
 10
1.6386641916377258
 20
5.375763659980716
  0
LWPOLYLINE
  5
1B4
330
17
100
AcDbEntity
  8
WALLS
100
AcDbPolyline
 90
5
 70
0
 10
1.5597584392968595
 20
5.491853263801201
 10
1.4672256000144432
 20
5.623624385031531
 10
1.4263068021351881
 20
5.594890224523232
 10
1.5188396414176044
 20
5.463119103292903
 10
1.5597584392968595
 20
5.491853263801201
  0
LWPOLYLINE
  5
1B5
330
17
100
AcDbEntity
  8
WALLS
100
AcDbPolyline
 90
5
 70
0
 10
1.4792586514005526
 20
5.606601728308016
 10
1.3859064208521825
 20
5.737794474891103
 10
1.3451673988742894
 20
5.70880599289765
 10
1.4385196294226594
 20
5.577613246314563
 10
1.4792586514005526
 20
5.606601728308016
  0
LWPOLYLINE
  5
1B6
330
17
100
AcDbEntity
  8
WALLS
100
AcDbPolyline
 90
5
 70
0
 10
1.3980812338570066
 20
5.720689332869199
 10
1.3046946101232284
 20
5.851857463799227
 10
1.2639632039985762
 20
5.822858281826132
 10
1.3573498277323544
 20
5.691690150896104
 10
1.3980812338570066
 20
5.720689332869199
  0
LWPOLYLINE
  5
1B7
330
17
100
AcDbEntity
  8
WALLS
100
AcDbPolyline
 90
5
 70
0
 10
1.3169231659038823
 20
5.834532160717778
 10
1.224612063952315
 20
5.9664588249818085
 10
1.183644988747052
 20
5.937793536754995
 10
1.2759560906986191
 20
5.805866872490965
 10
1.3169231659038823
 20
5.834532160717778
  0
LWPOLYLINE
  5
1B8
330
17
100
AcDbEntity
  8
WALLS
100
AcDbPolyline
 90
5
 70
0
 10
1.236735440647764
 20
5.948853171561549
 10
1.1464141981555174
 20
6.082146489494079
 10
1.105021979704202
 20
6.054098597386496
 10
1.1953432221964486
 20
5.920805279453965
 10
1.236735440647764
 20
5.948853171561549
  0
LWPOLYLINE
  5
1B9
330
17
100
AcDbEntity
  8
WALLS
100
AcDbPolyline
 90
5
 70
0
 10
1.1583301177476717
 20
6.0640364800968145
 10
1.071663934816416
 20
6.199731542645531
 10
1.0295251935403795
 20
6.172818228400138
 10
1.1161913764716351
 20
6.037123165851422
 10
1.1583301177476717
 20
6.0640364800968145
  0
LWPOLYLINE
  5
1BA
330
17
100
AcDbEntity
  8
WALLS
100
AcDbPolyline
 90
5
 70
0
 10
1.0831330393666279
 20
6.180943343011398
 10
1.0020549041217586
 20
6.32003987841739
 10
0.958857647420445
 20
6.294860581098346
 10
1.0399357826653142
 20
6.155764045692354
 10
1.0831330393666279
 20
6.180943343011398
  0
LWPOLYLINE
  5
1BB
330
17
100
AcDbEntity
  8
WALLS
100
AcDbPolyline
 90
5
 70
0
 10
1.0127926594223002
 20
6.300275824255634
 10
0.9402266777882586
 20
6.443978610810586
 10
0.8955944474700672
 20
6.421440553733191
 10
0.9681604291041088
 20
6.277737767178239
 10
1.0127926594223002
 20
6.300275824255634
  0
LWPOLYLINE
  5
1BC
330
17
100
AcDbEntity
  8
WALLS
100
AcDbPolyline
 90
5
 70
0
 10
0.9497558425683732
 20
6.423055264924708
 10
0.8889974571382528
 20
6.572094696340459
 10
0.8426970320942881
 20
6.553219563473425
 10
0.9034554175244085
 20
6.4041801320576734
 10
0.9497558425683732
 20
6.423055264924708
  0
LWPOLYLINE
  5
1BD
330
17
100
AcDbEntity
  8
WALLS
100
AcDbPolyline
 90
5
 70
0
 10
0.8967338714849536
 20
6.549732055754217
 10
0.8524042978561602
 20
6.704456664301266
 10
0.8043381692134349
 20
6.69068541608983
 10
0.8486677428422283
 20
6.535960807542781
 10
0.8967338714849536
 20
6.549732055754217
  0
LWPOLYLINE
  5
1BE
330
17
100
AcDbEntity
  8
WALLS
100
AcDbPolyline
 90
5
 70
0
 10
0.8577088167946535
 20
6.681499353886859
 10
0.829665926468835
 20
6.839994106168791
 10
0.780430646551899
 20
6.831282779547606
 10
0.8084735368777175
 20
6.672788027265674
 10
0.8577088167946535
 20
6.681499353886859
  0
LWPOLYLINE
  5
1BF
330
17
100
AcDbEntity
  8
WALLS
100
AcDbPolyline
 90
5
 70
0
 10
0.8325490712281113
 20
6.816576803671337
 10
0.8213109335999841
 20
6.977127394324638
 10
0.7714329765063145
 20
6.973636062750288
 10
0.7826711141344417
 20
6.8130854720969865
 10
0.8325490712281113
 20
6.816576803671337
  0
LWPOLYLINE
  5
1C0
330
17
100
AcDbEntity
  8
WALLS
100
AcDbPolyline
 90
5
 70
0
 10
0.8217305108267835
 20
6.953564782393489
 10
0.8272456338773883
 20
7.11440405222166
 10
0.7772750024924054
 20
7.11611752792507
 10
0.7717598794418007
 20
6.955278258096898
 10
0.8217305108267835
 20
6.953564782393489
  0
LWPOLYLINE
  5
1C1
330
17
100
AcDbEntity
  8
WALLS
100
AcDbPolyline
 90
5
 70
0
 10
0.8251991704724294
 20
7.090903207481756
 10
0.8475671699528436
 20
7.250264331987638
 10
0.7980525363519934
 20
7.257214228344675
 10
0.7756845368715791
 20
7.097853103838793
 10
0.8251991704724294
 20
7.090903207481756
  0
LWPOLYLINE
  5
1C2
330
17
100
AcDbEntity
  8
WALLS
100
AcDbPolyline
 90
5
 70
0
 10
0.8430210109488046
 20
7.2270500998154406
 10
0.8824173833780504
 20
7.383078767302517
 10
0.8339388453622789
 20
7.395319329048344
 10
0.794542472933033
 20
7.2392906615612675
 10
0.8430210109488046
 20
7.2270500998154406
  0
LWPOLYLINE
  5
1C3
330
17
100
AcDbEntity
  8
WALLS
100
AcDbPolyline
 90
5
 70
0
 10
0.8753744445625107
 20
7.360463333971131
 10
0.9315347538797214
 20
7.511274659263197
 10
0.884678178484622
 20
7.528723479917996
 10
0.8285178691674113
 20
7.37791215462593
 10
0.8753744445625107
 20
7.360463333971131
  0
LWPOLYLINE
  5
1C4
330
17
100
AcDbEntity
  8
WALLS
100
AcDbPolyline
 90
5
 70
0
 10
0.9220345704237884
 20
7.4895306366180785
 10
0.9945363301051502
 20
7.6332011085021785
 10
0.9498981126221031
 20
7.655727305250324
 10
0.8773963529407414
 20
7.512056833366224
 10
0.9220345704237884
 20
7.4895306366180785
  0
LWPOLYLINE
  5
1C5
330
17
100
AcDbEntity
  8
WALLS
100
AcDbPolyline
 90
5
 70
0
 10
0.9825773621766902
 20
7.612567602161324
 10
1.0711884336317314
 20
7.746874834779883
 10
1.0294534349008562
 20
7.774410082752869
 10
0.9408423634458152
 20
7.64010285013431
 10
0.9825773621766902
 20
7.612567602161324
  0
LWPOLYLINE
  5
1C6
330
17
100
AcDbEntity
  8
WALLS
100
AcDbPolyline
 90
5
 70
0
 10
1.0568392328486862
 20
7.727719201696237
 10
1.1608222665570493
 20
7.85051765711105
 10
1.1226646991535594
 20
7.882828646725237
 10
1.0186816654451962
 20
7.760030191310424
 10
1.0568392328486862
 20
7.727719201696237
  0
LWPOLYLINE
  5
1C7
330
17
100
AcDbEntity
  8
WALLS
100
AcDbPolyline
 90
5
 70
0
 10
1.1440625127861381
 20
7.8331243389746135
 10
1.2629178657977806
 20
7.941588203971243
 10
1.2292139294074171
 20
7.978521179369853
 10
1.1103585763957746
 20
7.8700573143732235
 10
1.1440625127861381
 20
7.8331243389746135
  0
LWPOLYLINE
  5
1C8
330
17
100
AcDbEntity
  8
WALLS
100
AcDbPolyline
 90
5
 70
0
 10
1.2435132856143647
 20
7.926372159880465
 10
1.3771534870389286
 20
8.015902632337447
 10
1.3493245082628484
 20
8.057442347554097
 10
1.2156843068382845
 20
7.967911875097116
 10
1.2435132856143647
 20
7.926372159880465
  0
LWPOLYLINE
  5
1C9
330
17
100
AcDbEntity
  8
WALLS
100
AcDbPolyline
 90
5
 70
0
 10
1.3553940615191395
 20
8.003737521488201
 10
1.501588993597685
 20
8.070656484830753
 10
1.4807786310564293
 20
8.116119973598131
 10
1.3345836989778839
 20
8.04920101025558
 10
1.3553940615191395
 20
8.003737521488201
  0
LWPOLYLINE
  5
1CA
330
17
100
AcDbEntity
  8
WALLS
100
AcDbPolyline
 90
5
 70
0
 10
1.4783414420306726
 20
8.062113503019022
 10
1.6331922823939349
 20
8.105820964388167
 10
1.6196101831029897
 20
8.153940883120962
 10
1.4647593427397274
 20
8.110233421751817
 10
1.4783414420306726
 20
8.062113503019022
  0
LWPOLYLINE
  5
1CB
330
17
100
AcDbEntity
  8
WALLS
100
AcDbPolyline
 90
5
 70
0
 10
1.610145206612453
 20
8.100625240826552
 10
1.7687919616303147
 20
8.12759241991833
 10
1.7604130232004476
 20
8.176885354409883
 10
1.601766268182586
 20
8.149918175318106
 10
1.610145206612453
 20
8.100625240826552
  0
LWPOLYLINE
  5
1CC
330
17
100
AcDbEntity
  8
WALLS
100
AcDbPolyline
 90
5
 70
0
 10
1.744528391963946
 20
8.125173466034106
 10
1.9053114549336718
 20
8.130052447527241
 10
1.9037948969685958
 20
8.180029442754432
 10
1.74301183399887
 20
8.175150461261296
 10
1.744528391963946
 20
8.125173466034106
  0
LWPOLYLINE
  5
1CD
330
17
100
AcDbEntity
  8
WALLS
100
AcDbPolyline
 90
5
 70
0
 10
1.880586323219763
 20
8.131201251132753
 10
2.0401833164723504
 20
8.111436940574633
 10
2.0463283189495725
 20
8.161057893251451
 10
1.8867313256969855
 20
8.180822203809571
 10
1.880586323219763
 20
8.131201251132753
  0
LWPOLYLINE
  5
1CE
330
17
100
AcDbEntity
  8
WALLS
100
AcDbPolyline
 90
5
 70
0
 10
2.015813983890223
 20
8.116443880567314
 10
2.170296541998468
 20
8.071676902736353
 10
2.1842133116363582
 20
8.119701100000295
 10
2.0297307535281135
 20
8.164468077831255
 10
2.015813983890223
 20
8.116443880567314
  0
LWPOLYLINE
  5
1CF
330
17
100
AcDbEntity
  8
WALLS
100
AcDbPolyline
 90
5
 70
0
 10
2.1471175892782175
 20
8.080371946765192
 10
2.292960615552374
 20
8.012478353524221
 10
2.3140623883200173
 20
8.057807319826827
 10
2.168219362045861
 20
8.125700913067798
 10
2.1471175892782175
 20
8.080371946765192
  0
LWPOLYLINE
  5
1D0
330
17
100
AcDbEntity
  8
WALLS
100
AcDbPolyline
 90
5
 70
0
 10
2.2716607065409824
 20
8.024206441080763
 10
2.407035568869103
 20
7.9372565124726995
 10
2.434056565494014
 20
7.979326284772969
 10
2.2986817031658933
 20
8.066276213381032
 10
2.2716607065409824
 20
8.024206441080763
  0
LWPOLYLINE
  5
1D1
330
17
100
AcDbEntity
  8
WALLS
100
AcDbPolyline
 90
5
 70
0
 10
2.3877581068177753
 20
7.951268697974642
 10
2.512276637720159
 20
7.849309861372776
 10
2.543953420200268
 20
7.887995536392191
 10
2.4194348892978845
 20
7.989954372994058
 10
2.3877581068177753
 20
7.951268697974642
  0
LWPOLYLINE
  5
1D2
330
17
100
AcDbEntity
  8
WALLS
100
AcDbPolyline
 90
5
 70
0
 10
2.494944512546462
 20
7.864923619905507
 10
2.6093264739189617
 20
7.751667187690367
 10
2.6445065729714794
 20
7.7871969024465395
 10
2.5301246115989797
 20
7.900453334661679
 10
2.494944512546462
 20
7.864923619905507
  0
LWPOLYLINE
  5
1D3
330
17
100
AcDbEntity
  8
WALLS
100
AcDbPolyline
 90
5
 70
0
 10
2.5936626825240436
 20
7.768458256877529
 10
2.698722175286669
 20
7.646480577379834
 10
2.736607058763571
 20
7.679110863985096
 10
2.631547566000946
 20
7.80108854348279
 10
2.5936626825240436
 20
7.768458256877529
  0
LWPOLYLINE
  5
1D4
330
17
100
AcDbEntity
  8
WALLS
100
AcDbPolyline
 90
5
 70
0
 10
2.684570805506992
 20
7.6639250960275875
 10
2.7822662814886914
 20
7.535964912267715
 10
2.822007604253947
 20
7.566306752437153
 10
2.724312128272248
 20
7.6942669361970255
 10
2.684570805506992
 20
7.6639250960275875
  0
LWPOLYLINE
  5
1D5
330
17
100
AcDbEntity
  8
WALLS
100
AcDbPolyline
 90
5
 70
0
 10
2.7692284605218633
 20
7.553910159766781
 10
2.860739472882776
 20
7.421446649942402
 10
2.901877330406565
 20
7.449866302972522
 10
2.810366318045652
 20
7.582329812796901
 10
2.7692284605218633
 20
7.553910159766781
  0
LWPOLYLINE
  5
1D6
330
17
100
AcDbEntity
  8
WALLS
100
AcDbPolyline
 90
5
 70
0
 10
2.8485956206142595
 20
7.439825721649191
 10
2.9345589711769517
 20
7.303691255655071
 10
2.976835703291217
 20
7.330387283856634
 10
2.890872352728525
 20
7.466521749850754
 10
2.8485956206142595
 20
7.439825721649191
  0
LWPOLYLINE
  5
1D7
330
17
100
AcDbEntity
  8
WALLS
100
AcDbPolyline
 90
5
 70
0
 10
2.9231725168120564
 20
7.322654934313431
 10
3.0029257594431904
 20
7.182795131445876
 10
3.046360192479356
 20
7.2075630547909375
 10
2.966606949848222
 20
7.347422857658493
 10
2.9231725168120564
 20
7.322654934313431
  0
LWPOLYLINE
  5
1D8
330
17
100
AcDbEntity
  8
WALLS
100
AcDbPolyline
 90
5
 70
0
 10
2.9923961901335296
 20
7.202350085828035
 10
3.065262424081518
 20
7.058773117169082
 10
3.1098491074875536
 20
7.081401145427195
 10
3.036982873539565
 20
7.224978114086149
 10
2.9923961901335296
 20
7.202350085828035
  0
LWPOLYLINE
  5
1D9
330
17
100
AcDbEntity
  8
WALLS
100
AcDbPolyline
 90
5
 70
0
 10
3.0557110179454816
 20
7.078331159671058
 10
3.1241387410828216
 20
6.932585992414794
 10
3.1693985901845836
 20
6.953835605570938
 10
3.1009708670472436
 20
7.099580772827202
 10
3.0557110179454816
 20
7.078331159671058
  0
LWPOLYLINE
  5
1DA
330
17
100
AcDbEntity
  8
WALLS
100
AcDbPolyline
 90
5
 70
0
 10
3.1151942380476916
 20
6.952245443450166
 10
3.1801145574640497
 20
6.804900057552195
 10
3.2258701896942847
 20
6.82505997122293
 10
3.1609498702779266
 20
6.972405357120901
 10
3.1151942380476916
 20
6.952245443450166
  0
LWPOLYLINE
  5
1DB
330
17
100
AcDbEntity
  8
WALLS
100
AcDbPolyline
 90
5
 70
0
 10
3.1716425924823004
 20
6.824568154735241
 10
3.234114105896332
 20
6.676166927295528
 10
3.28019734206871
 20
6.69556629181813
 10
3.2177258286546784
 20
6.843967519257843
 10
3.1716425924823004
 20
6.824568154735241
  0
LWPOLYLINE
  5
1DC
330
17
100
AcDbEntity
  8
WALLS
100
AcDbPolyline
 90
5
 70
0
 10
3.2259672397511
 20
6.695840217633488
 10
3.2867019486441227
 20
6.546719460525918
 10
3.3330085402843044
 20
6.565579459748332
 10
3.272273831391282
 20
6.714700216855902
 10
3.2259672397511
 20
6.695840217633488
  0
LWPOLYLINE
  5
1DD
330
17
100
AcDbEntity
  8
WALLS
100
AcDbPolyline
 90
5
 70
0
 10
3.2787835770985407
 20
6.5664051265483
 10
3.3382237058765685
 20
6.4167622166182685
 10
3.3846920617812546
 20
6.435220057757345
 10
3.325251933003227
 20
6.584862967687377
 10
3.2787835770985407
 20
6.5664051265483
  0
LWPOLYLINE
  5
1DE
330
17
100
AcDbEntity
  8
WALLS
100
AcDbPolyline
 90
5
 70
0
 10
3.330475930512167
 20
6.436504058801433
 10
3.3886819715672734
 20
6.286376775469196
 10
3.4353007256138315
 20
6.304451392232672
 10
3.3770946845587253
 20
6.4545786755649095
 10
3.330475930512167
 20
6.436504058801433
  0
LWPOLYLINE
  5
1DF
330
17
100
AcDbEntity
  8
WALLS
100
AcDbPolyline
 90
5
 70
0
 10
3.381093154917915
 20
6.306068400984819
 10
3.438690503685261
 20
6.1557065446809185
 10
3.4853821010536947
 20
6.173592146017861
 10
3.4277847522863487
 20
6.323954002321762
 10
3.381093154917915
 20
6.306068400984819
  0
LWPOLYLINE
  5
1E0
330
17
100
AcDbEntity
  8
WALLS
100
AcDbPolyline
 90
5
 70
0
 10
3.4311801444116536
 20
6.175389594974006
 10
3.4883855141301687
 20
6.024878004425022
 10
3.535123562417228
 20
6.042641867808773
 10
3.477918192698713
 20
6.193153458357757
 10
3.4311801444116536
 20
6.175389594974006
  0
LWPOLYLINE
  5
1E1
330
17
100
AcDbEntity
  8
WALLS
100
AcDbPolyline
 90
5
 70
0
 10
3.4809259106145016
 20
6.044565347673185
 10
3.5378234671035576
 20
5.893937143171499
 10
3.5845977320470506
 20
5.911605423761186
 10
3.5277001755579946
 20
6.062233628262872
 10
3.4809259106145016
 20
6.044565347673185
  0
LWPOLYLINE
  5
1E2
330
17
100
AcDbEntity
  8
WALLS
100
AcDbPolyline
 90
5
 70
0
 10
3.5304032586839336
 20
5.913616974852882
 10
3.5871191642235853
 20
5.76292024573794
 10
3.6339146987851914
 20
5.780532115175724
 10
3.5771987932455396
 20
5.931228844290667
 10
3.5304032586839336
 20
5.913616974852882
  0
LWPOLYLINE
  5
1E3
330
17
100
AcDbEntity
  8
WALLS
100
AcDbPolyline
 90
5
 70
0
 10
3.579720796713736
 20
5.782559195300129
 10
3.636532027090148
 20
5.631898402877109
 10
3.683316409378053
 20
5.649539875999816
 10
3.626505179001641
 20
5.8002006684228355
 10
3.579720796713736
 20
5.782559195300129
  0
LWPOLYLINE
  5
1E4
330
17
100
AcDbEntity
  8
WALLS
100
AcDbPolyline
 90
5
 70
0
 10
3.629121058507588
 20
5.651527704620447
 10
3.6860551025702457
 20
5.500913395284613
 10
3.7328250818790436
 20
5.518593017323973
 10
3.675891037816386
 20
5.669207326659807
 10
3.629121058507588
 20
5.651527704620447
  0
LWPOLYLINE
  5
1E5
330
17
100
AcDbEntity
  8
WALLS
100
AcDbPolyline
 90
5
 70
0
 10
3.6786257911006643
 20
5.520468320351558
 10
3.7360621408827273
 20
5.370044708382611
 10
3.7827728656726816
 20
5.387880296110444
 10
3.7253365158906186
 20
5.53830390807939
 10
3.6786257911006643
 20
5.520468320351558
  0
LWPOLYLINE
  5
1E6
330
17
100
AcDbEntity
  8
WALLS
100
AcDbPolyline
 90
5
 70
0
 10
3.728567240746263
 20
5.389561552246553
 10
3.7865779857945583
 20
5.239359020672593
 10
3.833220194140438
 20
5.257373026352051
 10
3.7752094490921424
 20
5.407575557926011
 10
3.728567240746263
 20
5.389561552246553
  0
LWPOLYLINE
  5
1E7
330
17
100
AcDbEntity
  8
WALLS
100
AcDbPolyline
 90
5
 70
0
 10
3.7790088698536493
 20
5.2588595539916545
 10
3.837524082110083
 20
5.108852876103083
 10
3.8841054844284675
 20
5.127023538117792
 10
3.825590272172034
 20
5.277030216006364
 10
3.7790088698536493
 20
5.2588595539916545
  0
LWPOLYLINE
  5
1E8
330
17
100
AcDbEntity
  8
WALLS
100
AcDbPolyline
 90
5
 70
0
 10
3.829887894542111
 20
5.128253346953184
 10
3.8893187837435326
 20
4.978606580885864
 10
3.935788287094663
 20
4.997061533020704
 10
3.8763573978932415
 20
5.146708299088025
 10
3.829887894542111
 20
5.128253346953184
  0
LWPOLYLINE
  5
1E9
330
17
100
AcDbEntity
  8
WALLS
100
AcDbPolyline
 90
5
 70
0
 10
3.881563395152193
 20
4.9978940171899335
 10
3.9422703262340284
 20
4.84876135676261
 10
3.9885804562961096
 20
4.867612665832093
 10
3.9278735252142742
 20
5.016745326259416
 10
3.881563395152193
 20
4.9978940171899335
  0
LWPOLYLINE
  5
1EA
330
17
100
AcDbEntity
  8
WALLS
100
AcDbPolyline
 90
5
 70
0
 10
3.9343506086878244
 20
4.868013119022692
 10
3.996156038805261
 20
4.719334798637918
 10
4.042325730759845
 20
4.738527493727947
 10
3.9805203006424086
 20
4.88720581411272
 10
3.9343506086878244
 20
4.868013119022692
  0
LWPOLYLINE
  5
1EB
330
17
100
AcDbEntity
  8
WALLS
100
AcDbPolyline
 90
5
 70
0
 10
3.988094566069509
 20
4.738489869047283
 10
4.051202938651149
 20
4.590357325398427
 10
4.097202471377357
 20
4.609954340195852
 10
4.034094098795717
 20
4.758086883844708
 10
3.988094566069509
 20
4.738489869047283
  0
LWPOLYLINE
  5
1EC
330
17
100
AcDbEntity
  8
WALLS
100
AcDbPolyline
 90
5
 70
0
 10
4.042976549300281
 20
4.609270199338386
 10
4.108311476621571
 20
4.462105275520603
 10
4.154010314149131
 20
4.482393603412019
 10
4.088675386827841
 20
4.629558527229802
 10
4.042976549300281
 20
4.609270199338386
  0
LWPOLYLINE
  5
1ED
330
17
100
AcDbEntity
  8
WALLS
100
AcDbPolyline
 90
5
 70
0
 10
4.0998019055166175
 20
4.480864828488734
 10
4.1674923921040286
 20
4.334772047908846
 10
4.212859230896882
 20
4.3557922747854345
 10
4.145168744309471
 20
4.501885055365323
 10
4.0998019055166175
 20
4.480864828488734
  0
LWPOLYLINE
  5
1EE
330
17
100
AcDbEntity
  8
WALLS
100
AcDbPolyline
 90
5
 70
0
 10
4.158685737667567
 20
4.353332834946509
 10
4.229031116605122
 20
4.208503073999126
 10
4.274006586158946
 20
4.230348145260465
 10
4.2036612072213915
 20
4.375177906207848
 10
4.158685737667567
 20
4.353332834946509
  0
LWPOLYLINE
  5
1EF
330
17
100
AcDbEntity
  8
WALLS
100
AcDbPolyline
 90
5
 70
0
 10
4.219899048424347
 20
4.226744981376021
 10
4.293691564593223
 20
4.083649814182258
 10
4.338130575494715
 20
4.106566496099522
 10
4.264338059325839
 20
4.249661663293286
 10
4.219899048424347
 20
4.226744981376021
  0
LWPOLYLINE
  5
1F0
330
17
100
AcDbEntity
  8
WALLS
100
AcDbPolyline
 90
5
 70
0
 10
4.2841602824838105
 20
4.10134814647472
 10
4.363015164777719
 20
3.9609972780676257
 10
4.40660620966376
 20
3.9854885174348595
 10
4.327751327369851
 20
4.125839385841953
 10
4.2841602824838105
 20
4.10134814647472
  0
LWPOLYLINE
  5
1F1
330
17
100
AcDbEntity
  8
WALLS
100
AcDbPolyline
 90
5
 70
0
 10
4.353799443994153
 20
3.974339352059747
 10
4.456689090906251
 20
3.8516081469167833
 10
4.495005769202119
 20
3.8837302913715206
 10
4.3921161222900205
 20
4.0064614965144845
 10
4.353799443994153
 20
3.974339352059747
  0
LWPOLYLINE
  5
1F2
330
17
100
AcDbEntity
  8
WALLS
100
AcDbPolyline
 90
5
 70
0
 10
4.450051685185042
 20
3.8564726729048355
 10
4.597472841862124
 20
3.7961245484522332
 10
4.616415096349647
 20
3.842397553486809
 10
4.468993939672566
 20
3.902745677939411
 10
4.450051685185042
 20
3.8564726729048355
  0
LWPOLYLINE
  5
1F3
330
17
100
AcDbEntity
  8
WALLS
100
AcDbPolyline
 90
5
 70
0
 10
4.5851412584714435
 20
3.7989809541682824
 10
4.745546289179867
 20
3.78787306085178
 10
4.74900046861586
 20
3.8377536045980536
 10
4.588595437907436
 20
3.848861497914556
 10
4.5851412584714435
 20
3.7989809541682824
  0
LWPOLYLINE
  5
1F4
330
17
100
AcDbEntity
  8
WALLS
100
AcDbPolyline
 90
5
 70
0
 10
4.726304388659001
 20
3.788540593500316
 10
4.887320493309495
 20
3.7884971688679236
 10
4.88733397787084
 20
3.8384971670495895
 10
4.726317873220346
 20
3.8385405916819817
 10
4.726304388659001
 20
3.788540593500316
  0
LWPOLYLINE
  5
1F5
330
17
100
AcDbEntity
  8
WALLS
100
AcDbPolyline
 90
5
 70
0
 10
4.866325129621053
 20
3.7885
 10
5.0273413164969725
 20
3.7885
 10
5.0273413164969725
 20
3.8385
 10
4.866325129621053
 20
3.8385
 10
4.866325129621053
 20
3.7885
  0
LWPOLYLINE
  5
1F6
330
17
100
AcDbEntity
  8
WALLS
100
AcDbPolyline
 90
5
 70
0
 10
5.006339205165331
 20
3.7885
 10
5.167355392041268
 20
3.7885
 10
5.167355392041268
 20
3.8385
 10
5.006339205165331
 20
3.8385
 10
5.006339205165331
 20
3.7885
  0
LWPOLYLINE
  5
1F7
330
17
100
AcDbEntity
  8
WALLS
100
AcDbPolyline
 90
5
 70
0
 10
5.146353280709624
 20
3.7885
 10
5.307369467585554
 20
3.7885
 10
5.307369467585554
 20
3.8385
 10
5.146353280709624
 20
3.8385
 10
5.146353280709624
 20
3.7885
  0
LWPOLYLINE
  5
1F8
330
17
100
AcDbEntity
  8
WALLS
100
AcDbPolyline
 90
5
 70
0
 10
5.28636735625391
 20
3.7885
 10
5.44738354312984
 20
3.7885
 10
5.44738354312984
 20
3.8385
 10
5.28636735625391
 20
3.8385
 10
5.28636735625391
 20
3.7885
  0
LWPOLYLINE
  5
1F9
330
17
100
AcDbEntity
  8
WALLS
100
AcDbPolyline
 90
5
 70
0
 10
5.426381431798197
 20
3.7885
 10
5.587397618674125
 20
3.7885
 10
5.587397618674125
 20
3.8385
 10
5.426381431798197
 20
3.8385
 10
5.426381431798197
 20
3.7885
  0
LWPOLYLINE
  5
1FA
330
17
100
AcDbEntity
  8
WALLS
100
AcDbPolyline
 90
5
 70
0
 10
5.566395507342482
 20
3.7885
 10
5.727411694218412
 20
3.7885
 10
5.727411694218412
 20
3.8385
 10
5.566395507342482
 20
3.8385
 10
5.566395507342482
 20
3.7885
  0
LWPOLYLINE
  5
1FB
330
17
100
AcDbEntity
  8
WALLS
100
AcDbPolyline
 90
5
 70
0
 10
5.706452197850365
 20
3.788482166811505
 10
5.867467267660991
 20
3.7887561640504126
 10
5.867382183437967
 20
3.8387560916571104
 10
5.7063671136273415
 20
3.838482094418203
 10
5.706452197850365
 20
3.788482166811505
  0
LWPOLYLINE
  5
1FC
330
17
100
AcDbEntity
  8
WALLS
100
AcDbPolyline
 90
5
 70
0
 10
1.777078039203749
 20
7.222746489979421
 10
1.918428621855223
 20
7.18107388228346
 10
1.932567821652313
 20
7.229033063146961
 10
1.7912172390008392
 20
7.270705670842922
 10
1.777078039203749
 20
7.222746489979421
  0
LWPOLYLINE
  5
1FD
330
17
100
AcDbEntity
  8
WALLS
100
AcDbPolyline
 90
5
 70
0
 10
1.8907770366809573
 20
7.198566014107259
 10
1.9997276663703811
 20
7.0801566126274675
 10
2.0365220522976246
 20
7.114011791909773
 10
1.9275714226082008
 20
7.232421193389564
 10
1.8907770366809573
 20
7.198566014107259
  0
LWPOLYLINE
  5
1FE
330
17
100
AcDbEntity
  8
WALLS
100
AcDbPolyline
 90
5
 70
0
 10
1.9846966658255492
 20
7.098294146144206
 10
2.080896601186162
 20
6.969152341348457
 10
2.120994218848716
 20
6.999021741372355
 10
2.0247942834881036
 20
7.128163546168104
 10
1.9846966658255492
 20
7.098294146144206
  0
LWPOLYLINE
  5
1FF
330
17
100
AcDbEntity
  8
WALLS
100
AcDbPolyline
 90
5
 70
0
 10
2.067982956720288
 20
6.98770891814017
 10
2.155665067872255
 20
6.852616850554707
 10
2.197605359704046
 20
6.879838384697077
 10
2.109923248552079
 20
7.01493045228254
 10
2.067982956720288
 20
6.98770891814017
  0
LWPOLYLINE
  5
200
330
17
100
AcDbEntity
  8
WALLS
100
AcDbPolyline
 90
5
 70
0
 10
2.1439828605525015
 20
6.871899024795659
 10
2.2231152626942396
 20
6.731653964825957
 10
2.2666615543880972
 20
6.756224688863182
 10
2.187529152246359
 20
6.896469748832884
 10
2.1439828605525015
 20
6.871899024795659
  0
LWPOLYLINE
  5
201
330
17
100
AcDbEntity
  8
WALLS
100
AcDbPolyline
 90
5
 70
0
 10
2.2126546138469183
 20
6.7515423350040695
 10
2.283390299858327
 20
6.606849695722982
 10
2.3283098777485898
 20
6.628809466262782
 10
2.257574191737181
 20
6.773502105543869
 10
2.2126546138469183
 20
6.7515423350040695
  0
LWPOLYLINE
  5
202
330
17
100
AcDbEntity
  8
WALLS
100
AcDbPolyline
 90
5
 70
0
 10
2.274128499379199
 20
6.626576422932528
 10
2.3402764778704976
 20
6.479720262113084
 10
2.3858652656969244
 20
6.500254682594731
 10
2.3197172872056258
 20
6.6471108434141755
 10
2.274128499379199
 20
6.626576422932528
  0
LWPOLYLINE
  5
203
330
17
100
AcDbEntity
  8
WALLS
100
AcDbPolyline
 90
5
 70
0
 10
2.331639813559762
 20
6.499462564688372
 10
2.3945949081667948
 20
6.351205721031857
 10
2.440617493340997
 20
6.370748536946747
 10
2.377662398733964
 20
6.519005380603263
 10
2.331639813559762
 20
6.499462564688372
  0
LWPOLYLINE
  5
204
330
17
100
AcDbEntity
  8
WALLS
100
AcDbPolyline
 90
5
 70
0
 10
2.386384408656012
 20
6.370906760983532
 10
2.4473489413780087
 20
6.221819267937905
 10
2.4936290959221643
 20
6.240744047867116
 10
2.4326645632001678
 20
6.389831540912743
 10
2.386384408656012
 20
6.370906760983532
  0
LWPOLYLINE
  5
205
330
17
100
AcDbEntity
  8
WALLS
100
AcDbPolyline
 90
5
 70
0
 10
2.439400855507633
 20
6.241530469143096
 10
2.49890629908206
 20
6.091853205205735
 10
2.545369150197868
 20
6.110324898852778
 10
2.4858637066234412
 20
6.26000216279014
 10
2.439400855507633
 20
6.241530469143096
  0
LWPOLYLINE
  5
206
330
17
100
AcDbEntity
  8
WALLS
100
AcDbPolyline
 90
5
 70
0
 10
2.4911501173077077
 20
6.111604945293754
 10
2.5493912048312746
 20
5.961431207003475
 10
2.596008176309092
 20
5.97951042076504
 10
2.5377670887855253
 20
6.129684159055319
 10
2.4911501173077077
 20
6.111604945293754
  0
LWPOLYLINE
  5
207
330
17
100
AcDbEntity
  8
WALLS
100
AcDbPolyline
 90
5
 70
0
 10
2.5417979791682956
 20
5.981133919528802
 10
2.599402351165474
 20
5.830714749400722
 10
2.6460954966404566
 20
5.848596308774897
 10
2.5884911246432782
 20
5.999015478902977
 10
2.5417979791682956
 20
5.981133919528802
  0
LWPOLYLINE
  5
208
330
17
100
AcDbEntity
  8
WALLS
100
AcDbPolyline
 90
5
 70
0
 10
2.5918911467217387
 20
5.850406875576815
 10
2.649094504887802
 20
5.699834596821709
 10
2.695835137924615
 20
5.717591658045852
 10
2.6386317797585517
 20
5.868163936800959
 10
2.5918911467217387
 20
5.850406875576815
  0
LWPOLYLINE
  5
209
330
17
100
AcDbEntity
  8
WALLS
100
AcDbPolyline
 90
5
 70
0
 10
2.6416349680498477
 20
5.719524121845963
 10
2.698562295503278
 20
5.568847269541563
 10
2.7453353910482403
 20
5.5865186456380025
 10
2.6884080635948098
 20
5.737195497942403
 10
2.6416349680498477
 20
5.719524121845963
  0
LWPOLYLINE
  5
20A
330
17
100
AcDbEntity
  8
WALLS
100
AcDbPolyline
 90
5
 70
0
 10
2.691138414053217
 20
5.588538961103144
 10
2.747853380494062
 20
5.437781985999146
 10
2.7946513310398933
 20
5.455387434721344
 10
2.737936364599048
 20
5.606144409825343
 10
2.691138414053217
 20
5.588538961103144
  0
LWPOLYLINE
  5
20B
330
17
100
AcDbEntity
  8
WALLS
100
AcDbPolyline
 90
5
 70
0
 10
2.7404548840307608
 20
5.457422145057405
 10
2.7973021722377065
 20
5.306715065219967
 10
2.8440846477126027
 20
5.324361594296269
 10
2.787237359505657
 20
5.475068674133707
 10
2.7404548840307608
 20
5.457422145057405
  0
LWPOLYLINE
  5
20C
330
17
100
AcDbEntity
  8
WALLS
100
AcDbPolyline
 90
5
 70
0
 10
2.78988644151192
 20
5.326348748881024
 10
2.8468657395724244
 20
5.175691705663073
 10
2.893632730464009
 20
5.193379231294049
 10
2.8366534324035046
 20
5.344036274512
 10
2.78988644151192
 20
5.326348748881024
  0
LWPOLYLINE
  5
20D
330
17
100
AcDbEntity
  8
WALLS
100
AcDbPolyline
 90
5
 70
0
 10
2.8394307096943523
 20
5.195257714289589
 10
2.8968818815404926
 20
5.04477977915912
 10
2.9435932187221363
 20
5.062613762973815
 10
2.886142046875996
 20
5.213091698104284
 10
2.8394307096943523
 20
5.195257714289589
  0
LWPOLYLINE
  5
20E
330
17
100
AcDbEntity
  8
WALLS
100
AcDbPolyline
 90
5
 70
0
 10
2.8893849414198236
 20
5.0643006384544815
 10
2.947427722955709
 20
4.914050386209713
 10
2.994068511676687
 20
4.93206806717828
 10
2.936025730140802
 20
5.082318319423049
 10
2.8893849414198236
 20
5.0643006384544815
  0
LWPOLYLINE
  5
20F
330
17
100
AcDbEntity
  8
WALLS
100
AcDbPolyline
 90
5
 70
0
 10
2.939854586051486
 20
4.933563427529128
 10
2.9983672103065464
 20
4.783495531830349
 10
3.044951393819759
 20
4.8016590625005495
 10
2.986438769564699
 20
4.951726958199329
 10
2.939854586051486
 20
4.933563427529128
  0
LWPOLYLINE
  5
210
330
17
100
AcDbEntity
  8
WALLS
100
AcDbPolyline
 90
5
 70
0
 10
2.9907312835443594
 20
4.802902359344142
 10
3.0501688630036266
 20
4.653197964110314
 10
3.0966400908610843
 20
4.671648573352835
 10
3.037202511401817
 20
4.8213529685866625
 10
2.9907312835443594
 20
4.802902359344142
  0
LWPOLYLINE
  5
211
330
17
100
AcDbEntity
  8
WALLS
100
AcDbPolyline
 90
5
 70
0
 10
3.042412837021519
 20
4.672516771643537
 10
3.1029954550246344
 20
4.52327334239031
 10
3.149323926481649
 20
4.542079531064696
 10
3.0887413084785336
 20
4.691322960317923
 10
3.042412837021519
 20
4.672516771643537
  0
LWPOLYLINE
  5
212
330
17
100
AcDbEntity
  8
WALLS
100
AcDbPolyline
 90
5
 70
0
 10
3.0950918480767
 20
4.54256681301226
 10
3.1566249348096407
 20
4.393713970936802
 10
3.2028324847621685
 20
4.4128153407145065
 10
3.141299398029228
 20
4.5616681827899646
 10
3.0950918480767
 20
4.54256681301226
  0
LWPOLYLINE
  5
213
330
17
100
AcDbEntity
  8
WALLS
100
AcDbPolyline
 90
5
 70
0
 10
3.148598569920785
 20
4.412867065833576
 10
3.2115713435799806
 20
4.264614979951021
 10
3.257591728476462
 20
4.284162976625354
 10
3.1946189548172663
 20
4.43241506250791
 10
3.148598569920785
 20
4.412867065833576
  0
LWPOLYLINE
  5
214
330
17
100
AcDbEntity
  8
WALLS
100
AcDbPolyline
 90
5
 70
0
 10
3.203361093415135
 20
4.283607602869134
 10
3.2682110738396655
 20
4.1361696287570915
 10
3.3139794259244826
 20
4.156300648290145
 10
3.249129445499952
 20
4.303738622402188
 10
3.203361093415135
 20
4.283607602869134
  0
LWPOLYLINE
  5
215
330
17
100
AcDbEntity
  8
WALLS
100
AcDbPolyline
 90
5
 70
0
 10
3.259759936086368
 20
4.155070257013193
 10
3.3264003273288734
 20
4.008435326095032
 10
3.37192003687676
 20
4.029122424554604
 10
3.3052796456342546
 20
4.175757355472765
 10
3.259759936086368
 20
4.155070257013193
  0
LWPOLYLINE
  5
216
330
17
100
AcDbEntity
  8
WALLS
100
AcDbPolyline
 90
5
 70
0
 10
3.3177229920855935
 20
4.02715051436861
 10
3.386582167180341
 20
3.8815413597878523
 10
3.4317826907360156
 20
3.902916875460998
 10
3.3629235156412682
 20
4.048526030041756
 10
3.3177229920855935
 20
4.02715051436861
  0
LWPOLYLINE
  5
217
330
17
100
AcDbEntity
  8
WALLS
100
AcDbPolyline
 90
5
 70
0
 10
3.3776283864334107
 20
3.9000139108915137
 10
3.4492712952911293
 20
3.7557531207858306
 10
3.494053021564256
 20
3.777992657471624
 10
3.422410112706537
 20
3.922253447577307
 10
3.3776283864334107
 20
3.9000139108915137
  0
LWPOLYLINE
  5
218
330
17
100
AcDbEntity
  8
WALLS
100
AcDbPolyline
 90
5
 70
0
 10
3.439977503803545
 20
3.773899633753922
 10
3.515166727826713
 20
3.6314646073945274
 10
3.5593840197427196
 20
3.6548062246395827
 10
3.4841947957195516
 20
3.7972412509989772
 10
3.439977503803545
 20
3.773899633753922
  0
LWPOLYLINE
  5
219
330
17
100
AcDbEntity
  8
WALLS
100
AcDbPolyline
 90
5
 70
0
 10
3.5054356214594695
 20
3.649299401189961
 10
3.5845140867429035
 20
3.50899860872669
 10
3.628071718875144
 20
3.533549223444705
 10
3.54899325359171
 20
3.6738500159079757
 10
3.5054356214594695
 20
3.649299401189961
  0
LWPOLYLINE
  5
21A
330
17
100
AcDbEntity
  8
WALLS
100
AcDbPolyline
 90
5
 70
0
 10
3.574485004648685
 20
3.5254231601205945
 10
3.6631438534142173
 20
3.3910220887405695
 10
3.704880869641552
 20
3.4185542785633793
 10
3.6162220208760196
 20
3.5529553499434043
 10
3.574485004648685
 20
3.5254231601205945
  0
LWPOLYLINE
  5
21B
330
17
100
AcDbEntity
  8
WALLS
100
AcDbPolyline
 90
5
 70
0
 10
3.6521992936841308
 20
3.4059623225777065
 10
3.75359881909087
 20
3.280918123323633
 10
3.7924347320602543
 20
3.312410532946182
 10
3.691035206653515
 20
3.4374547322002558
 10
3.6521992936841308
 20
3.4059623225777065
  0
LWPOLYLINE
  5
21C
330
17
100
AcDbEntity
  8
WALLS
100
AcDbPolyline
 90
5
 70
0
 10
3.741389397666373
 20
3.2943551778684874
 10
3.8561674299893496
 20
3.1814857718064244
 10
3.8912251130603743
 20
3.217136281728326
 10
3.7764470807373978
 20
3.330005687790389
 10
3.741389397666373
 20
3.2943551778684874
  0
LWPOLYLINE
  5
21D
330
17
100
AcDbEntity
  8
WALLS
100
AcDbPolyline
 90
5
 70
0
 10
3.8426377249947143
 20
3.193274091102148
 10
3.970145348790496
 20
3.0950422648831917
 10
4.000659964965737
 20
3.1346510795546476
 10
3.873152341169955
 20
3.232882905773604
 10
3.8426377249947143
 20
3.193274091102148
  0
LWPOLYLINE
  5
21E
330
17
100
AcDbEntity
  8
WALLS
100
AcDbPolyline
 90
5
 70
0
 10
3.955313245194248
 20
3.105094179098604
 10
4.093804571301413
 20
3.0230548721198445
 10
4.119287879464417
 20
3.0660734844297433
 10
3.980796553357252
 20
3.148112791408503
 10
3.955313245194248
 20
3.105094179098604
  0
LWPOLYLINE
  5
21F
330
17
100
AcDbEntity
  8
WALLS
100
AcDbPolyline
 90
5
 70
0
 10
4.077912032047697
 20
3.0311801804438847
 10
4.225520699234249
 20
2.9669462562888773
 10
4.24547169547507
 20
3.0127933690550996
 10
4.0978630282885184
 20
3.077027293210107
 10
4.077912032047697
 20
3.0311801804438847
  0
LWPOLYLINE
  5
220
330
17
100
AcDbEntity
  8
WALLS
100
AcDbPolyline
 90
5
 70
0
 10
4.208623561505793
 20
2.9731353523047015
 10
4.362800055964914
 20
2.9268311809151633
 10
4.377182045708861
 20
2.9747181141120698
 10
4.223005551249741
 20
3.021022285501608
 10
4.208623561505793
 20
2.9731353523047015
  0
LWPOLYLINE
  5
221
330
17
100
AcDbEntity
  8
WALLS
100
AcDbPolyline
 90
5
 70
0
 10
4.34502530639572
 20
2.9311471758670327
 10
4.503274844068094
 20
2.901589230839465
 10
4.512455111368058
 20
2.950739232795733
 10
4.354205573695684
 20
2.9802971778233007
 10
4.34502530639572
 20
2.9311471758670327
  0
LWPOLYLINE
  5
222
330
17
100
AcDbEntity
  8
WALLS
100
AcDbPolyline
 90
5
 70
0
 10
4.484853997558794
 20
2.904129021989432
 10
4.645222863886904
 20
2.8897570060159046
 10
4.649685901944535
 20
2.939557420585426
 10
4.489317035616425
 20
2.953929436558953
 10
4.484853997558794
 20
2.904129021989432
  0
LWPOLYLINE
  5
223
330
17
100
AcDbEntity
  8
WALLS
100
AcDbPolyline
 90
5
 70
0
 10
4.626119510511545
 20
2.89075440382523
 10
4.787152167079681
 20
2.888345707331451
 10
4.787899974118954
 20
2.938340114865014
 10
4.626867317550818
 20
2.940748811358793
 10
4.626119510511545
 20
2.89075440382523
  0
LWPOLYLINE
  5
224
330
17
100
AcDbEntity
  8
WALLS
100
AcDbPolyline
 90
5
 70
0
 10
4.766519230813869
 20
2.8885000000000005
 10
4.92759145095594
 20
2.8885000000000005
 10
4.92759145095594
 20
2.9385000000000003
 10
4.766519230813869
 20
2.9385000000000003
 10
4.766519230813869
 20
2.8885000000000005
  0
LWPOLYLINE
  5
225
330
17
100
AcDbEntity
  8
WALLS
100
AcDbPolyline
 90
5
 70
0
 10
4.906582030937408
 20
2.8885000000000005
 10
5.067654251079477
 20
2.8885000000000005
 10
5.067654251079477
 20
2.9385000000000003
 10
4.906582030937408
 20
2.9385000000000003
 10
4.906582030937408
 20
2.8885000000000005
  0
LWPOLYLINE
  5
226
330
17
100
AcDbEntity
  8
WALLS
100
AcDbPolyline
 90
5
 70
0
 10
5.046644831060947
 20
2.8885000000000005
 10
5.2077170512030175
 20
2.8885000000000005
 10
5.2077170512030175
 20
2.9385000000000003
 10
5.046644831060947
 20
2.9385000000000003
 10
5.046644831060947
 20
2.8885000000000005
  0
LWPOLYLINE
  5
227
330
17
100
AcDbEntity
  8
WALLS
100
AcDbPolyline
 90
5
 70
0
 10
5.186707631184486
 20
2.8885000000000005
 10
5.347779851326555
 20
2.8885000000000005
 10
5.347779851326555
 20
2.9385000000000003
 10
5.186707631184486
 20
2.9385000000000003
 10
5.186707631184486
 20
2.8885000000000005
  0
LWPOLYLINE
  5
228
330
17
100
AcDbEntity
  8
WALLS
100
AcDbPolyline
 90
5
 70
0
 10
5.326770431308025
 20
2.8885000000000005
 10
5.4878426514500935
 20
2.8885000000000005
 10
5.4878426514500935
 20
2.9385000000000003
 10
5.326770431308025
 20
2.9385000000000003
 10
5.326770431308025
 20
2.8885000000000005
  0
LWPOLYLINE
  5
229
330
17
100
AcDbEntity
  8
WALLS
100
AcDbPolyline
 90
5
 70
0
 10
5.466833231431562
 20
2.8885000000000005
 10
5.627905451573633
 20
2.8885000000000005
 10
5.627905451573633
 20
2.9385000000000003
 10
5.466833231431562
 20
2.9385000000000003
 10
5.466833231431562
 20
2.8885000000000005
  0
LWPOLYLINE
  5
22A
330
17
100
AcDbEntity
  8
WALLS
100
AcDbPolyline
 90
5
 70
0
 10
5.6068960315551015
 20
2.8885000000000005
 10
5.76796825169717
 20
2.8885000000000005
 10
5.76796825169717
 20
2.9385000000000003
 10
5.6068960315551015
 20
2.9385000000000003
 10
5.6068960315551015
 20
2.8885000000000005
  0
LWPOLYLINE
  5
22B
330
17
100
AcDbEntity
  8
WALLS
100
AcDbPolyline
 90
5
 70
0
 10
5.7471158062117675
 20
2.888434848695196
 10
5.908176493514472
 20
2.889441319775509
 10
5.907864048731613
 20
2.939440343548555
 10
5.746803361428909
 20
2.9384338724682424
 10
5.7471158062117675
 20
2.888434848695196
  0
LWPOLYLINE
  5
22C
330
17
100
AcDbEntity
  8
WALLS
100
AcDbPolyline
 90
5
 70
0
 10
5.889858602491221
 20
2.8883655469503293
 10
6.0497872847967775
 20
2.9062112038269032
 10
6.044242443415867
 20
2.9559028000385417
 10
5.8843137611103105
 20
2.9380571431619678
 10
5.889858602491221
 20
2.8883655469503293
  0
LWPOLYLINE
  5
22D
330
17
100
AcDbEntity
  8
WALLS
100
AcDbPolyline
 90
5
 70
0
 10
6.033145271049298
 20
2.9029998389797895
 10
6.188186465719021
 20
2.945933932779678
 10
6.174842624401512
 20
2.9941204651190483
 10
6.019801429731789
 20
2.9511863713191597
 10
6.033145271049298
 20
2.9029998389797895
  0
LWPOLYLINE
  5
22E
330
17
100
AcDbEntity
  8
WALLS
100
AcDbPolyline
 90
5
 70
0
 10
6.172401603453393
 20
2.940133220570238
 10
6.318348954092436
 20
3.007808171408434
 10
6.297315461831124
 20
3.0531688614747603
 10
6.151368111192081
 20
2.9854939106365643
 10
6.172401603453393
 20
2.940133220570238
  0
LWPOLYLINE
  5
22F
330
17
100
AcDbEntity
  8
WALLS
100
AcDbPolyline
 90
5
 70
0
 10
6.303606943542211
 20
2.9994842720689667
 10
6.436940242900191
 20
3.0895017625387484
 10
6.408962860870152
 20
3.1309416719829692
 10
6.275629561512171
 20
3.0409241815131876
 10
6.303606943542211
 20
2.9994842720689667
  0
LWPOLYLINE
  5
230
330
17
100
AcDbEntity
  8
WALLS
100
AcDbPolyline
 90
5
 70
0
 10
6.423714168783901
 20
3.0789416820477205
 10
6.5410234602768345
 20
3.189044258139402
 10
6.506805714629257
 20
3.225501711188096
 10
6.389496423136324
 20
3.1153991350964145
 10
6.423714168783901
 20
3.0789416820477205
  0
LWPOLYLINE
  5
231
330
17
100
AcDbEntity
  8
WALLS
100
AcDbPolyline
 90
5
 70
0
 10
6.5294015257912585
 20
3.1763741676384654
 10
6.629018568190648
 20
3.3027610399671006
 10
6.589749952310874
 20
3.333712224223714
 10
6.490132909911485
 20
3.207325351895079
 10
6.5294015257912585
 20
3.1763741676384654
  0
LWPOLYLINE
  5
232
330
17
100
AcDbEntity
  8
WALLS
100
AcDbPolyline
 90
5
 70
0
 10
6.61918385683482
 20
3.2883232116193297
 10
6.700343196975814
 20
3.4273239205218053
 10
6.657164475650255
 20
3.4525349900090325
 10
6.576005135509261
 20
3.313534281106557
 10
6.61918385683482
 20
3.2883232116193297
  0
LWPOLYLINE
  5
233
330
17
100
AcDbEntity
  8
WALLS
100
AcDbPolyline
 90
5
 70
0
 10
6.69250866235602
 20
3.4115669901251144
 10
6.754352883764986
 20
3.560176988997275
 10
6.708190593215977
 20
3.579387479133365
 10
6.64634637180701
 20
3.4307774802612045
 10
6.69250866235602
 20
3.4115669901251144
  0
LWPOLYLINE
  5
234
330
17
100
AcDbEntity
  8
WALLS
100
AcDbPolyline
 90
5
 70
0
 10
6.748433399536049
 20
3.5431796448942667
 10
6.79228023962761
 20
3.6980535160073598
 10
6.744171126905972
 20
3.711673841742694
 10
6.700324286814411
 20
3.556799970629601
 10
6.748433399536049
 20
3.5431796448942667
  0
LWPOLYLINE
  5
235
330
17
100
AcDbEntity
  8
WALLS
100
AcDbPolyline
 90
5
 70
0
 10
6.788377772386968
 20
3.680421179835627
 10
6.813985000626681
 20
3.8393573261304006
 10
6.764621596082248
 20
3.8473105828081744
 10
6.739014367842535
 20
3.688374436513401
 10
6.788377772386968
 20
3.680421179835627
  0
LWPOLYLINE
  5
236
330
17
100
AcDbEntity
  8
WALLS
100
AcDbPolyline
 90
5
 70
0
 10
6.812056142473095
 20
3.821188407414618
 10
6.820391246209454
 20
3.9819717362334464
 10
6.770458297279662
 20
3.9845602901105783
 10
6.762123193543303
 20
3.82377696129175
 10
6.812056142473095
 20
3.821188407414618
  0
LWPOLYLINE
  5
237
330
17
100
AcDbEntity
  8
WALLS
100
AcDbPolyline
 90
5
 70
0
 10
6.8198722573780755
 20
3.9622542660108278
 10
6.820008902652062
 20
4.123325859166591
 10
6.770008920644545
 20
4.123368276709665
 10
6.769872275370559
 20
3.962296683553902
 10
6.8198722573780755
 20
3.9622542660108278
  0
LWPOLYLINE
  5
238
330
17
100
AcDbEntity
  8
WALLS
100
AcDbPolyline
 90
5
 70
0
 10
6.82
 20
4.1023376888100085
 10
6.82
 20
4.263409908952077
 10
6.77
 20
4.263409908952077
 10
6.77
 20
4.1023376888100085
 10
6.82
 20
4.1023376888100085
  0
LWPOLYLINE
  5
239
330
17
100
AcDbEntity
  8
WALLS
100
AcDbPolyline
 90
5
 70
0
 10
6.82
 20
4.242400488933546
 10
6.82
 20
4.403472709075617
 10
6.77
 20
4.403472709075617
 10
6.77
 20
4.242400488933546
 10
6.82
 20
4.242400488933546
  0
LWPOLYLINE
  5
23A
330
17
100
AcDbEntity
  8
WALLS
100
AcDbPolyline
 90
5
 70
0
 10
6.82
 20
4.382463289057085
 10
6.82
 20
4.543535509199156
 10
6.77
 20
4.543535509199156
 10
6.77
 20
4.382463289057085
 10
6.82
 20
4.382463289057085
  0
LWPOLYLINE
  5
23B
330
17
100
AcDbEntity
  8
WALLS
100
AcDbPolyline
 90
5
 70
0
 10
6.82
 20
4.522526089180625
 10
6.82
 20
4.683598309322695
 10
6.77
 20
4.683598309322695
 10
6.77
 20
4.522526089180625
 10
6.82
 20
4.522526089180625
  0
LWPOLYLINE
  5
23C
330
17
100
AcDbEntity
  8
WALLS
100
AcDbPolyline
 90
5
 70
0
 10
6.82
 20
4.662588889304164
 10
6.82
 20
4.823661109446233
 10
6.77
 20
4.823661109446233
 10
6.77
 20
4.662588889304164
 10
6.82
 20
4.662588889304164
  0
LWPOLYLINE
  5
23D
330
17
100
AcDbEntity
  8
WALLS
100
AcDbPolyline
 90
5
 70
0
 10
6.819999862526814
 20
4.802651498068187
 10
6.820001970416181
 20
4.963721635790705
 10
6.770001970420463
 20
4.963722290129677
 10
6.769999862531096
 20
4.802652152407159
 10
6.819999862526814
 20
4.802651498068187
  0
LWPOLYLINE
  5
23E
330
17
100
AcDbEntity
  8
WALLS
100
AcDbPolyline
 90
5
 70
0
 10
6.784826286930669
 20
4.928081615237403
 10
6.945884559883177
 20
4.930196520978951
 10
6.945228051096497
 20
4.980192210755302
 10
6.78416977814399
 20
4.978077305013754
 10
6.784826286930669
 20
4.928081615237403
  0
LWPOLYLINE
  5
23F
330
17
100
AcDbEntity
  8
WALLS
100
AcDbPolyline
 90
5
 70
0
 10
6.924862902002546
 20
4.929926358393625
 10
7.085922351469445
 20
4.931951190686161
 10
7.085293803345846
 20
4.98194723980263
 10
6.924234353878947
 20
4.979922407510094
 10
6.924862902002546
 20
4.929926358393625
  0
LWPOLYLINE
  5
240
330
17
100
AcDbEntity
  8
WALLS
100
AcDbPolyline
 90
5
 70
0
 10
7.064932589184522
 20
4.931679794773575
 10
7.2259905317749435
 20
4.933819914060332
 10
7.2253261962137145
 20
4.983815500448153
 10
7.064268253623293
 20
4.981675381161396
 10
7.064932589184522
 20
4.931679794773575
  0
LWPOLYLINE
  5
241
330
17
100
AcDbEntity
  8
WALLS
100
AcDbPolyline
 90
5
 70
0
 10
7.2052466235697965
 20
4.933435875141917
 10
7.366266480131034
 20
4.937258490450478
 10
7.365079813264667
 20
4.987244406684436
 10
7.204059956703429
 20
4.983421791375875
 10
7.2052466235697965
 20
4.933435875141917
  0
LWPOLYLINE
  5
242
330
17
100
AcDbEntity
  8
WALLS
100
AcDbPolyline
 90
5
 70
0
 10
7.346392657007823
 20
4.936345926538554
 10
7.50706817614287
 20
4.947294903380447
 10
7.5036688891277565
 20
4.997179218027327
 10
7.342993369992709
 20
4.986230241185433
 10
7.346392657007823
 20
4.936345926538554
  0
LWPOLYLINE
  5
243
330
17
100
AcDbEntity
  8
WALLS
100
AcDbPolyline
 90
5
 70
0
 10
7.4879075372220365
 20
4.945321087365858
 10
7.647422402650927
 20
4.967356293338215
 10
7.640580430273489
 20
5.0168859552993705
 10
7.481065564844598
 20
4.994850749327014
 10
7.4879075372220365
 20
4.945321087365858
  0
LWPOLYLINE
  5
244
330
17
100
AcDbEntity
  8
WALLS
100
AcDbPolyline
 90
5
 70
0
 10
7.628986542856398
 20
4.963963650122827
 10
7.785864823183844
 20
5.000152590373424
 10
7.774625899209853
 20
5.048873084910189
 10
7.617747618882407
 20
5.012684144659592
 10
7.628986542856398
 20
4.963963650122827
  0
LWPOLYLINE
  5
245
330
17
100
AcDbEntity
  8
WALLS
100
AcDbPolyline
 90
5
 70
0
 10
7.768284433572063
 20
4.995093021912416
 10
7.9203787389620075
 20
5.047825380829963
 10
7.9039998221614844
 20
5.095066581962465
 10
7.75190551677154
 20
5.042334223044918
 10
7.768284433572063
 20
4.995093021912416
  0
LWPOLYLINE
  5
246
330
17
100
AcDbEntity
  8
WALLS
100
AcDbPolyline
 90
5
 70
0
 10
7.9038455448047
 20
5.040938368402666
 10
8.048378002394779
 20
5.111768108799102
 10
8.02637502656365
 20
5.156666539223504
 10
7.881842568973573
 20
5.085836798827068
 10
7.9038455448047
 20
5.040938368402666
  0
LWPOLYLINE
  5
247
330
17
100
AcDbEntity
  8
WALLS
100
AcDbPolyline
 90
5
 70
0
 10
8.032872309932529
 20
5.102934042129586
 10
8.167500850440181
 20
5.191150828517554
 10
8.140096955433847
 20
5.232972193135195
 10
8.005468414926195
 20
5.144755406747228
 10
8.032872309932529
 20
5.102934042129586
  0
LWPOLYLINE
  5
248
330
17
100
AcDbEntity
  8
WALLS
100
AcDbPolyline
 90
5
 70
0
 10
8.153325462163611
 20
5.180497248328623
 10
8.275511896222472
 20
5.285290783129899
 10
8.242961172391041
 20
5.323244048839848
 10
8.12077473833218
 20
5.2184505140385715
 10
8.153325462163611
 20
5.180497248328623
  0
LWPOLYLINE
  5
249
330
17
100
AcDbEntity
  8
WALLS
100
AcDbPolyline
 90
5
 70
0
 10
8.262647579047023
 20
5.272821632078275
 10
8.371207405173298
 20
5.391686168012429
 10
8.334287977407747
 20
5.425404943990573
 10
8.225728151281473
 20
5.306540408056419
 10
8.262647579047023
 20
5.272821632078275
  0
LWPOLYLINE
  5
24A
330
17
100
AcDbEntity
  8
WALLS
100
AcDbPolyline
 90
5
 70
0
 10
8.359518308945457
 20
5.377482068365865
 10
8.455289389672895
 20
5.506911528342803
 10
8.415096296947322
 20
5.536652330234368
 10
8.319325216219884
 20
5.40722287025743
 10
8.359518308945457
 20
5.377482068365865
  0
LWPOLYLINE
  5
24B
330
17
100
AcDbEntity
  8
WALLS
100
AcDbPolyline
 90
5
 70
0
 10
8.44421534834663
 20
5.490931142766835
 10
8.531796619268219
 20
5.62608794655786
 10
8.489836085067045
 20
5.65327826780554
 10
8.402254814145456
 20
5.518121464014515
 10
8.44421534834663
 20
5.490931142766835
  0
LWPOLYLINE
  5
24C
330
17
100
AcDbEntity
  8
WALLS
100
AcDbPolyline
 90
5
 70
0
 10
8.521371610918004
 20
5.609172671521653
 10
8.602747260154155
 20
5.748159787092513
 10
8.559598883502401
 20
5.773422755887143
 10
8.47822323426625
 20
5.634435640316283
 10
8.521371610918004
 20
5.609172671521653
  0
LWPOLYLINE
  5
24D
330
17
100
AcDbEntity
  8
WALLS
100
AcDbPolyline
 90
5
 70
0
 10
8.593060286422814
 20
5.730758093034364
 10
8.668321980245492
 20
5.87315452165045
 10
8.62411659326614
 20
5.896518677145689
 10
8.54885489944346
 20
5.754122248529603
 10
8.593060286422814
 20
5.730758093034364
  0
LWPOLYLINE
  5
24E
330
17
100
AcDbEntity
  8
WALLS
100
AcDbPolyline
 90
5
 70
0
 10
8.659360278123568
 20
5.85531241500605
 10
8.72865003838644
 20
6.000707573357267
 10
8.683513518161515
 20
6.022217909058615
 10
8.614223757898642
 20
5.876822750707398
 10
8.659360278123568
 20
5.85531241500605
  0
LWPOLYLINE
  5
24F
330
17
100
AcDbEntity
  8
WALLS
100
AcDbPolyline
 90
5
 70
0
 10
8.720501203805533
 20
5.982572298541843
 10
8.783204589117574
 20
6.130928584964261
 10
8.737149240805564
 20
6.1503940644564175
 10
8.674445855493524
 20
6.0020377780339995
 10
8.720501203805533
 20
5.982572298541843
  0
LWPOLYLINE
  5
250
330
17
100
AcDbEntity
  8
WALLS
100
AcDbPolyline
 90
5
 70
0
 10
8.77581769138012
 20
6.1123833664117
 10
8.832288093820953
 20
6.263219525224372
 10
8.785462133885652
 20
6.280750340269249
 10
8.728991731444818
 20
6.129914181456577
 10
8.77581769138012
 20
6.1123833664117
  0
LWPOLYLINE
  5
251
330
17
100
AcDbEntity
  8
WALLS
100
AcDbPolyline
 90
5
 70
0
 10
8.82584565191867
 20
6.244575977667641
 10
8.87454795378423
 20
6.398095276136645
 10
8.82688869883092
 20
6.413214648388677
 10
8.77818639696536
 20
6.2596953499196735
 10
8.82584565191867
 20
6.244575977667641
  0
LWPOLYLINE
  5
252
330
17
100
AcDbEntity
  8
WALLS
100
AcDbPolyline
 90
5
 70
0
 10
8.86909365263714
 20
6.379185488697049
 10
8.909628668059177
 20
6.535047555512973
 10
8.861238365319057
 20
6.547632411520075
 10
8.82070334989702
 20
6.391770344704151
 10
8.86909365263714
 20
6.379185488697049
  0
LWPOLYLINE
  5
253
330
17
100
AcDbEntity
  8
WALLS
100
AcDbPolyline
 90
5
 70
0
 10
8.90528405671724
 20
6.5160321115023665
 10
8.936456577548851
 20
6.674018892657137
 10
8.887402340589952
 20
6.683697830428405
 10
8.856229819758342
 20
6.525711049273634
 10
8.90528405671724
 20
6.5160321115023665
  0
LWPOLYLINE
  5
254
330
17
100
AcDbEntity
  8
WALLS
100
AcDbPolyline
 90
5
 70
0
 10
8.933366134123442
 20
6.654972655434359
 10
8.953748448946591
 20
6.814715467909447
 10
8.904150555057452
 20
6.8210438896528105
 10
8.883768240234303
 20
6.661301077177723
 10
8.933366134123442
 20
6.654972655434359
  0
LWPOLYLINE
  5
255
330
17
100
AcDbEntity
  8
WALLS
100
AcDbPolyline
 90
5
 70
0
 10
8.952184818264705
 20
6.79597882672637
 10
8.958560377851882
 20
6.956870905134813
 10
8.908599587794733
 20
6.958850666955175
 10
8.902224028207556
 20
6.797958588546732
 10
8.952184818264705
 20
6.79597882672637
  0
LWPOLYLINE
  5
256
330
17
100
AcDbEntity
  8
WALLS
100
AcDbPolyline
 90
5
 70
0
 10
8.958764075970498
 20
6.9384310928130795
 10
8.94883603638588
 20
7.0991024300808
 10
8.898931217047684
 20
7.0960187623260005
 10
8.908859256632303
 20
6.93534742505828
 10
8.958764075970498
 20
6.9384310928130795
  0
LWPOLYLINE
  5
257
330
17
100
AcDbEntity
  8
WALLS
100
AcDbPolyline
 90
5
 70
0
 10
8.95113060436284
 20
7.0818289532697065
 10
8.918776007130075
 20
7.239453535564447
 10
8.86979717837936
 20
7.229399962358469
 10
8.902151775612124
 20
7.071775380063729
 10
8.95113060436284
 20
7.0818289532697065
  0
LWPOLYLINE
  5
258
330
17
100
AcDbEntity
  8
WALLS
100
AcDbPolyline
 90
5
 70
0
 10
8.923479333275795
 20
7.2228481713510595
 10
8.86836252744447
 20
7.374047637468052
 10
8.82138635984546
 20
7.356923395069928
 10
8.876503165676786
 20
7.205723928952936
 10
8.923479333275795
 20
7.2228481713510595
  0
LWPOLYLINE
  5
259
330
17
100
AcDbEntity
  8
WALLS
100
AcDbPolyline
 90
5
 70
0
 10
8.875476692145703
 20
7.358022757689047
 10
8.800296428712013
 20
7.500321734809234
 10
8.756087201614669
 20
7.476964846329488
 10
8.83126746504836
 20
7.3346658692093
 10
8.875476692145703
 20
7.358022757689047
  0
LWPOLYLINE
  5
25A
330
17
100
AcDbEntity
  8
WALLS
100
AcDbPolyline
 90
5
 70
0
 10
8.809611013122698
 20
7.48503058017699
 10
8.717630591344786
 20
7.6171494719783555
 10
8.67659576306237
 20
7.588581257686372
 10
8.768576184840281
 20
7.456462365885007
 10
8.809611013122698
 20
7.48503058017699
  0
LWPOLYLINE
  5
25B
330
17
100
AcDbEntity
  8
WALLS
100
AcDbPolyline
 90
5
 70
0
 10
8.72892937433556
 20
7.602539293556545
 10
8.624171682673751
 20
7.724817978283138
 10
8.586200781467138
 20
7.692287828244172
 10
8.690958473128948
 20
7.570009143517579
 10
8.72892937433556
 20
7.602539293556545
  0
LWPOLYLINE
  5
25C
330
17
100
AcDbEntity
  8
WALLS
100
AcDbPolyline
 90
5
 70
0
 10
8.637260280678516
 20
7.710486473172406
 10
8.524930467157445
 20
7.825910324450591
 10
8.489098131486896
 20
7.791038506023771
 10
8.601427945007968
 20
7.675614654745585
 10
8.637260280678516
 20
7.710486473172406
  0
LWPOLYLINE
  5
25D
330
17
100
AcDbEntity
  8
WALLS
100
AcDbPolyline
 90
5
 70
0
 10
8.539378398984125
 20
7.811359930794515
 10
8.42474410560204
 20
7.924509773793208
 10
8.38961992022202
 20
7.888924782555469
 10
8.504254213604105
 20
7.775774939556776
 10
8.539378398984125
 20
7.811359930794515
  0
LWPOLYLINE
  5
25E
330
17
100
AcDbEntity
  8
WALLS
100
AcDbPolyline
 90
5
 70
0
 10
8.439974427294107
 20
7.909053898603775
 10
8.328539499168954
 20
8.025321234144414
 10
8.292441960166613
 20
7.990724013476064
 10
8.403876888291766
 20
7.874456677935424
 10
8.439974427294107
 20
7.909053898603775
  0
LWPOLYLINE
  5
25F
330
17
100
AcDbEntity
  8
WALLS
100
AcDbPolyline
 90
5
 70
0
 10
8.343762168093445
 20
8.008123277042332
 10
8.241919487891106
 20
8.132808095525329
 10
8.203195429517283
 20
8.101178247231973
 10
8.305038109719622
 20
7.976493428748975
 10
8.343762168093445
 20
8.008123277042332
  0
LWPOLYLINE
  5
260
330
17
100
AcDbEntity
  8
WALLS
100
AcDbPolyline
 90
5
 70
0
 10
8.255963723849263
 20
8.113197248859858
 10
8.170758299713725
 20
8.249698274636067
 10
8.128343348250269
 20
8.223222400857235
 10
8.213548772385806
 20
8.086721375081027
 10
8.255963723849263
 20
8.113197248859858
  0
LWPOLYLINE
  5
261
330
17
100
AcDbEntity
  8
WALLS
100
AcDbPolyline
 90
5
 70
0
 10
8.18221712860593
 20
8.228002090279466
 10
8.117520408550824
 20
8.375326104475482
 10
8.07174025289304
 20
8.35522194202217
 10
8.136436972948147
 20
8.207897927826155
 10
8.18221712860593
 20
8.228002090279466
  0
LWPOLYLINE
  5
262
330
17
100
AcDbEntity
  8
WALLS
100
AcDbPolyline
 90
5
 70
0
 10
8.12576483326712
 20
8.352388349651342
 10
8.08185809913605
 20
8.507223436523958
 10
8.033754761983001
 20
8.493582727057802
 10
8.077661496114072
 20
8.338747640185186
 10
8.12576483326712
 20
8.352388349651342
  0
LWPOLYLINE
  5
263
330
17
100
AcDbEntity
  8
WALLS
100
AcDbPolyline
 90
5
 70
0
 10
8.08624906966177
 20
8.48134522400008
 10
8.076687945147237
 20
8.641565385128278
 10
8.026776735461736
 20
8.638586937927165
 10
8.03633785997627
 20
8.478366776798968
 10
8.08624906966177
 20
8.48134522400008
  0
LWPOLYLINE
  5
264
330
17
100
AcDbEntity
  8
WALLS
100
AcDbPolyline
 90
5
 70
0
 10
8.077397710409551
 20
8.619222393811992
 10
8.076753426683235
 20
8.780293325391764
 10
8.026753826678435
 20
8.780093326991746
 10
8.027398110404752
 20
8.619022395411974
 10
8.077397710409551
 20
8.619222393811992
  0
LWPOLYLINE
  5
265
330
17
100
AcDbEntity
  8
WALLS
100
AcDbPolyline
 90
5
 70
0
 10
8.076844885777628
 20
8.759301958845466
 10
8.076085604294093
 20
8.92037232972945
 10
8.026086159823524
 20
8.920136633665887
 10
8.02684544130706
 20
8.759066262781904
 10
8.076844885777628
 20
8.759301958845466
  0
LWPOLYLINE
  5
266
330
17
100
AcDbEntity
  8
WALLS
100
AcDbPolyline
 90
5
 70
0
 10
8.076177218922721
 20
8.899345265519607
 10
8.075532935196401
 20
9.060416197099379
 10
8.025533335191602
 20
9.060216198699358
 10
8.026177618917922
 20
8.899145267119586
 10
8.076177218922721
 20
8.899345265519607
  0
LWPOLYLINE
  5
267
330
17
100
AcDbEntity
  8
WALLS
100
AcDbPolyline
 90
5
 70
0
 10
8.075624394290783
 20
9.039424830557058
 10
8.074865112807492
 20
9.200495201380077
 10
8.024865668336924
 20
9.200259505316504
 10
8.025624949820214
 20
9.039189134493485
 10
8.075624394290783
 20
9.039424830557058
  0
LWPOLYLINE
  5
268
330
17
100
AcDbEntity
  8
WALLS
100
AcDbPolyline
 90
5
 70
0
 10
8.074956727436101
 20
9.179468137174204
 10
8.074312443709784
 20
9.340539068753976
 10
8.024312843704985
 20
9.34033907035396
 10
8.024957127431302
 20
9.179268138774187
 10
8.074956727436101
 20
9.179468137174204
  0
LWPOLYLINE
  5
269
330
17
100
AcDbEntity
  8
WALLS
100
AcDbPolyline
 90
5
 70
0
 10
8.07440319134028
 20
9.319545986750422
 10
8.0736549418353
 20
9.480616406494756
 10
8.02365548133881
 20
9.480384134972615
 10
8.02440373084379
 20
9.319313715228281
 10
8.07440319134028
 20
9.319545986750422
  0
LWPOLYLINE
  5
26A
330
17
100
AcDbEntity
  8
WALLS
100
AcDbPolyline
 90
5
 70
0
 10
8.0737465415432
 20
9.459592766838437
 10
8.07309122583881
 20
9.62066364943535
 10
8.023091639649488
 20
9.620460226485687
 10
8.023746955353877
 20
9.459389343888773
 10
8.0737465415432
 20
9.459592766838437
  0
LWPOLYLINE
  5
26B
330
17
100
AcDbEntity
  8
WALLS
100
AcDbPolyline
 90
5
 70
0
 10
8.073180495566762
 20
9.59966354430766
 10
8.072466414260058
 20
9.760734129539806
 10
8.022466905616282
 20
9.76051246451999
 10
8.023180986922986
 20
9.599441879287845
 10
8.073180495566762
 20
9.59966354430766
  0
LWPOLYLINE
  5
26C
330
17
100
AcDbEntity
  8
WALLS
100
AcDbPolyline
 90
5
 70
0
 10
8.072557997449064
 20
9.739721167977244
 10
8.071868053558052
 20
9.900791882174133
 10
8.021868512257704
 20
9.900577709919133
 10
8.022558456148715
 20
9.739506995722245
 10
8.072557997449064
 20
9.739721167977244
  0
LWPOLYLINE
  5
26D
330
17
100
AcDbEntity
  8
WALLS
100
AcDbPolyline
 90
5
 70
0
 10
8.071956641379572
 20
9.879779274697114
 10
8.071288456997166
 20
10.040850089922504
 10
8.021288887219875
 20
10.04064267226211
 10
8.02195707160228
 20
9.87957185703672
 10
8.071956641379572
 20
9.879779274697114
  0
LWPOLYLINE
  5
26E
330
17
100
AcDbEntity
  8
WALLS
100
AcDbPolyline
 90
5
 70
0
 10
8.071379948417132
 20
10.01985130412759
 10
8.070644567589973
 20
10.180921791292695
 10
8.02064508869574
 20
10.180693514475545
 10
8.0213804695229
 20
10.01962302731044
 10
8.071379948417132
 20
10.01985130412759
  0
LWPOLYLINE
  5
26F
330
17
100
AcDbEntity
  8
WALLS
100
AcDbPolyline
 90
5
 70
0
 10
8.070734606268308
 20
10.159898429122503
 10
8.070090322541992
 20
10.320969360702279
 10
8.020090722537192
 20
10.320769362302261
 10
8.020735006263509
 20
10.159698430722486
 10
8.070734606268308
 20
10.159898429122503
  0
LWPOLYLINE
  5
270
330
17
100
AcDbEntity
  8
WALLS
100
AcDbPolyline
 90
5
 70
0
 10
8.070181781636384
 20
10.299977994157127
 10
8.069422500152916
 20
10.461048365023549
 10
8.019423055682347
 20
10.460812668959983
 10
8.020182337165815
 20
10.29974229809356
 10
8.070181781636384
 20
10.299977994157127
  0
LWPOLYLINE
  5
271
330
17
100
AcDbEntity
  8
WALLS
100
AcDbPolyline
 90
5
 70
0
 10
8.069514114781539
 20
10.440021300814848
 10
8.068869831055222
 20
10.601092232394624
 10
8.018870231050423
 20
10.600892233994607
 10
8.01951451477674
 20
10.439821302414831
 10
8.069514114781539
 20
10.440021300814848
  0
LWPOLYLINE
  5
272
330
17
100
AcDbEntity
  8
WALLS
100
AcDbPolyline
 90
5
 70
0
 10
8.068961290149598
 20
10.580100865853451
 10
8.068202008666375
 20
10.74117123665899
 10
8.018202564195807
 20
10.74093554059541
 10
8.01896184567903
 20
10.579865169789871
 10
8.068961290149598
 20
10.580100865853451
  0
LWPOLYLINE
  5
273
330
17
100
AcDbEntity
  8
WALLS
100
AcDbPolyline
 90
5
 70
0
 10
8.068293623294982
 20
10.720144172454257
 10
8.067649339568662
 20
10.881215104034029
 10
8.017649739563863
 20
10.881015105634008
 10
8.018294023290183
 20
10.719944174054236
 10
8.068293623294982
 20
10.720144172454257
  0
LWPOLYLINE
  5
274
330
17
100
AcDbEntity
  8
WALLS
100
AcDbPolyline
 90
5
 70
0
 10
8.067739360506327
 20
10.860220269396546
 10
8.067002377243824
 20
11.021290750389792
 10
8.017002900623108
 20
11.021061976146516
 10
8.01773988388561
 20
10.85999149515327
 10
8.067739360506327
 20
10.860220269396546
  0
LWPOLYLINE
  5
275
330
17
100
AcDbEntity
  8
WALLS
100
AcDbPolyline
 90
5
 70
0
 10
8.06709396171411
 20
11.00027060801588
 10
8.066427379767319
 20
11.161341429346502
 10
8.01642780792898
 20
11.161134509113156
 10
8.017094389875773
 20
11.000063687782534
 10
8.06709396171411
 20
11.00027060801588
  0
LWPOLYLINE
  5
276
330
17
100
AcDbEntity
  8
WALLS
100
AcDbPolyline
 90
5
 70
0
 10
8.066515995733958
 20
11.140336215444227
 10
8.065823539745555
 20
11.301406917960568
 10
8.015824001791575
 20
11.30119196589956
 10
8.016516457779979
 20
11.14012126338322
 10
8.066515995733958
 20
11.140336215444227
  0
LWPOLYLINE
  5
277
330
17
100
AcDbEntity
  8
WALLS
100
AcDbPolyline
 90
5
 70
0
 10
8.06591506399275
 20
11.280400597776863
 10
8.065203954772104
 20
11.441471197522384
 10
8.015204442046654
 20
11.441250455098979
 10
8.0159155512673
 20
11.280179855353458
 10
8.06591506399275
 20
11.280400597776863
  0
LWPOLYLINE
  5
278
330
17
100
AcDbEntity
  8
WALLS
100
AcDbPolyline
 90
5
 70
0
 10
8.065293238829089
 20
11.420453630163948
 10
8.064635869146695
 20
11.5815245022016
 10
8.0146362855555
 20
11.581320441653784
 10
8.015293655237894
 20
11.420249569616132
 10
8.065293238829089
 20
11.420453630163948
  0
LWPOLYLINE
  5
279
330
17
100
AcDbEntity
  8
WALLS
100
AcDbPolyline
 90
5
 70
0
 10
8.064727345939726
 20
11.560529073529409
 10
8.063981150413323
 20
11.721599503691024
 10
8.013981686958953
 20
11.721367869765945
 10
8.014727882485357
 20
11.56029743960433
 10
8.064727345939726
 20
11.560529073529409
  0
LWPOLYLINE
  5
27A
330
17
100
AcDbEntity
  8
WALLS
100
AcDbPolyline
 90
5
 70
0
 10
8.064071902267536
 20
11.700574467044246
 10
8.06342761622723
 20
11.86164539861476
 10
8.013428016225305
 20
11.861445399496434
 10
8.01407230226561
 20
11.70037446792592
 10
8.064071902267536
 20
11.700574467044246
  0
LWPOLYLINE
  5
27B
330
17
100
AcDbEntity
  8
WALLS
100
AcDbPolyline
 90
5
 70
0
 10
8.063555588850898
 20
11.840742573651726
 10
8.062227667136197
 20
12.001808612888924
 10
8.01222936637672
 20
12.001396397939137
 10
8.013557288091421
 20
11.840330358701939
 10
8.063555588850898
 20
11.840742573651726
  0
LWPOLYLINE
  5
27C
330
17
100
AcDbEntity
  8
WALLS
100
AcDbPolyline
 90
5
 70
0
 10
8.062487506669376
 20
11.981013581675843
 10
8.059790509645039
 20
12.142062927104604
 10
8.009797519219946
 20
12.14122572440716
 10
8.012494516244283
 20
11.980176378978399
 10
8.062487506669376
 20
11.981013581675843
  0
LWPOLYLINE
  5
27D
330
17
100
AcDbEntity
  8
WALLS
100
AcDbPolyline
 90
5
 70
0
 10
8.059935963008767
 20
12.120556962180805
 10
8.060454428970763
 20
12.281613186135262
 10
8.010454688043735
 20
12.281774143365867
 10
8.00993622208174
 20
12.12071791941141
 10
8.059935963008767
 20
12.120556962180805
  0
LWPOLYLINE
  5
27E
330
17
100
AcDbEntity
  8
WALLS
100
AcDbPolyline
 90
5
 70
0
 10
8.059229652085731
 20
12.258219723050463
 10
8.075522375278782
 20
12.418277258421188
 10
8.025779424318985
 20
12.42334073843115
 10
8.009486701125935
 20
12.263283203060425
 10
8.059229652085731
 20
12.258219723050463
  0
LWPOLYLINE
  5
27F
330
17
100
AcDbEntity
  8
WALLS
100
AcDbPolyline
 90
5
 70
0
 10
8.069819133919614
 20
12.392331713688638
 10
8.122079464450502
 20
12.544174685134504
 10
8.074801293549397
 20
12.560446579807405
 10
8.022540963018509
 20
12.408603608361538
 10
8.069819133919614
 20
12.392331713688638
  0
LWPOLYLINE
  5
280
330
17
100
AcDbEntity
  8
WALLS
100
AcDbPolyline
 90
5
 70
0
 10
8.11139471678334
 20
12.520786422817684
 10
8.192133648251554
 20
12.660053467961761
 10
8.1488772428588
 20
12.685131015539179
 10
8.068138311390586
 20
12.545863970395102
 10
8.11139471678334
 20
12.520786422817684
  0
LWPOLYLINE
  5
281
330
17
100
AcDbEntity
  8
WALLS
100
AcDbPolyline
 90
5
 70
0
 10
8.177618416011452
 20
12.639393778667126
 10
8.281085555815459
 20
12.762317241758515
 10
8.242832736041318
 20
12.794515405981452
 10
8.139365596237312
 20
12.671591942890062
 10
8.177618416011452
 20
12.639393778667126
  0
LWPOLYLINE
  5
282
330
17
100
AcDbEntity
  8
WALLS
100
AcDbPolyline
 90
5
 70
0
 10
8.260851994480525
 20
12.74388937162275
 10
8.39277609031511
 20
12.835356367572977
 10
8.364287188562322
 20
12.876446299148974
 10
8.232363092727738
 20
12.784979303198746
 10
8.260851994480525
 20
12.74388937162275
  0
LWPOLYLINE
  5
283
330
17
100
AcDbEntity
  8
WALLS
100
AcDbPolyline
 90
5
 70
0
 10
8.368468196813339
 20
12.822868127367794
 10
8.519782266863203
 20
12.876910328685444
 10
8.502965043520334
 20
12.923997280158606
 10
8.35165097347047
 20
12.869955078840956
 10
8.368468196813339
 20
12.822868127367794
  0
LWPOLYLINE
  5
284
330
17
100
AcDbEntity
  8
WALLS
100
AcDbPolyline
 90
5
 70
0
 10
8.4941148986044
 20
12.870844475570903
 10
8.65377980641618
 20
12.890290482883673
 10
8.647734844217661
 20
12.939923722068906
 10
8.48806993640588
 20
12.920477714756137
 10
8.4941148986044
 20
12.870844475570903
  0
LWPOLYLINE
  5
285
330
17
100
AcDbEntity
  8
WALLS
100
AcDbPolyline
 90
5
 70
0
 10
8.62948324301537
 20
12.888992389849014
 10
8.790512577957147
 20
12.886678221317853
 10
8.791231058722824
 20
12.93667305890524
 10
8.630201723781047
 20
12.938987227436401
 10
8.62948324301537
 20
12.888992389849014
  0
LWPOLYLINE
  5
286
330
17
100
AcDbEntity
  8
WALLS
100
AcDbPolyline
 90
5
 70
0
 10
8.769444346109593
 20
12.887007640540082
 10
8.93049201953714
 20
12.884285868687703
 10
8.931336919428015
 20
12.934278729619786
 10
8.770289246000468
 20
12.937000501472165
 10
8.769444346109593
 20
12.887007640540082
  0
LWPOLYLINE
  5
287
330
17
100
AcDbEntity
  8
WALLS
100
AcDbPolyline
 90
5
 70
0
 10
8.908193422440004
 20
12.88525356306591
 10
9.068779057627204
 20
12.874017528338333
 10
9.072268981023473
 20
12.923895583980952
 10
8.911683345836273
 20
12.93513161870853
 10
8.908193422440004
 20
12.88525356306591
  0
LWPOLYLINE
  5
288
330
17
100
AcDbEntity
  8
WALLS
100
AcDbPolyline
 90
5
 70
0
 10
9.04346395491264
 20
12.878259087122844
 10
9.198340923232609
 20
12.836650324782584
 10
9.211313755948373
 20
12.884938062473728
 10
9.056436787628405
 20
12.926546824813988
 10
9.04346395491264
 20
12.878259087122844
  0
LWPOLYLINE
  5
289
330
17
100
AcDbEntity
  8
WALLS
100
AcDbPolyline
 90
5
 70
0
 10
9.170881773181108
 20
12.850671098799578
 10
9.29475245021153
 20
12.750009675034969
 10
9.32628519450633
 20
12.78881284548841
 10
9.202414517475908
 20
12.88947426925302
 10
9.170881773181108
 20
12.850671098799578
  0
LWPOLYLINE
  5
28A
330
17
100
AcDbEntity
  8
WALLS
100
AcDbPolyline
 90
5
 70
0
 10
9.275682379613055
 20
12.771633705599688
 10
9.360752614901891
 20
12.635294552002
 10
9.403172337917212
 20
12.661762780112385
 10
9.318102102628377
 20
12.798101933710074
 10
9.275682379613055
 20
12.771633705599688
  0
LWPOLYLINE
  5
28B
330
17
100
AcDbEntity
  8
WALLS
100
AcDbPolyline
 90
5
 70
0
 10
9.349306676325112
 20
12.656735091745475
 10
9.41540884527645
 20
12.509891384738896
 10
9.461002305761829
 20
12.530415428223755
 10
9.39490013681049
 20
12.677259135230333
 10
9.349306676325112
 20
12.656735091745475
  0
LWPOLYLINE
  5
28C
330
17
100
AcDbEntity
  8
WALLS
100
AcDbPolyline
 90
5
 70
0
 10
9.406906688090132
 20
12.532329508880677
 10
9.45466394849554
 20
12.378688836972318
 10
9.50241049343746
 20
12.393530246814693
 10
9.454653233032051
 20
12.547170918723053
 10
9.406906688090132
 20
12.532329508880677
  0
LWPOLYLINE
  5
28D
330
17
100
AcDbEntity
  8
WALLS
100
AcDbPolyline
 90
5
 70
0
 10
9.449211741037189
 20
12.40306666879216
 10
9.471460177150863
 20
12.243697498537802
 10
9.520979959202649
 20
12.250610615457365
 10
9.498731523088974
 20
12.409979785711723
 10
9.449211741037189
 20
12.40306666879216
  0
LWPOLYLINE
  5
28E
330
17
100
AcDbEntity
  8
WALLS
100
AcDbPolyline
 90
5
 70
0
 10
9.46941901599695
 20
12.26717478280727
 10
9.475018506135823
 20
12.10623079575376
 10
9.52498827228858
 20
12.10796932117454
 10
9.519388782149706
 20
12.26891330822805
 10
9.46941901599695
 20
12.26717478280727
  0
LWPOLYLINE
  5
28F
330
17
100
AcDbEntity
  8
WALLS
100
AcDbPolyline
 90
5
 70
0
 10
9.474638030035855
 20
12.128100614350583
 10
9.474640713987508
 20
11.967029690264937
 10
9.524640713980567
 20
11.967030523423269
 10
9.524638030028914
 20
12.128101447508914
 10
9.474638030035855
 20
12.128100614350583
  0
LWPOLYLINE
  5
290
330
17
100
AcDbEntity
  8
WALLS
100
AcDbPolyline
 90
5
 70
0
 10
9.474654314057318
 20
11.988072137557557
 10
9.47444342421208
 20
11.827000485587375
 10
9.524443381355987
 20
11.826935021037313
 10
9.524654271201225
 20
11.988006673007495
 10
9.474654314057318
 20
11.988072137557557
  0
LWPOLYLINE
  5
291
330
17
100
AcDbEntity
  8
WALLS
100
AcDbPolyline
 90
5
 70
0
 10
9.474426096349012
 20
11.847902904961838
 10
9.474904039087592
 20
11.686831449242312
 10
9.524903818971543
 20
11.68697981216372
 10
9.524425876232963
 20
11.848051267883246
 10
9.474426096349012
 20
11.847902904961838
  0
LWPOLYLINE
  5
292
330
17
100
AcDbEntity
  8
WALLS
100
AcDbPolyline
 90
5
 70
0
 10
9.474839536479701
 20
11.70783557852578
 10
9.475350877822917
 20
11.54676423364315
 10
9.525350625868503
 20
11.546922964163125
 10
9.524839284525287
 20
11.707994309045754
 10
9.474839536479701
 20
11.70783557852578
  0
LWPOLYLINE
  5
293
330
17
100
AcDbEntity
  8
WALLS
100
AcDbPolyline
 90
5
 70
0
 10
9.475282415787428
 20
11.567769300113854
 10
9.475821037260948
 20
11.406698035586556
 10
9.52582075770576
 20
11.406865234392503
 10
9.52528213623224
 20
11.567936498919801
 10
9.475282415787428
 20
11.567769300113854
  0
LWPOLYLINE
  5
294
330
17
100
AcDbEntity
  8
WALLS
100
AcDbPolyline
 90
5
 70
0
 10
9.475756444338698
 20
11.427720922668042
 10
9.47620760816436
 20
11.266649391135067
 10
9.526207412023345
 20
11.26678944135112
 10
9.525756248197682
 20
11.427860972884096
 10
9.475756444338698
 20
11.427720922668042
  0
LWPOLYLINE
  5
295
330
17
100
AcDbEntity
  8
WALLS
100
AcDbPolyline
 90
5
 70
0
 10
9.47614553238782
 20
11.287650973694737
 10
9.476646547811393
 20
11.126579598145392
 10
9.52664630593008
 20
11.126735123296319
 10
9.526145290506507
 20
11.287806498845663
 10
9.47614553238782
 20
11.287650973694737
  0
LWPOLYLINE
  5
296
330
17
100
AcDbEntity
  8
WALLS
100
AcDbPolyline
 90
5
 70
0
 10
9.476582055447352
 20
11.147590966949718
 10
9.477069826188707
 20
10.986519541728786
 10
9.527069596927007
 20
10.986670955458486
 10
9.526581826185652
 20
11.147742380679418
 10
9.476582055447352
 20
11.147590966949718
  0
LWPOLYLINE
  5
297
330
17
100
AcDbEntity
  8
WALLS
100
AcDbPolyline
 90
5
 70
0
 10
9.477002038035033
 20
11.00751885299017
 10
9.477554180186127
 20
10.846447642220447
 10
9.527553886419716
 20
10.846619038121812
 10
9.527001744268622
 20
11.007690248891535
 10
9.477002038035033
 20
11.00751885299017
  0
LWPOLYLINE
  5
298
330
17
100
AcDbEntity
  8
WALLS
100
AcDbPolyline
 90
5
 70
0
 10
9.477488983773245
 20
10.867473308760161
 10
9.477935742268674
 20
10.706401767010313
 10
9.527935549939347
 20
10.706540449726106
 10
9.527488791443918
 20
10.867611991475954
 10
9.477488983773245
 20
10.867473308760161
  0
LWPOLYLINE
  5
299
330
17
100
AcDbEntity
  8
WALLS
100
AcDbPolyline
 90
5
 70
0
 10
9.477873045670945
 20
10.727400482013397
 10
9.47838812044282
 20
10.566329142135903
 10
9.528387864795826
 20
10.566489031579525
 10
9.52787279002395
 20
10.72756037145702
 10
9.477873045670945
 20
10.727400482013397
  0
LWPOLYLINE
  5
29A
330
17
100
AcDbEntity
  8
WALLS
100
AcDbPolyline
 90
5
 70
0
 10
9.478324204899954
 20
10.587346291207139
 10
9.47878880312806
 20
10.426274806999176
 10
9.528788595132015
 20
10.426419027528867
 10
9.528323996903909
 20
10.58749051173683
 10
9.478324204899954
 20
10.587346291207139
  0
LWPOLYLINE
  5
29B
330
17
100
AcDbEntity
  8
WALLS
100
AcDbPolyline
 90
5
 70
0
 10
9.478727246738355
 20
10.447281836237957
 10
9.479206616162365
 20
10.286210385097538
 10
9.529206394730235
 20
10.286359190890762
 10
9.528727025306225
 20
10.44743064203118
 10
9.478727246738355
 20
10.447281836237957
  0
LWPOLYLINE
  5
29C
330
17
100
AcDbEntity
  8
WALLS
100
AcDbPolyline
 90
5
 70
0
 10
9.479140858599655
 20
10.30721194683334
 10
9.479670143756676
 20
10.146140657577524
 10
9.529669873808965
 20
10.146304958211696
 10
9.529140588651943
 20
10.307376247467511
 10
9.479140858599655
 20
10.30721194683334
  0
LWPOLYLINE
  5
29D
330
17
100
AcDbEntity
  8
WALLS
100
AcDbPolyline
 90
5
 70
0
 10
9.479601715340886
 20
10.16715141845137
 10
9.480121592976063
 20
10.006080096484508
 10
9.530121332539212
 20
10.006241476834814
 10
9.529601454904034
 20
10.167312798801676
 10
9.479601715340886
 20
10.16715141845137
  0
LWPOLYLINE
  5
29E
330
17
100
AcDbEntity
  8
WALLS
100
AcDbPolyline
 90
5
 70
0
 10
9.480058279732905
 20
10.027100192442775
 10
9.480508707320947
 20
9.866028659568707
 10
9.530508511819558
 20
9.866168481242601
 10
9.530058084231516
 20
10.02724001411667
 10
9.480058279732905
 20
10.027100192442775
  0
LWPOLYLINE
  5
29F
330
17
100
AcDbEntity
  8
WALLS
100
AcDbPolyline
 90
5
 70
0
 10
9.480446580432048
 20
9.887029889164463
 10
9.48094913210965
 20
9.725958518800908
 10
9.53094888874271
 20
9.726114520836024
 10
9.530446337065108
 20
9.887185891199579
 10
9.480446580432048
 20
9.887029889164463
  0
LWPOLYLINE
  5
2A0
330
17
100
AcDbEntity
  8
WALLS
100
AcDbPolyline
 90
5
 70
0
 10
9.48088185169346
 20
9.7469636733818
 10
9.481411136850006
 20
9.58589238424577
 10
9.531410866902295
 20
9.586056684879917
 10
9.53088158174575
 20
9.747127974015946
 10
9.48088185169346
 20
9.7469636733818
  0
LWPOLYLINE
  5
2A1
330
17
100
AcDbEntity
  8
WALLS
100
AcDbPolyline
 90
5
 70
0
 10
9.481343399520071
 20
9.606904804261996
 10
9.481852599328018
 20
9.445833453956967
 10
9.531852349479593
 20
9.445991519703147
 10
9.531343149671645
 20
9.607062870008177
 10
9.481343399520071
 20
9.606904804261996
  0
LWPOLYLINE
  5
2A2
330
17
100
AcDbEntity
  8
WALLS
100
AcDbPolyline
 90
5
 70
0
 10
9.481790173719533
 20
9.466852340411691
 10
9.482237730871924
 20
9.305780800931299
 10
9.532237537854337
 20
9.305919731566128
 10
9.531789980701946
 20
9.46699127104652
 10
9.481790173719533
 20
9.466852340411691
  0
LWPOLYLINE
  5
2A3
330
17
100
AcDbEntity
  8
WALLS
100
AcDbPolyline
 90
5
 70
0
 10
9.482174934159927
 20
9.326779525191824
 10
9.482690745694748
 20
9.165708188393033
 10
9.53269048931587
 20
9.165868306543228
 10
9.532174677781049
 20
9.326939643342019
 10
9.482174934159927
 20
9.326779525191824
  0
LWPOLYLINE
  5
2A4
330
17
100
AcDbEntity
  8
WALLS
100
AcDbPolyline
 90
5
 70
0
 10
9.48262688125338
 20
9.18672569035356
 10
9.483089943021424
 20
9.025654202111602
 10
9.533089736398823
 20
9.025797945693883
 10
9.532626674630778
 20
9.186869433935842
 10
9.48262688125338
 20
9.18672569035356
  0
LWPOLYLINE
  5
2A5
330
17
100
AcDbEntity
  8
WALLS
100
AcDbPolyline
 90
5
 70
0
 10
9.483023777727846
 20
9.046649683956684
 10
9.483575918552491
 20
8.88557845278427
 10
9.533575624787565
 20
8.885749848252171
 10
9.53302348396292
 20
9.046821079424586
 10
9.483023777727846
 20
9.046649683956684
  0
LWPOLYLINE
  5
2A6
330
17
100
AcDbEntity
  8
WALLS
100
AcDbPolyline
 90
5
 70
0
 10
9.483509997696485
 20
8.9066023820766
 10
9.48396794040894
 20
8.74553087799897
 10
9.533967738329443
 20
8.745673032523527
 10
9.533509795616988
 20
8.906744536601156
 10
9.483509997696485
 20
8.9066023820766
  0
LWPOLYLINE
  5
2A7
330
17
100
AcDbEntity
  8
WALLS
100
AcDbPolyline
 90
5
 70
0
 10
9.483904248612156
 20
8.766530699701361
 10
9.484423354936432
 20
8.60545937530952
 10
9.534423095271798
 20
8.605620516229658
 10
9.533903988947522
 20
8.7666918406215
 10
9.483904248612156
 20
8.766530699701361
  0
LWPOLYLINE
  5
2A8
330
17
100
AcDbEntity
  8
WALLS
100
AcDbPolyline
 90
5
 70
0
 10
9.484360143813706
 20
8.626479475026516
 10
9.484809777507447
 20
8.465407940684981
 10
9.53480958269461
 20
8.465547515918958
 10
9.53435994900087
 20
8.626619050260492
 10
9.484360143813706
 20
8.626479475026516
  0
LWPOLYLINE
  5
2A9
330
17
100
AcDbEntity
  8
WALLS
100
AcDbPolyline
 90
5
 70
0
 10
9.48474760141945
 20
8.486408803878714
 10
9.48525171829678
 20
8.325337438774934
 10
9.535251473411538
 20
8.325493926679531
 10
9.534747356534208
 20
8.486565291783311
 10
9.48474760141945
 20
8.486408803878714
  0
LWPOLYLINE
  5
2AA
330
17
100
AcDbEntity
  8
WALLS
100
AcDbPolyline
 90
5
 70
0
 10
9.48518433504324
 20
8.3463428359371
 10
9.485713620199142
 20
8.185271546961399
 10
9.53571335025143
 20
8.18543584759551
 10
9.535184065095528
 20
8.346507136571212
 10
9.48518433504324
 20
8.3463428359371
  0
LWPOLYLINE
  5
2AB
330
17
100
AcDbEntity
  8
WALLS
100
AcDbPolyline
 90
5
 70
0
 10
9.48564597529472
 20
8.20628418882828
 10
9.48615374718408
 20
8.045212834928902
 10
9.536153498734961
 20
8.045370457421653
 10
9.535645726845601
 20
8.20644181132103
 10
9.48564597529472
 20
8.20628418882828
  0
LWPOLYLINE
  5
2AC
330
17
100
AcDbEntity
  8
WALLS
100
AcDbPolyline
 90
5
 70
0
 10
9.486091365492944
 20
8.066231380282684
 10
9.486539692991114
 20
7.905159842999531
 10
9.536539499308502
 20
7.905299012765049
 10
9.536091171810332
 20
8.066370550048202
 10
9.486091365492944
 20
8.066231380282684
  0
LWPOLYLINE
  5
2AD
330
17
100
AcDbEntity
  8
WALLS
100
AcDbPolyline
 90
5
 70
0
 10
9.486476784483328
 20
7.926158539602516
 10
9.486993541992108
 20
7.765087206707517
 10
9.536993284671988
 20
7.765247618507696
 10
9.536476527163208
 20
7.926318951402695
 10
9.486476784483328
 20
7.926158539602516
  0
LWPOLYLINE
  5
2AE
330
17
100
AcDbEntity
  8
WALLS
100
AcDbPolyline
 90
5
 70
0
 10
9.486925328132205
 20
7.7860945636950945
 10
9.487454613286772
 20
7.625023275054316
 10
9.53745434333906
 20
7.625187575688354
 10
9.536925058184494
 20
7.786258864329133
 10
9.486925328132205
 20
7.7860945636950945
  0
LWPOLYLINE
  5
2AF
330
17
100
AcDbEntity
  8
WALLS
100
AcDbPolyline
 90
5
 70
0
 10
9.487388494346146
 20
7.646039580629145
 10
9.487872695389207
 20
7.484968145523267
 10
9.537872469470887
 20
7.485118451148516
 10
9.537388268427826
 20
7.646189886254394
 10
9.487388494346146
 20
7.646039580629145
  0
LWPOLYLINE
  5
2B0
330
17
100
AcDbEntity
  8
WALLS
100
AcDbPolyline
 90
5
 70
0
 10
9.487811146813735
 20
7.505981321231342
 10
9.488270517507432
 20
7.344909822146803
 10
9.538270314165695
 20
7.345052419945956
 10
9.537810943471998
 20
7.506123919030495
 10
9.487811146813735
 20
7.505981321231342
  0
LWPOLYLINE
  5
2B1
330
17
100
AcDbEntity
  8
WALLS
100
AcDbPolyline
 90
5
 70
0
 10
9.488206780009556
 20
7.365909980571371
 10
9.488725143733866
 20
7.204838653854192
 10
9.538724884811622
 20
7.204999564256608
 10
9.53820652108731
 20
7.366070890973787
 10
9.488206780009556
 20
7.365909980571371
  0
LWPOLYLINE
  5
2B2
330
17
100
AcDbEntity
  8
WALLS
100
AcDbPolyline
 90
5
 70
0
 10
9.488656122414497
 20
7.225844573503059
 10
9.48919625582269
 20
7.0647733228750536
 10
9.539195974695815
 20
7.064940991024759
 10
9.538655841287621
 20
7.226012241652764
 10
9.488656122414497
 20
7.225844573503059
  0
LWPOLYLINE
  5
2B3
330
17
100
AcDbEntity
  8
WALLS
100
AcDbPolyline
 90
5
 70
0
 10
9.489130945441287
 20
7.085794960391048
 10
9.489591650599204
 20
6.924723465916809
 10
9.539591446074338
 20
6.924866477960904
 10
9.539130740916422
 20
7.0859379724351435
 10
9.489130945441287
 20
7.085794960391048
  0
LWPOLYLINE
  5
2B4
330
17
100
AcDbEntity
  8
WALLS
100
AcDbPolyline
 90
5
 70
0
 10
9.489530118648647
 20
6.945729336679044
 10
9.490013058403944
 20
6.784657897069314
 10
9.540012833661079
 20
6.784807811165109
 10
9.539529893905781
 20
6.945879250774839
 10
9.489530118648647
 20
6.945729336679044
  0
LWPOLYLINE
  5
2B5
330
17
100
AcDbEntity
  8
WALLS
100
AcDbPolyline
 90
5
 70
0
 10
9.489948551054919
 20
6.805663577349584
 10
9.490454895034755
 20
6.644592219873228
 10
9.540454647981004
 20
6.644749399115362
 10
9.539948304001168
 20
6.805820756591718
 10
9.489948551054919
 20
6.805663577349584
  0
LWPOLYLINE
  5
2B6
330
17
100
AcDbEntity
  8
WALLS
100
AcDbPolyline
 90
5
 70
0
 10
9.490392559092156
 20
6.665610428522893
 10
9.490841628639673
 20
6.50453889336544
 10
9.54084143431538
 20
6.504678293477873
 10
9.540392364767863
 20
6.665749828635326
 10
9.490392559092156
 20
6.665610428522893
  0
LWPOLYLINE
  5
2B7
330
17
100
AcDbEntity
  8
WALLS
100
AcDbPolyline
 90
5
 70
0
 10
9.49084498158974
 20
6.5256954128198394
 10
9.490344858191856
 20
6.364625968064452
 10
9.540344617165301
 20
6.36447071795237
 10
9.540844740563186
 20
6.525540162707758
 10
9.49084498158974
 20
6.5256954128198394
  0
LWPOLYLINE
  5
2B8
330
17
100
AcDbEntity
  8
WALLS
100
AcDbPolyline
 90
5
 70
0
 10
9.49044859229062
 20
6.385725531998795
 10
9.489364953506184
 20
6.224657015339331
 10
9.53936382195806
 20
6.224320632325717
 10
9.540447460742497
 20
6.385389148985181
 10
9.49044859229062
 20
6.385725531998795
  0
LWPOLYLINE
  5
2B9
330
17
100
AcDbEntity
  8
WALLS
100
AcDbPolyline
 90
5
 70
0
 10
9.489506150093275
 20
6.2456656074337475
 10
9.488424738912036
 20
6.084597077227264
 10
9.538423612011341
 20
6.084261385702983
 10
9.53950502319258
 20
6.245329915909466
 10
9.489506150093275
 20
6.2456656074337475
  0
LWPOLYLINE
  5
2BA
330
17
100
AcDbEntity
  8
WALLS
100
AcDbPolyline
 90
5
 70
0
 10
9.488565792544362
 20
6.1056060159483545
 10
9.487484381363265
 20
5.944537485764834
 10
9.53748325446257
 20
5.944201794240548
 10
9.538564665643667
 20
6.105270324424068
 10
9.488565792544362
 20
6.1056060159483545
  0
LWPOLYLINE
  5
2BB
330
17
100
AcDbEntity
  8
WALLS
100
AcDbPolyline
 90
5
 70
0
 10
9.487627894506332
 20
5.965552167465658
 10
9.486509373954132
 20
5.804483894358974
 10
9.536508168384685
 20
5.804136683340458
 10
9.537626688936886
 20
5.965204956447142
 10
9.487627894506332
 20
5.965552167465658
  0
LWPOLYLINE
  5
2BC
330
17
100
AcDbEntity
  8
WALLS
100
AcDbPolyline
 90
5
 70
0
 10
9.486651612254997
 20
5.8254842628296695
 10
9.485588256311603
 20
5.664415600337619
 10
9.535587166726808
 20
5.664085513542765
 10
9.536650522670202
 20
5.825154176034816
 10
9.486651612254997
 20
5.8254842628296695
  0
LWPOLYLINE
  5
2BD
330
17
100
AcDbEntity
  8
WALLS
100
AcDbPolyline
 90
5
 70
0
 10
9.485733801303997
 20
5.685440538634404
 10
9.484567168819417
 20
5.524372600416503
 10
9.534565857305655
 20
5.524010454511987
 10
9.535732489790234
 20
5.685078392729888
 10
9.485733801303997
 20
5.685440538634404
  0
LWPOLYLINE
  5
2BE
330
17
100
AcDbEntity
  8
WALLS
100
AcDbPolyline
 90
5
 70
0
 10
9.484714398401117
 20
5.54536993232946
 10
9.48362226740204
 20
5.3843014762708785
 10
9.533621118048835
 20
5.38396245709825
 10
9.534713249047911
 20
5.545030913156832
 10
9.484714398401117
 20
5.54536993232946
  0
LWPOLYLINE
  5
2BF
330
17
100
AcDbEntity
  8
WALLS
100
AcDbPolyline
 90
5
 70
0
 10
9.483764008926661
 20
5.4053087463312055
 10
9.482682597745638
 20
5.244240216160841
 10
9.532681470844944
 20
5.243904524636551
 10
9.533762882025966
 20
5.4049730548069155
 10
9.483764008926661
 20
5.4053087463312055
  0
LWPOLYLINE
  5
2C0
330
17
100
AcDbEntity
  8
WALLS
100
AcDbPolyline
 90
5
 70
0
 10
9.482823651377938
 20
5.2652491548772105
 10
9.481742240197054
 20
5.104180624729935
 10
9.53174111329636
 20
5.1038449332056395
 10
9.532822524477243
 20
5.264913463352915
 10
9.482823651377938
 20
5.2652491548772105
  0
LWPOLYLINE
  5
2C1
330
17
100
AcDbEntity
  8
WALLS
100
AcDbPolyline
 90
5
 70
0
 10
9.481884578863447
 20
5.125192564850348
 10
9.480783776446952
 20
4.9641241620099805
 10
9.530782608769648
 20
4.963782451069335
 10
9.531883411186143
 20
5.124850853909702
 10
9.481884578863447
 20
5.125192564850348
  0
LWPOLYLINE
  5
2C2
330
17
100
AcDbEntity
  8
WALLS
100
AcDbPolyline
 90
5
 70
0
 10
9.480924913678614
 20
4.9851273711137045
 10
9.47986102159425
 20
4.824058725408229
 10
9.529859930910256
 20
4.823728472157417
 10
9.53092382299462
 20
4.984797117862892
 10
9.480924913678614
 20
4.9851273711137045
  0
LWPOLYLINE
  5
2C3
330
17
100
AcDbEntity
  8
WALLS
100
AcDbPolyline
 90
5
 70
0
 10
9.480006408926048
 20
4.845083131051384
 10
9.478842671771261
 20
4.6840151767702825
 10
9.528841366759213
 20
4.683653929622716
 10
9.530005103914
 20
4.8447218839038175
 10
9.480006408926048
 20
4.845083131051384
  0
LWPOLYLINE
  5
2C4
330
17
100
AcDbEntity
  8
WALLS
100
AcDbPolyline
 90
5
 70
0
 10
9.478987490972008
 20
4.705007762955767
 10
9.477928940113644
 20
4.543939064061997
 10
9.527927860353989
 20
4.543610468870621
 10
9.528986411212353
 20
4.70467916776439
 10
9.478987490972008
 20
4.705007762955767
  0
LWPOLYLINE
  5
2C5
330
17
100
AcDbEntity
  8
WALLS
100
AcDbPolyline
 90
5
 70
0
 10
9.478072083127719
 20
4.56495986578571
 10
9.476937014489598
 20
4.403891708817662
 10
9.526935772983942
 20
4.403539360943444
 10
9.528070841622062
 20
4.564607517911492
 10
9.478072083127719
 20
4.56495986578571
  0
LWPOLYLINE
  5
2C6
330
17
100
AcDbEntity
  8
WALLS
100
AcDbPolyline
 90
5
 70
0
 10
9.477081193617435
 20
4.424891555365358
 10
9.476004560808283
 20
4.263822994630031
 10
9.526003443844425
 20
4.263488786404341
 10
9.527080076653577
 20
4.424557347139668
 10
9.477081193617435
 20
4.424891555365358
  0
LWPOLYLINE
  5
2C7
330
17
100
AcDbEntity
  8
WALLS
100
AcDbPolyline
 90
5
 70
0
 10
9.476145624399237
 20
4.284833416614567
 10
9.475059434849275
 20
4.123764917497273
 10
9.525058297967739
 20
4.1234277426745924
 10
9.526144487517701
 20
4.284496241791886
 10
9.476145624399237
 20
4.284833416614567
  0
LWPOLYLINE
  5
2C8
330
17
100
AcDbEntity
  8
WALLS
100
AcDbPolyline
 90
5
 70
0
 10
9.47520079512374
 20
4.144773112510931
 10
9.474119383945464
 20
3.9837045827985906
 10
9.524118257044769
 20
3.9833688912741985
 10
9.525199668223046
 20
4.144437420986538
 10
9.47520079512374
 20
4.144773112510931
  0
LWPOLYLINE
  5
2C9
330
17
100
AcDbEntity
  8
WALLS
100
AcDbPolyline
 90
5
 70
0
 10
9.474264548963022
 20
4.004723120262778
 10
9.473121115974235
 20
3.8436550135889185
 10
9.523119856103692
 20
3.843300069273483
 10
9.52426328909248
 20
4.0043681759473415
 10
9.474264548963022
 20
4.004723120262778
  0
LWPOLYLINE
  5
2CA
330
17
100
AcDbEntity
  8
WALLS
100
AcDbPolyline
 90
5
 70
0
 10
9.4732646335939
 20
3.8646507600282085
 10
9.472206082240668
 20
3.7035820794797596
 10
9.522205002479755
 20
3.703253484097349
 10
9.523263553832987
 20
3.864322164645798
 10
9.4732646335939
 20
3.8646507600282085
  0
LWPOLYLINE
  5
2CB
330
17
100
AcDbEntity
  8
WALLS
100
AcDbPolyline
 90
5
 70
0
 10
9.472350402614781
 20
3.724605627563518
 10
9.4711975816659
 20
3.5635375882599716
 10
9.521196301022256
 20
3.563179729734218
 10
9.522349121971137
 20
3.724247769037764
 10
9.472350402614781
 20
3.724605627563518
  0
LWPOLYLINE
  5
2CC
330
17
100
AcDbEntity
  8
WALLS
100
AcDbPolyline
 90
5
 70
0
 10
9.471342959303517
 20
3.584534812947596
 10
9.47026541608567
 20
3.4234662546848513
 10
9.520264297232018
 20
3.4231317638577137
 10
9.521341840449864
 20
3.5842003221204584
 10
9.471342959303517
 20
3.584534812947596
  0
LWPOLYLINE
  5
2CD
330
17
100
AcDbEntity
  8
WALLS
100
AcDbPolyline
 90
5
 70
0
 10
9.470406770903423
 20
3.444477078727928
 10
9.469317068269572
 20
3.283408606416949
 10
9.519315924021939
 20
3.283070341056751
 10
9.52040562665579
 20
3.44413881336773
 10
9.470406770903423
 20
3.444477078727928
  0
LWPOLYLINE
  5
2CE
330
17
100
AcDbEntity
  8
WALLS
100
AcDbPolyline
 90
5
 70
0
 10
9.469458653975142
 20
3.3044162544110818
 10
9.4683772427971
 20
3.1433477247375774
 10
9.518376115896405
 20
3.1430120332131772
 10
9.519457527074447
 20
3.3040805628866816
 10
9.469458653975142
 20
3.3044162544110818
  0
LWPOLYLINE
  5
2CF
330
17
100
AcDbEntity
  8
WALLS
100
AcDbPolyline
 90
5
 70
0
 10
9.468518296429007
 20
3.164356663389031
 10
9.467436885251114
 20
3.0032881337403015
 10
9.51743575835042
 20
3.002952442215895
 10
9.518517169528312
 20
3.1640209718646246
 10
9.468518296429007
 20
3.164356663389031
  0
LWPOLYLINE
  5
2D0
330
17
100
AcDbEntity
  8
WALLS
100
AcDbPolyline
 90
5
 70
0
 10
9.467579287713836
 20
3.0243002227991256
 10
9.46647752274679
 20
2.863231826496594
 10
9.516476353026516
 20
2.8628898167612262
 10
9.517578117993562
 20
3.0239582130637577
 10
9.467579287713836
 20
3.0243002227991256
  0
LWPOLYLINE
  5
2D1
330
17
100
AcDbEntity
  8
WALLS
100
AcDbPolyline
 90
5
 70
0
 10
9.466618633076697
 20
2.8842346785605986
 10
9.465556079348504
 20
2.723166025048189
 10
9.51555499140692
 20
2.722836187247631
 10
9.516617545135114
 20
2.883904840760041
 10
9.466618633076697
 20
2.8842346785605986
  0
LWPOLYLINE
  5
2D2
330
17
100
AcDbEntity
  8
WALLS
100
AcDbPolyline
 90
5
 70
0
 10
9.465701602889801
 20
2.7441911570723985
 10
9.464534517513666
 20
2.5831232262449273
 10
9.514533204981355
 20
2.582760939744631
 10
9.51570029035749
 20
2.743828870572102
 10
9.465701602889801
 20
2.7441911570723985
  0
LWPOLYLINE
  5
2D3
330
17
100
AcDbEntity
  8
WALLS
100
AcDbPolyline
 90
5
 70
0
 10
9.464679551364899
 20
2.604115291342596
 10
9.463620999776516
 20
2.443046592373532
 10
9.513619920015373
 20
2.442717996955707
 10
9.514678471603755
 20
2.603786695924771
 10
9.464679551364899
 20
2.604115291342596
  0
LWPOLYLINE
  5
2D4
330
17
100
AcDbEntity
  8
WALLS
100
AcDbPolyline
 90
5
 70
0
 10
9.46376399143918
 20
2.464067040613172
 10
9.462631205987769
 20
2.3029988683631157
 10
9.512629969471707
 20
2.3026472292337217
 10
9.513762754923118
 20
2.463715401483778
 10
9.46376399143918
 20
2.464067040613172
  0
LWPOLYLINE
  5
2D5
330
17
100
AcDbEntity
  8
WALLS
100
AcDbPolyline
 90
5
 70
0
 10
9.462775313507485
 20
2.3239992450140283
 10
9.461697551725347
 20
2.162930691848711
 10
9.511696432417708
 20
2.162596133167324
 10
9.512774194199846
 20
2.3236646863326413
 10
9.462775313507485
 20
2.3239992450140283
  0
LWPOLYLINE
  5
2D6
330
17
100
AcDbEntity
  8
WALLS
100
AcDbPolyline
 90
5
 70
0
 10
9.461838715343687
 20
2.1839410025320283
 10
9.460752109723321
 20
2.022872505830127
 10
9.510750971970639
 20
2.0225352018517433
 10
9.511837577591004
 20
2.1836036985536444
 10
9.461838715343687
 20
2.1839410025320283
  0
LWPOLYLINE
  5
2D7
330
17
100
AcDbEntity
  8
WALLS
100
AcDbPolyline
 90
5
 70
0
 10
9.460893394324325
 20
2.043880396901691
 10
9.459813528194251
 20
1.882811858006404
 10
9.509812404511356
 20
1.8824766460932212
 10
9.51089227064143
 20
2.0435451849885085
 10
9.460893394324325
 20
2.043880396901691
  0
LWPOLYLINE
  5
2D8
330
17
100
AcDbEntity
  8
WALLS
100
AcDbPolyline
 90
5
 70
0
 10
9.460120803349655
 20
1.904200065223838
 10
9.456573500749167
 20
1.743189490415406
 10
9.506561370502927
 20
1.742088183246101
 10
9.510108673103415
 20
1.903098758054533
 10
9.460120803349655
 20
1.904200065223838
  0
LWPOLYLINE
  5
2D9
330
17
100
AcDbEntity
  8
WALLS
100
AcDbPolyline
 90
5
 70
0
 10
9.458565187056339
 20
1.7671125734728848
 10
9.435456774013593
 20
1.6079302035677783
 10
9.484938103628215
 20
1.6007470274200641
 10
9.50804651667096
 20
1.7599293973251706
 10
9.458565187056339
 20
1.7671125734728848
  0
LWPOLYLINE
  5
2DA
330
17
100
AcDbEntity
  8
WALLS
100
AcDbPolyline
 90
5
 70
0
 10
9.465766223440644
 20
1.6409755071705703
 10
9.330425373146836
 20
1.6146985968198277
 10
9.339955099125165
 20
1.565615154369466
 10
9.475295949418973
 20
1.5918920647202086
 10
9.465766223440644
 20
1.6409755071705703
  0
LWPOLYLINE
  5
2DB
330
17
100
AcDbEntity
  8
WALLS
100
AcDbPolyline
 90
5
 70
0
 10
9.35870754972681
 20
1.6146615895071579
 10
9.200166537092501
 20
1.6426823920574838
 10
9.191464326814549
 20
1.5934455000325165
 10
9.350005339448858
 20
1.5654246974821906
 10
9.35870754972681
 20
1.6146615895071579
  0
LWPOLYLINE
  5
2DC
330
17
100
AcDbEntity
  8
WALLS
100
AcDbPolyline
 90
5
 70
0
 10
9.222588850867092
 20
1.6378058698838263
 10
9.066688226973282
 20
1.6781716292160247
 10
9.054155515649816
 20
1.6297677952058696
 10
9.210056139543626
 20
1.5894020358736711
 10
9.222588850867092
 20
1.6378058698838263
  0
LWPOLYLINE
  5
2DD
330
17
100
AcDbEntity
  8
WALLS
100
AcDbPolyline
 90
5
 70
0
 10
9.088091076513702
 20
1.6720498841799951
 10
8.934409574672046
 20
1.7202323037571234
 10
8.919451441537579
 20
1.6725221973525939
 10
9.073132943379235
 20
1.6243397777754656
 10
9.088091076513702
 20
1.6720498841799951
  0
LWPOLYLINE
  5
2DE
330
17
100
AcDbEntity
  8
WALLS
100
AcDbPolyline
 90
5
 70
0
 10
8.955197780780157
 20
1.7132968497980392
 10
8.803359936271711
 20
1.767043165531211
 10
8.786675740444945
 20
1.7199089146130713
 10
8.938513584953391
 20
1.6661625988798994
 10
8.955197780780157
 20
1.7132968497980392
  0
LWPOLYLINE
  5
2DF
330
17
100
AcDbEntity
  8
WALLS
100
AcDbPolyline
 90
5
 70
0
 10
8.823788278834634
 20
1.7594476646243855
 10
8.673719022913229
 20
1.817954002894775
 10
8.655557328973206
 20
1.771369103268083
 10
8.805626584894611
 20
1.7128627649976935
 10
8.823788278834634
 20
1.7594476646243855
  0
LWPOLYLINE
  5
2E0
330
17
100
AcDbEntity
  8
WALLS
100
AcDbPolyline
 90
5
 70
0
 10
8.693727101215531
 20
1.8098928881898488
 10
8.545013836200903
 20
1.8717639362185845
 10
8.525807618821846
 20
1.825599867788815
 10
8.674520883836474
 20
1.7637288197600793
 10
8.693727101215531
 20
1.8098928881898488
  0
LWPOLYLINE
  5
2E1
330
17
100
AcDbEntity
  8
WALLS
100
AcDbPolyline
 90
5
 70
0
 10
8.56472413872425
 20
1.8633712980842911
 10
8.417059293642703
 20
1.9276979183585559
 10
8.397090485577325
 20
1.881858560766547
 10
8.544755330658871
 20
1.8175319404922823
 10
8.56472413872425
 20
1.8633712980842911
  0
LWPOLYLINE
  5
2E2
330
17
100
AcDbEntity
  8
WALLS
100
AcDbPolyline
 90
5
 70
0
 10
8.436565137071353
 20
1.9190472394948017
 10
8.289760348444181
 20
1.9853154457240167
 10
8.269188936179157
 20
1.9397433380547149
 10
8.415993724806329
 20
1.8734751318254999
 10
8.436565137071353
 20
1.9190472394948017
  0
LWPOLYLINE
  5
2E3
330
17
100
AcDbEntity
  8
WALLS
100
AcDbPolyline
 90
5
 70
0
 10
8.309079923007117
 20
1.9764860675296725
 10
8.162896122571292
 20
2.0441186909265086
 10
8.14190146410166
 20
1.9987400140424971
 10
8.288085264537484
 20
1.931107390645661
 10
8.309079923007117
 20
1.9764860675296725
  0
LWPOLYLINE
  5
2E4
330
17
100
AcDbEntity
  8
WALLS
100
AcDbPolyline
 90
5
 70
0
 10
8.182109498010059
 20
2.0351358795021652
 10
8.036471437073926
 20
2.1039384576901594
 10
8.015113748775276
 20
2.058729507795944
 10
8.160751809711408
 20
1.98992692960795
 10
8.182109498010059
 20
2.0351358795021652
  0
LWPOLYLINE
  5
2E5
330
17
100
AcDbEntity
  8
WALLS
100
AcDbPolyline
 90
5
 70
0
 10
8.055550022583608
 20
2.0948721068256275
 10
7.910227045811585
 20
2.1643373711038527
 10
7.888663626194633
 20
2.119226186964847
 10
8.033986602966655
 20
2.049760922686622
 10
8.055550022583608
 20
2.0948721068256275
  0
LWPOLYLINE
  5
2E6
330
17
100
AcDbEntity
  8
WALLS
100
AcDbPolyline
 90
5
 70
0
 10
7.929215116305106
 20
2.155239643708895
 10
7.784019165962207
 20
2.2249703026222436
 10
7.76237337846016
 20
2.179898583291645
 10
7.907569328803059
 20
2.1101679243782963
 10
7.929215116305106
 20
2.155239643708895
  0
LWPOLYLINE
  5
2E7
330
17
100
AcDbEntity
  8
WALLS
100
AcDbPolyline
 90
5
 70
0
 10
7.80294754943669
 20
2.2158865219671253
 10
7.657711972744176
 20
2.2855347112516324
 10
7.636091791384738
 20
2.240450703466333
 10
7.7813273680772514
 20
2.1708025141818257
 10
7.80294754943669
 20
2.2158865219671253
  0
LWPOLYLINE
  5
2E8
330
17
100
AcDbEntity
  8
WALLS
100
AcDbPolyline
 90
5
 70
0
 10
7.676585662047231
 20
2.2765288211798955
 10
7.5310806828418855
 20
2.3456122515461493
 10
7.509635804080407
 20
2.3004445952542243
 10
7.655140783285752
 20
2.2313611648879705
 10
7.676585662047231
 20
2.2765288211798955
  0
LWPOLYLINE
  5
2E9
330
17
100
AcDbEntity
  8
WALLS
100
AcDbPolyline
 90
5
 70
0
 10
7.549913822830416
 20
2.3367630236888095
 10
7.403859237313703
 20
2.404676239851094
 10
7.382777587017169
 20
2.3593379114657784
 10
7.528832172533883
 20
2.291424695303494
 10
7.549913822830416
 20
2.3367630236888095
  0
LWPOLYLINE
  5
2EA
330
17
100
AcDbEntity
  8
WALLS
100
AcDbPolyline
 90
5
 70
0
 10
7.4227037805174625
 20
2.3960420679430423
 10
7.275898000566167
 20
2.462311289117228
 10
7.255326441966638
 20
2.4167392475041276
 10
7.402132221917933
 20
2.350470026329942
 10
7.4227037805174625
 20
2.3960420679430423
  0
LWPOLYLINE
  5
2EB
330
17
100
AcDbEntity
  8
WALLS
100
AcDbPolyline
 90
5
 70
0
 10
7.294746956626455
 20
2.453984506270863
 10
7.146896906087563
 20
2.517883507610575
 10
7.12706080456183
 20
2.4719865678840436
 10
7.274910855100722
 20
2.408087566544332
 10
7.294746956626455
 20
2.453984506270863
  0
LWPOLYLINE
  5
2EC
330
17
100
AcDbEntity
  8
WALLS
100
AcDbPolyline
 90
5
 70
0
 10
7.165737876222547
 20
2.510000304120874
 10
7.0164398214158314
 20
2.570430301901145
 10
6.997680228143469
 20
2.5240829431818437
 10
7.146978282950185
 20
2.4636529454015728
 10
7.165737876222547
 20
2.510000304120874
  0
LWPOLYLINE
  5
2ED
330
17
100
AcDbEntity
  8
WALLS
100
AcDbPolyline
 90
5
 70
0
 10
7.03527779385159
 20
2.5631594795445314
 10
6.884101893646987
 20
2.618702294290031
 10
6.866858610504584
 20
2.5717696916936386
 10
7.018034510709187
 20
2.516226876948139
 10
7.03527779385159
 20
2.5631594795445314
  0
LWPOLYLINE
  5
2EE
330
17
100
AcDbEntity
  8
WALLS
100
AcDbPolyline
 90
5
 70
0
 10
6.902923940525526
 20
2.612256301614779
 10
6.749434924381629
 20
2.6610521855053637
 10
6.734286449614561
 20
2.613402172785203
 10
6.887775465758458
 20
2.564606288894618
 10
6.902923940525526
 20
2.612256301614779
  0
LWPOLYLINE
  5
2EF
330
17
100
AcDbEntity
  8
WALLS
100
AcDbPolyline
 90
5
 70
0
 10
6.768110391023428
 20
2.6557612824276218
 10
6.611838006817654
 20
2.694723174464391
 10
6.599742259682162
 20
2.646208301474407
 10
6.756014643887936
 20
2.6072464094376375
 10
6.768110391023428
 20
2.6557612824276218
  0
LWPOLYLINE
  5
2F0
330
17
100
AcDbEntity
  8
WALLS
100
AcDbPolyline
 90
5
 70
0
 10
6.631421937807931
 20
2.6902171414623433
 10
6.473820732440534
 20
2.7234738971398316
 10
6.463497156747075
 20
2.6745512665390403
 10
6.621098362114473
 20
2.641294510861552
 10
6.631421937807931
 20
2.6902171414623433
  0
LWPOLYLINE
  5
2F1
330
17
100
AcDbEntity
  8
WALLS
100
AcDbPolyline
 90
5
 70
0
 10
6.494335625421957
 20
2.7191649518529926
 10
6.336672100248505
 20
2.7521263566120644
 10
6.326440225184484
 20
2.703184465223661
 10
6.484103750357937
 20
2.6702230604645893
 10
6.494335625421957
 20
2.7191649518529926
  0
LWPOLYLINE
  5
2F2
330
17
100
AcDbEntity
  8
WALLS
100
AcDbPolyline
 90
5
 70
0
 10
6.357178830467156
 20
2.747866985891981
 10
6.199430518754378
 20
2.7804185092520046
 10
6.18932585762952
 20
2.7314501947664946
 10
6.347074169342298
 20
2.698898671406471
 10
6.357178830467156
 20
2.747866985891981
  0
LWPOLYLINE
  5
2F3
330
17
100
AcDbEntity
  8
WALLS
100
AcDbPolyline
 90
5
 70
0
 10
6.21984351838696
 20
2.7762835216969224
 10
6.0618628342689815
 20
2.8076880798565416
 10
6.052114216813407
 20
2.7586476428916766
 10
6.210094900931385
 20
2.7272430847320575
 10
6.21984351838696
 20
2.7762835216969224
  0
LWPOLYLINE
  5
2F4
330
17
100
AcDbEntity
  8
WALLS
100
AcDbPolyline
 90
5
 70
0
 10
6.082222436786846
 20
2.803756367674358
 10
5.923909395444318
 20
2.8334323679551248
 10
5.914697276273949
 20
2.7842883259928386
 10
6.073010317616476
 20
2.754612325712072
 10
6.082222436786846
 20
2.803756367674358
  0
LWPOLYLINE
  5
2F5
330
17
100
AcDbEntity
  8
WALLS
100
AcDbPolyline
 90
5
 70
0
 10
5.944131196060819
 20
2.829837941886481
 10
5.785290127144756
 20
2.8565361002545737
 10
5.777002334166419
 20
2.8072277593014627
 10
5.935843403082482
 20
2.78052960093337
 10
5.944131196060819
 20
2.829837941886481
  0
LWPOLYLINE
  5
2F6
330
17
100
AcDbEntity
  8
WALLS
100
AcDbPolyline
 90
5
 70
0
 10
5.805392478516707
 20
2.8534321386242416
 10
5.645900413766741
 20
2.8758871254566003
 10
5.6389296311313775
 20
2.8263754279553988
 10
5.798421695881343
 20
2.80392044112304
 10
5.805392478516707
 20
2.8534321386242416
  0
LWPOLYLINE
  5
2F7
330
17
100
AcDbEntity
  8
WALLS
100
AcDbPolyline
 90
5
 70
0
 10
5.6658397583748386
 20
2.873451925032925
 10
5.505636718744363
 20
2.890041429337984
 10
5.500486608333732
 20
2.8403073729705577
 10
5.660689647964208
 20
2.823717868665499
 10
5.6658397583748386
 20
2.873451925032925
  0
LWPOLYLINE
  5
2F8
330
17
100
AcDbEntity
  8
WALLS
100
AcDbPolyline
 90
5
 70
0
 10
5.5254031591698105
 20
2.8884618366593844
 10
5.364606975956022
 20
2.8975242849731324
 10
5.361793448543747
 20
2.8476035070995818
 10
5.522589631757535
 20
2.8385410587858337
 10
5.5254031591698105
 20
2.8884618366593844
  0
LWPOLYLINE
  5
2F9
330
17
100
AcDbEntity
  8
WALLS
100
AcDbPolyline
 90
5
 70
0
 10
5.384165180009458
 20
2.8969833575682022
 10
5.223115190753156
 20
2.8968223074326236
 10
5.223165190773584
 20
2.8468223324326507
 10
5.384215180029886
 20
2.8469833825682294
 10
5.384165180009458
 20
2.8969833575682022
  0
LWPOLYLINE
  5
2FA
330
17
100
AcDbEntity
  8
WALLS
100
AcDbPolyline
 90
5
 70
0
 10
5.242544503443241
 20
2.8974469201751347
 10
5.081822470150415
 20
2.8872636422535214
 10
5.084984108601429
 20
2.837363701949899
 10
5.245706141894255
 20
2.8475469798715123
 10
5.242544503443241
 20
2.8974469201751347
  0
LWPOLYLINE
  5
2FB
330
17
100
AcDbEntity
  8
WALLS
100
AcDbPolyline
 90
5
 70
0
 10
5.101165365751153
 20
2.889098837334286
 10
4.941396452104521
 20
2.868874908111116
 10
4.947675466346159
 20
2.8192707350996313
 10
5.107444379992791
 20
2.8394946643228014
 10
5.101165365751153
 20
2.889098837334286
  0
LWPOLYLINE
  5
2FC
330
17
100
AcDbEntity
  8
WALLS
100
AcDbPolyline
 90
5
 70
0
 10
4.960661750132869
 20
2.87190125433134
 10
4.80238584362568
 20
2.8421641771681885
 10
4.811618368787207
 20
2.7930239647231683
 10
4.969894275294396
 20
2.8227610418863196
 10
4.960661750132869
 20
2.87190125433134
  0
LWPOLYLINE
  5
2FD
330
17
100
AcDbEntity
  8
WALLS
100
AcDbPolyline
 90
5
 70
0
 10
4.820623165160002
 20
2.8464469318943766
 10
4.665722651451604
 20
2.802638956602022
 10
4.679329631833477
 20
2.7545260676336043
 10
4.834230145541875
 20
2.798334042925959
 10
4.820623165160002
 20
2.8464469318943766
  0
LWPOLYLINE
  5
2FE
330
17
100
AcDbEntity
  8
WALLS
100
AcDbPolyline
 90
5
 70
0
 10
4.682917203661032
 20
2.8085530356297115
 10
4.53383719302573
 20
2.7478067296388335
 10
4.552704702598795
 20
2.7015031975650237
 10
4.701784713234097
 20
2.7622495035559016
 10
4.682917203661032
 20
2.8085530356297115
  0
LWPOLYLINE
  5
2FF
330
17
100
AcDbEntity
  8
WALLS
100
AcDbPolyline
 90
5
 70
0
 10
4.550573540283862
 20
2.7556240548559474
 10
4.408288385215085
 20
2.6802777334083245
 10
4.431687352320241
 20
2.636090763174874
 10
4.573972507389017
 20
2.7114370846224967
 10
4.550573540283862
 20
2.7556240548559474
  0
LWPOLYLINE
  5
300
330
17
100
AcDbEntity
  8
WALLS
100
AcDbPolyline
 90
5
 70
0
 10
4.424484028662863
 20
2.6897889802636934
 10
4.289355694197625
 20
2.602218259453493
 10
4.316547742607313
 20
2.5602588444994554
 10
4.451676077072551
 20
2.6478295653096557
 10
4.424484028662863
 20
2.6897889802636934
  0
LWPOLYLINE
  5
301
330
17
100
AcDbEntity
  8
WALLS
100
AcDbPolyline
 90
5
 70
0
 10
4.31074345311254
 20
2.613866743021775
 10
4.170300209073456
 20
2.551249604188065
 10
4.190660858588661
 20
2.5055829429205816
 10
4.331104102627744
 20
2.568200081754292
 10
4.31074345311254
 20
2.613866743021775
  0
LWPOLYLINE
  5
302
330
17
100
AcDbEntity
  8
WALLS
100
AcDbPolyline
 90
5
 70
0
 10
4.200144585842874
 20
2.5575
 10
4.039072365700805
 20
2.5575
 10
4.039072365700805
 20
2.5075000000000003
 10
4.200144585842874
 20
2.5075000000000003
 10
4.200144585842874
 20
2.5575
  0
LWPOLYLINE
  5
303
330
17
100
AcDbEntity
  8
WALLS
100
AcDbPolyline
 90
5
 70
0
 10
4.060081785719336
 20
2.5575
 10
3.899009565577267
 20
2.5575
 10
3.899009565577267
 20
2.5075000000000003
 10
4.060081785719336
 20
2.5075000000000003
 10
4.060081785719336
 20
2.5575
  0
LWPOLYLINE
  5
304
330
17
100
AcDbEntity
  8
WALLS
100
AcDbPolyline
 90
5
 70
0
 10
3.920018985595798
 20
2.5575
 10
3.758946765453722
 20
2.5575
 10
3.758946765453722
 20
2.5075000000000003
 10
3.920018985595798
 20
2.5075000000000003
 10
3.920018985595798
 20
2.5575
  0
LWPOLYLINE
  5
305
330
17
100
AcDbEntity
  8
WALLS
100
AcDbPolyline
 90
5
 70
0
 10
3.779956185472253
 20
2.5575
 10
3.618883965330185
 20
2.5575
 10
3.618883965330185
 20
2.5075000000000003
 10
3.779956185472253
 20
2.5075000000000003
 10
3.779956185472253
 20
2.5575
  0
LWPOLYLINE
  5
306
330
17
100
AcDbEntity
  8
WALLS
100
AcDbPolyline
 90
5
 70
0
 10
3.6398933853487154
 20
2.5575
 10
3.4788211652066465
 20
2.5575
 10
3.4788211652066465
 20
2.5075000000000003
 10
3.6398933853487154
 20
2.5075000000000003
 10
3.6398933853487154
 20
2.5575
  0
LWPOLYLINE
  5
307
330
17
100
AcDbEntity
  8
WALLS
100
AcDbPolyline
 90
5
 70
0
 10
3.4998305852251774
 20
2.5575
 10
3.3387583650831094
 20
2.5575
 10
3.3387583650831094
 20
2.5075000000000003
 10
3.4998305852251774
 20
2.5075000000000003
 10
3.4998305852251774
 20
2.5575
  0
LWPOLYLINE
  5
308
330
17
100
AcDbEntity
  8
WALLS
100
AcDbPolyline
 90
5
 70
0
 10
3.3598863630412645
 20
2.5574496890898644
 10
3.1988215892429035
 20
2.558216775672901
 10
3.1985834621014315
 20
2.508217342721472
 10
3.3596482358997926
 20
2.5074502561384353
 10
3.3598863630412645
 20
2.5574496890898644
  0
LWPOLYLINE
  5
309
330
17
100
AcDbEntity
  8
WALLS
100
AcDbPolyline
 90
5
 70
0
 10
3.2197707272254217
 20
2.558141988552136
 10
3.058701045492815
 20
2.5585249019690997
 10
3.05858218006426
 20
2.5085250432592003
 10
3.2196518617968666
 20
2.508142129842237
 10
3.2197707272254217
 20
2.558141988552136
  0
LWPOLYLINE
  5
30A
330
17
100
AcDbEntity
  8
WALLS
100
AcDbPolyline
 90
5
 70
0
 10
3.079650867248625
 20
2.5585
 10
2.918578647106549
 20
2.5585
 10
2.918578647106549
 20
2.5085
 10
3.079650867248625
 20
2.5085
 10
3.079650867248625
 20
2.5585
  0
LWPOLYLINE
  5
30B
330
17
100
AcDbEntity
  8
WALLS
100
AcDbPolyline
 90
5
 70
0
 10
2.939588067125079
 20
2.5585
 10
2.77851584698302
 20
2.5585
 10
2.77851584698302
 20
2.5085
 10
2.939588067125079
 20
2.5085
 10
2.939588067125079
 20
2.5585
  0
LWPOLYLINE
  5
30C
330
17
100
AcDbEntity
  8
WALLS
100
AcDbPolyline
 90
5
 70
0
 10
2.8023993102462574
 20
2.5565163377101356
 10
2.664241031747088
 20
2.5810349488724755
 10
2.655504170260774
 20
2.5318041937353772
 10
2.7936624487599433
 20
2.5072855825730374
 10
2.8023993102462574
 20
2.5565163377101356
  0
LWPOLYLINE
  5
30D
330
17
100
AcDbEntity
  8
WALLS
100
AcDbPolyline
 90
5
 70
0
 10
2.6936586398535267
 20
2.5438046058353234
 10
2.697014334656153
 20
2.7047234223646
 10
2.6470252026565104
 20
2.7057658627333345
 10
2.6436695078538843
 20
2.5448470462040578
 10
2.6936586398535267
 20
2.5438046058353234
  0
LWPOLYLINE
  5
30E
330
17
100
AcDbEntity
  8
WALLS
100
AcDbPolyline
 90
5
 70
0
 10
2.695587716140008
 20
2.6817304435826728
 10
2.712156199054086
 20
2.84192623531776
 10
2.6624214982975984
 20
2.8470701191289107
 10
2.6458530153835205
 20
2.6868743273938236
 10
2.695587716140008
 20
2.6817304435826728
  0
LWPOLYLINE
  5
30F
330
17
100
AcDbEntity
  8
WALLS
100
AcDbPolyline
 90
5
 70
0
 10
2.70948924028362
 20
2.8201459288149886
 10
2.7320642432594155
 20
2.979623924358897
 10
2.682557787971268
 20
2.986631840226157
 10
2.6599827849954725
 20
2.8271538446822486
 10
2.70948924028362
 20
2.8201459288149886
  0
LWPOLYLINE
  5
310
330
17
100
AcDbEntity
  8
WALLS
100
AcDbPolyline
 90
5
 70
0
 10
2.728849543248257
 20
2.958379688700121
 10
2.7544699932584478
 20
3.1173997005768577
 10
2.705106574559663
 20
3.125352869402456
 10
2.6794861245494723
 20
2.9663328575257193
 10
2.728849543248257
 20
2.958379688700121
  0
LWPOLYLINE
  5
311
330
17
100
AcDbEntity
  8
WALLS
100
AcDbPolyline
 90
5
 70
0
 10
2.750995710086064
 20
3.096447575870058
 10
2.7780728252081928
 20
3.2552272079506555
 10
2.728784377402134
 20
3.2636324987171577
 10
2.701707262280005
 20
3.10485286663656
 10
2.750995710086064
 20
3.096447575870058
  0
LWPOLYLINE
  5
312
330
17
100
AcDbEntity
  8
WALLS
100
AcDbPolyline
 90
5
 70
0
 10
2.774523892621126
 20
3.234489912912518
 10
2.801787719778424
 20
3.393237910632563
 10
2.7525091881535295
 20
3.4017011441100395
 10
2.7252453609962317
 20
3.2429531463899943
 10
2.774523892621126
 20
3.234489912912518
  0
LWPOLYLINE
  5
313
330
17
100
AcDbEntity
  8
WALLS
100
AcDbPolyline
 90
5
 70
0
 10
2.79828658706529
 20
3.3726182924250927
 10
2.824949545001837
 20
3.5314674299910247
 10
2.77563935031271
 20
3.539744186585271
 10
2.748976392376163
 20
3.380895049019339
 10
2.79828658706529
 20
3.3726182924250927
  0
LWPOLYLINE
  5
314
330
17
100
AcDbEntity
  8
WALLS
100
AcDbPolyline
 90
5
 70
0
 10
2.8216181636910505
 20
3.510982014392175
 10
2.8466627291043216
 20
3.670094108784883
 10
2.7972708374694
 20
3.6778684924083107
 10
2.772226272056129
 20
3.5187563980156025
 10
2.8216181636910505
 20
3.510982014392175
  0
LWPOLYLINE
  5
315
330
17
100
AcDbEntity
  8
WALLS
100
AcDbPolyline
 90
5
 70
0
 10
2.8435970287199295
 20
3.64967061306227
 10
2.8663709616414286
 20
3.8091222323543468
 10
2.8168732753403214
 20
3.8161918186815074
 10
2.7940993424188223
 20
3.6567401993894304
 10
2.8435970287199295
 20
3.64967061306227
  0
LWPOLYLINE
  5
316
330
17
100
AcDbEntity
  8
WALLS
100
AcDbPolyline
 90
5
 70
0
 10
2.863672885097249
 20
3.788789481062554
 10
2.8832720655795674
 20
3.9486623739586855
 10
2.833643604531538
 20
3.9547464395405343
 10
2.8140444240492197
 20
3.794873546644403
 10
2.863672885097249
 20
3.788789481062554
  0
LWPOLYLINE
  5
317
330
17
100
AcDbEntity
  8
WALLS
100
AcDbPolyline
 90
5
 70
0
 10
2.8810441773761766
 20
3.928400687165503
 10
2.8966506693776215
 20
4.088708286914447
 10
2.846885940499361
 20
4.093553053128956
 10
2.831279448497916
 20
3.933245453380011
 10
2.8810441773761766
 20
3.928400687165503
  0
LWPOLYLINE
  5
318
330
17
100
AcDbEntity
  8
WALLS
100
AcDbPolyline
 90
5
 70
0
 10
2.8950041162894014
 20
4.068547441032894
 10
2.905615635862092
 20
4.229260357492656
 10
2.855724272520167
 20
4.232554574225656
 10
2.8451127529474762
 20
4.071841657765894
 10
2.8950041162894014
 20
4.068547441032894
  0
LWPOLYLINE
  5
319
330
17
100
AcDbEntity
  8
WALLS
100
AcDbPolyline
 90
5
 70
0
 10
2.904659376692441
 20
4.209194368301828
 10
2.909378771489435
 20
4.370182991509903
 10
2.8594002420038103
 20
4.371648116233102
 10
2.8546808472068164
 20
4.210659493025027
 10
2.904659376692441
 20
4.209194368301828
  0
LWPOLYLINE
  5
31A
330
17
100
AcDbEntity
  8
WALLS
100
AcDbPolyline
 90
5
 70
0
 10
2.90923183467549
 20
4.350277453243556
 10
2.906889535903258
 20
4.5113147276235255
 10
2.8568948240422922
 20
4.5105875509331534
 10
2.8592371228145246
 20
4.349550276553184
 10
2.90923183467549
 20
4.350277453243556
  0
LWPOLYLINE
  5
31B
330
17
100
AcDbEntity
  8
WALLS
100
AcDbPolyline
 90
5
 70
0
 10
2.907695899955524
 20
4.491653927939184
 10
2.896843140639758
 20
4.6523389335007925
 10
2.8469567952074772
 20
4.64896958053455
 10
2.857809554523243
 20
4.488284574972941
 10
2.907695899955524
 20
4.491653927939184
  0
LWPOLYLINE
  5
31C
330
17
100
AcDbEntity
  8
WALLS
100
AcDbPolyline
 90
5
 70
0
 10
2.8987643042987905
 20
4.63302232464625
 10
2.877754962464011
 20
4.792699329402021
 10
2.8281822159506937
 20
4.786176844973031
 10
2.849191557785473
 20
4.62649984021726
 10
2.8987643042987905
 20
4.63302232464625
  0
LWPOLYLINE
  5
31D
330
17
100
AcDbEntity
  8
WALLS
100
AcDbPolyline
 90
5
 70
0
 10
2.880949365822694
 20
4.773810500897958
 10
2.8482858988392863
 20
4.93150599521899
 10
2.799325146758801
 20
4.921364754875065
 10
2.831988613742209
 20
4.763669260554033
 10
2.880949365822694
 20
4.773810500897958
  0
LWPOLYLINE
  5
31E
330
17
100
AcDbEntity
  8
WALLS
100
AcDbPolyline
 90
5
 70
0
 10
2.852866732357361
 20
4.912984300041008
 10
2.8082581769927764
 20
5.067722919533359
 10
2.760214717312836
 20
5.053872793830609
 10
2.804823272677421
 20
4.899134174338259
 10
2.852866732357361
 20
4.912984300041008
  0
LWPOLYLINE
  5
31F
330
17
100
AcDbEntity
  8
WALLS
100
AcDbPolyline
 90
5
 70
0
 10
2.8142301515201216
 20
5.049385540213561
 10
2.7591586865969764
 20
5.200721672204206
 10
2.7121730196390064
 20
5.183623511469356
 10
2.7672444845621516
 20
5.032287379478711
 10
2.8142301515201216
 20
5.049385540213561
  0
LWPOLYLINE
  5
320
330
17
100
AcDbEntity
  8
WALLS
100
AcDbPolyline
 90
5
 70
0
 10
2.766372762102119
 20
5.182587523988215
 10
2.7024363321343605
 20
5.330403663663062
 10
2.6565452830649186
 20
5.310553937838605
 10
2.720481713032677
 20
5.162737798163758
 10
2.766372762102119
 20
5.182587523988215
  0
LWPOLYLINE
  5
321
330
17
100
AcDbEntity
  8
WALLS
100
AcDbPolyline
 90
5
 70
0
 10
2.710727367651103
 20
5.312487750364412
 10
2.6394258783795763
 20
5.456904237303424
 10
2.5945924868730774
 20
5.43476903895272
 10
2.665893976144604
 20
5.290352552013709
 10
2.710727367651103
 20
5.312487750364412
  0
LWPOLYLINE
  5
322
330
17
100
AcDbEntity
  8
WALLS
100
AcDbPolyline
 90
5
 70
0
 10
2.6486317977679676
 20
5.439214342625819
 10
2.5712640152437376
 20
5.58047750602945
 10
2.527410429107728
 20
5.556459533945786
 10
2.604778211631958
 20
5.415196370542155
 10
2.6486317977679676
 20
5.439214342625819
  0
LWPOLYLINE
  5
323
330
17
100
AcDbEntity
  8
WALLS
100
AcDbPolyline
 90
5
 70
0
 10
2.581243291365824
 20
5.56297870866749
 10
2.4990565116013257
 20
5.701496659434646
 10
2.4560558378674995
 20
5.675983093270014
 10
2.538242617631998
 20
5.5374651425028585
 10
2.581243291365824
 20
5.56297870866749
  0
LWPOLYLINE
  5
324
330
17
100
AcDbEntity
  8
WALLS
100
AcDbPolyline
 90
5
 70
0
 10
2.5096583711824643
 20
5.684200191370003
 10
2.4235195508587672
 20
5.820298062910744
 10
2.3812706710176457
 20
5.79355797779176
 10
2.4674094913413427
 20
5.657460106251019
 10
2.5096583711824643
 20
5.684200191370003
  0
LWPOLYLINE
  5
325
330
17
100
AcDbEntity
  8
WALLS
100
AcDbPolyline
 90
5
 70
0
 10
2.4346522924945453
 20
5.803120101950791
 10
2.3456055499396204
 20
5.937335767705852
 10
2.303941477637198
 20
5.909693317033408
 10
2.3929882201921227
 20
5.775477651278347
 10
2.4346522924945453
 20
5.803120101950791
  0
LWPOLYLINE
  5
326
330
17
100
AcDbEntity
  8
WALLS
100
AcDbPolyline
 90
5
 70
0
 10
2.3571300274844273
 20
5.920283093108892
 10
2.2658059664360564
 20
6.052960621551134
 10
2.2246195656009715
 20
6.024611364307746
 10
2.3159436266493425
 20
5.891933835865504
 10
2.3571300274844273
 20
5.920283093108892
  0
LWPOLYLINE
  5
327
330
17
100
AcDbEntity
  8
WALLS
100
AcDbPolyline
 90
5
 70
0
 10
2.2776524611350055
 20
6.035960480994432
 10
2.184803191736443
 20
6.167578222006802
 10
2.1439464098226253
 20
6.138755949860999
 10
2.2367956792211876
 20
6.007138208848629
 10
2.2776524611350055
 20
6.035960480994432
  0
LWPOLYLINE
  5
328
330
17
100
AcDbEntity
  8
WALLS
100
AcDbPolyline
 90
5
 70
0
 10
2.1968851949697923
 20
6.150539951569115
 10
2.1033942260051193
 20
6.28170275392856
 10
2.062678686106765
 20
6.252681299609634
 10
2.156169655071438
 20
6.1215184972501895
 10
2.1968851949697923
 20
6.150539951569115
  0
LWPOLYLINE
  5
329
330
17
100
AcDbEntity
  8
WALLS
100
AcDbPolyline
 90
5
 70
0
 10
2.1155994880349165
 20
6.264546405340737
 10
2.0223476852182736
 20
6.395878916977847
 10
1.981579374101366
 20
6.366931640617627
 10
2.0748311769180092
 20
6.235599128980517
 10
2.1155994880349165
 20
6.264546405340737
  0
LWPOLYLINE
  5
32A
330
17
100
AcDbEntity
  8
WALLS
100
AcDbPolyline
 90
5
 70
0
 10
2.034567546023329
 20
6.378489080791425
 10
1.9426072357391007
 20
6.510728172547465
 10
1.9015573047208927
 20
6.482181663769676
 10
1.9935176150051206
 20
6.349942572013637
 10
2.034567546023329
 20
6.378489080791425
  0
LWPOLYLINE
  5
32B
330
17
100
AcDbEntity
  8
WALLS
100
AcDbPolyline
 90
5
 70
0
 10
1.9547227275279873
 20
6.492878892971134
 10
1.865780072743909
 20
6.627157050966159
 10
1.8240951970698804
 20
6.599545981808286
 10
1.9130378518539588
 20
6.465267823813261
 10
1.9547227275279873
 20
6.492878892971134
  0
LWPOLYLINE
  5
32C
330
17
100
AcDbEntity
  8
WALLS
100
AcDbPolyline
 90
5
 70
0
 10
1.8775755953443694
 20
6.6084759734239515
 10
1.7945875189661782
 20
6.746491887117152
 10
1.7517373456341334
 20
6.720726354997405
 10
1.8347254220123246
 20
6.582710441304204
 10
1.8775755953443694
 20
6.6084759734239515
  0
LWPOLYLINE
  5
32D
330
17
100
AcDbEntity
  8
WALLS
100
AcDbPolyline
 90
5
 70
0
 10
1.8056635696437426
 20
6.7257281918395595
 10
1.7373426735603525
 20
6.871361157610844
 10
1.6920763518029507
 20
6.850125336116131
 10
1.7603972478863408
 20
6.7044923703448465
 10
1.8056635696437426
 20
6.7257281918395595
  0
LWPOLYLINE
  5
32E
330
17
100
AcDbEntity
  8
WALLS
100
AcDbPolyline
 90
5
 70
0
 10
1.745519881554821
 20
6.844930651624962
 10
1.7197819886063148
 20
7.003263238455778
 10
1.6704297885597885
 20
6.995240748158642
 10
1.6961676815082947
 20
6.836908161327825
 10
1.745519881554821
 20
6.844930651624962
  0
LWPOLYLINE
  5
32F
330
17
100
AcDbEntity
  8
WALLS
100
AcDbPolyline
 90
5
 70
0
 10
1.719706629920373
 20
6.974474362714686
 10
1.7462670061088639
 20
7.13254495703867
 10
1.6969582430116146
 20
7.140830238073091
 10
1.6703978668231236
 20
6.982759643749107
 10
1.719706629920373
 20
6.974474362714686
  0
LWPOLYLINE
  5
330
330
17
100
AcDbEntity
  8
WALLS
100
AcDbPolyline
 90
5
 70
0
 10
1.735571611205975
 20
7.104310700506849
 10
1.8200801998423355
 20
7.239584804787535
 10
1.777674970269362
 20
7.266076246893684
 10
1.6931663816330014
 20
7.130802142612998
 10
1.735571611205975
 20
7.104310700506849
  0
LWPOLYLINE
  5
331
330
17
100
AcDbEntity
  8
WALLS
100
AcDbPolyline
 90
5
 70
0
 10
7.754078884619558
 20
7.2516722791080435
 10
7.872050990324867
 20
7.135204713620458
 10
7.907178709561872
 20
7.170786216416238
 10
7.789206603856563
 20
7.287253781903824
 10
7.754078884619558
 20
7.2516722791080435
  0
LWPOLYLINE
  5
332
330
17
100
AcDbEntity
  8
WALLS
100
AcDbPolyline
 90
5
 70
0
 10
7.8563423526769425
 20
7.151234474830839
 10
7.97036237717954
 20
7.030967460531019
 10
8.006647528641798
 20
7.06536786435657
 10
7.8926275041392
 20
7.18563487865639
 10
7.8563423526769425
 20
7.151234474830839
  0
LWPOLYLINE
  5
333
330
17
100
AcDbEntity
  8
WALLS
100
AcDbPolyline
 90
5
 70
0
 10
7.953982008492088
 20
7.056360166472029
 10
8.013670563441845
 20
6.907962171355651
 10
8.060058811480875
 20
6.926620425396948
 10
8.000370256531117
 20
7.0750184205133255
 10
7.953982008492088
 20
7.056360166472029
  0
LWPOLYLINE
  5
334
330
17
100
AcDbEntity
  8
WALLS
100
AcDbPolyline
 90
5
 70
0
 10
8.009354502061054
 20
6.94052832184608
 10
7.990617379121023
 20
6.7760005470072935
 10
8.04029625878993
 20
6.770342904844495
 10
8.05903338172996
 20
6.934870679683281
 10
8.009354502061054
 20
6.94052832184608
  0
LWPOLYLINE
  5
335
330
17
100
AcDbEntity
  8
WALLS
100
AcDbPolyline
 90
5
 70
0
 10
7.994959949749657
 20
6.800336576639123
 10
7.95561140377615
 20
6.639354689489234
 10
8.004181533785205
 20
6.627482770061298
 10
8.043530079758714
 20
6.788464657211187
 10
7.994959949749657
 20
6.800336576639123
  0
LWPOLYLINE
  5
336
330
17
100
AcDbEntity
  8
WALLS
100
AcDbPolyline
 90
5
 70
0
 10
7.962194985999675
 20
6.662112389917696
 10
7.909513784730311
 20
6.504972008169228
 10
7.956920630367472
 20
6.489078896871111
 10
8.009601831636836
 20
6.646219278619578
 10
7.962194985999675
 20
6.662112389917696
  0
LWPOLYLINE
  5
337
330
17
100
AcDbEntity
  8
WALLS
100
AcDbPolyline
 90
5
 70
0
 10
7.917625061583461
 20
6.526762067605631
 10
7.854725569259976
 20
6.373407649372078
 10
7.900985603833384
 20
6.354433740937939
 10
7.963885096156869
 20
6.507788159171492
 10
7.917625061583461
 20
6.526762067605631
  0
LWPOLYLINE
  5
338
330
17
100
AcDbEntity
  8
WALLS
100
AcDbPolyline
 90
5
 70
0
 10
7.864214186189913
 20
6.394228382064602
 10
7.794238577520129
 20
6.255928120943674
 10
7.8388529131458276
 20
6.233354661822895
 10
7.908828521815612
 20
6.371654922943824
 10
7.864214186189913
 20
6.394228382064602
  0
LWPOLYLINE
  5
339
330
17
100
AcDbEntity
  8
WALLS
100
AcDbPolyline
 90
5
 70
0
 10
7.846583921672896
 20
6.244020904511038
 10
7.838894927936006
 20
6.409615336269089
 10
7.7889487407874745
 20
6.407296200800043
 10
7.7966377345243645
 20
6.241701769041993
 10
7.846583921672896
 20
6.244020904511038
  0
LWPOLYLINE
  5
33A
330
17
100
AcDbEntity
  8
WALLS
100
AcDbPolyline
 90
5
 70
0
 10
7.83982808946872
 20
6.387833319376379
 10
7.833326232270541
 20
6.553484173160988
 10
7.783364702613331
 20
6.551523164667448
 10
7.78986655981151
 20
6.3858723108828395
 10
7.83982808946872
 20
6.387833319376379
  0
LWPOLYLINE
  5
33B
330
17
100
AcDbEntity
  8
WALLS
100
AcDbPolyline
 90
5
 70
0
 10
7.8341762916193
 20
6.531882691640847
 10
7.8276408493900975
 20
6.697532214781969
 10
7.777679718351984
 20
6.695561076686225
 10
7.784215160581186
 20
6.529911553545103
 10
7.8341762916193
 20
6.531882691640847
  0
LWPOLYLINE
  5
33C
330
17
100
AcDbEntity
  8
WALLS
100
AcDbPolyline
 90
5
 70
0
 10
7.828493634827104
 20
6.675926625914566
 10
7.821952515555043
 20
6.841575925824645
 10
7.771991452099603
 20
6.839603075500507
 10
7.778532571371664
 20
6.6739537755904275
 10
7.828493634827104
 20
6.675926625914566
  0
LWPOLYLINE
  5
33D
330
17
100
AcDbEntity
  8
WALLS
100
AcDbPolyline
 90
5
 70
0
 10
7.822805706785838
 20
6.819969499942702
 10
7.816264557807365
 20
6.985618798893754
 10
7.766303494705623
 20
6.983645939612486
 10
7.7728446436840954
 20
6.817996640661433
 10
7.822805706785838
 20
6.819969499942702
  0
LWPOLYLINE
  5
33E
330
17
100
AcDbEntity
  8
WALLS
100
AcDbPolyline
 90
5
 70
0
 10
7.817185173242557
 20
6.964189074919482
 10
7.809496169646197
 20
7.1297836666266035
 10
7.759549982531659
 20
7.12746453042542
 10
7.767238986128019
 20
6.961869938718299
 10
7.817185173242557
 20
6.964189074919482
  0
LWPOLYLINE
  5
33F
330
17
100
AcDbEntity
  8
WALLS
100
AcDbPolyline
 90
5
 70
0
 10
7.810431661068063
 20
7.108007665745971
 10
7.803890512097735
 20
7.273656964489346
 10
7.753929448995993
 20
7.27168410520806
 10
7.760470597966321
 20
7.1060348064646846
 10
7.810431661068063
 20
7.108007665745971
  0
LWPOLYLINE
  5
340
330
17
100
AcDbEntity
  8
WALLS
100
AcDbPolyline
 90
5
 70
0
 10
2.721972533295777
 20
2.2585
 10
2.8790471832961315
 20
2.2585
 10
2.8790471832961315
 20
2.3085
 10
2.721972533295777
 20
2.3085
 10
2.721972533295777
 20
2.2585
  0
LWPOLYLINE
  5
341
330
17
100
AcDbEntity
  8
WALLS
100
AcDbPolyline
 90
5
 70
0
 10
2.8585591854699985
 20
2.2585
 10
3.015633835470353
 20
2.2585
 10
3.015633835470353
 20
2.3085
 10
2.8585591854699985
 20
2.3085
 10
2.8585591854699985
 20
2.2585
  0
LWPOLYLINE
  5
342
330
17
100
AcDbEntity
  8
WALLS
100
AcDbPolyline
 90
5
 70
0
 10
2.9951458376442193
 20
2.2585
 10
3.152220487644574
 20
2.2585
 10
3.152220487644574
 20
2.3085
 10
2.9951458376442193
 20
2.3085
 10
2.9951458376442193
 20
2.2585
  0
LWPOLYLINE
  5
343
330
17
100
AcDbEntity
  8
WALLS
100
AcDbPolyline
 90
5
 70
0
 10
3.1315501025964396
 20
2.2585756700873922
 10
3.2886147316487246
 20
2.2574256700873923
 10
3.28898081317291
 20
2.3074243299126085
 10
3.131916184120625
 20
2.3085743299126085
 10
3.1315501025964396
 20
2.2585756700873922
  0
LWPOLYLINE
  5
344
330
17
100
AcDbEntity
  8
WALLS
100
AcDbPolyline
 90
5
 70
0
 10
3.2683104281247757
 20
2.2575000000000003
 10
3.4253850781251303
 20
2.2575000000000003
 10
3.4253850781251303
 20
2.3075
 10
3.2683104281247757
 20
2.3075
 10
3.2683104281247757
 20
2.2575000000000003
  0
LWPOLYLINE
  5
345
330
17
100
AcDbEntity
  8
WALLS
100
AcDbPolyline
 90
5
 70
0
 10
3.4048970802989964
 20
2.2575000000000003
 10
3.561971730299351
 20
2.2575000000000003
 10
3.561971730299351
 20
2.3075
 10
3.4048970802989964
 20
2.3075
 10
3.4048970802989964
 20
2.2575000000000003
  0
LWPOLYLINE
  5
346
330
17
100
AcDbEntity
  8
WALLS
100
AcDbPolyline
 90
5
 70
0
 10
3.541483732473218
 20
2.2575000000000003
 10
3.6985583824735726
 20
2.2575000000000003
 10
3.6985583824735726
 20
2.3075
 10
3.541483732473218
 20
2.3075
 10
3.541483732473218
 20
2.2575000000000003
  0
LWPOLYLINE
  5
347
330
17
100
AcDbEntity
  8
WALLS
100
AcDbPolyline
 90
5
 70
0
 10
3.6780703846474387
 20
2.2575000000000003
 10
3.8351450346477933
 20
2.2575000000000003
 10
3.8351450346477933
 20
2.3075
 10
3.6780703846474387
 20
2.3075
 10
3.6780703846474387
 20
2.2575000000000003
  0
LWPOLYLINE
  5
348
330
17
100
AcDbEntity
  8
WALLS
100
AcDbPolyline
 90
5
 70
0
 10
3.814474424803669
 20
2.2581746541401593
 10
3.9473195077089627
 20
2.24878410164086
 10
3.950845110061692
 20
2.298659648034363
 10
3.818000027156398
 20
2.3080502005336623
 10
3.814474424803669
 20
2.2581746541401593
  0
LWPOLYLINE
  5
349
330
17
100
AcDbEntity
  8
WALLS
100
AcDbPolyline
 90
5
 70
0
 10
3.9314389616448
 20
2.2998156228107587
 10
3.814154099635354
 20
2.195343512687176
 10
3.847411200086517
 20
2.1580076683873446
 10
3.9646960620959626
 20
2.262479778510927
 10
3.9314389616448
 20
2.2998156228107587
  0
LWPOLYLINE
  5
34A
330
17
100
AcDbEntity
  8
WALLS
100
AcDbPolyline
 90
5
 70
0
 10
3.8312205440440175
 20
2.209523970375084
 10
3.7070970889232266
 20
2.113410347302751
 10
3.737709341921876
 20
2.0738769441309177
 10
3.8618327970426667
 20
2.169990567203251
 10
3.8312205440440175
 20
2.209523970375084
  0
LWPOLYLINE
  5
34B
330
17
100
AcDbEntity
  8
WALLS
100
AcDbPolyline
 90
5
 70
0
 10
3.7305996930693284
 20
2.1269026846623165
 10
3.5858847663716014
 20
2.0686423645561804
 10
3.604557686967419
 20
2.0222600183841477
 10
3.749272613665146
 20
2.0805203384902837
 10
3.7305996930693284
 20
2.1269026846623165
  0
LWPOLYLINE
  5
34C
330
17
100
AcDbEntity
  8
WALLS
100
AcDbPolyline
 90
5
 70
0
 10
3.610438927393153
 20
2.075639844690186
 10
3.455820864997024
 20
2.0486172225924086
 10
3.4644288969098063
 20
1.9993637781789617
 10
3.6190469593059356
 20
2.0263864002767393
 10
3.610438927393153
 20
2.075639844690186
  0
LWPOLYLINE
  5
34D
330
17
100
AcDbEntity
  8
WALLS
100
AcDbPolyline
 90
5
 70
0
 10
3.4791473688682077
 20
2.0512459434563617
 10
3.322385791163137
 20
2.043178489333373
 10
3.324955550998926
 20
1.9932445696555992
 10
3.481717128703997
 20
2.0013120237785875
 10
3.4791473688682077
 20
2.0512459434563617
  0
LWPOLYLINE
  5
34E
330
17
100
AcDbEntity
  8
WALLS
100
AcDbPolyline
 90
5
 70
0
 10
3.3459537428862545
 20
2.042910849535427
 10
3.1894340986704677
 20
2.0545358010275763
 10
3.1857307231366567
 20
2.004673139549717
 10
3.3422503673524435
 20
1.9930481880575677
 10
3.3459537428862545
 20
2.042910849535427
  0
LWPOLYLINE
  5
34F
330
17
100
AcDbEntity
  8
WALLS
100
AcDbPolyline
 90
5
 70
0
 10
3.213196011908356
 20
2.0510351738143866
 10
3.060040538281738
 20
2.085031110278334
 10
3.0492057429472466
 20
2.036219152623885
 10
3.2023612165738644
 20
2.002223216159938
 10
3.213196011908356
 20
2.0510351738143866
  0
LWPOLYLINE
  5
350
330
17
100
AcDbEntity
  8
WALLS
100
AcDbPolyline
 90
5
 70
0
 10
3.084108499989087
 20
2.0771013202559914
 10
2.9408198835902217
 20
2.140774540850442
 10
2.9205157852791395
 20
2.0950827079721925
 10
3.063804401678005
 20
2.0314094873777417
 10
3.084108499989087
 20
2.0771013202559914
  0
LWPOLYLINE
  5
351
330
17
100
AcDbEntity
  8
WALLS
100
AcDbPolyline
 90
5
 70
0
 10
2.9615237465585578
 20
2.130118821401845
 10
2.826274087142128
 20
2.209803142190338
 10
2.800893342348542
 20
2.1667239384636807
 10
2.9361430017649717
 20
2.0870396176751878
 10
2.9615237465585578
 20
2.130118821401845
  0
LWPOLYLINE
  5
352
330
17
100
AcDbEntity
  8
WALLS
100
AcDbPolyline
 90
5
 70
0
 10
2.847769386818115
 20
2.1922376677367015
 10
2.7440534024449184
 20
2.3077359204197774
 10
2.706851490098005
 20
2.274329069060624
 10
2.8105674744712017
 20
2.1588308163775483
 10
2.847769386818115
 20
2.1922376677367015
  0
LWPOLYLINE
  5
353
330
17
100
AcDbEntity
  8
FEATURES
100
AcDbPolyline
 90
5
 70
0
 10
10.18117476165575
 20
9.642158687525129
 10
10.181024720950465
 20
9.692158462402489
 10
9.73102674705422
 20
9.69080809605492
 10
9.731176787759505
 20
9.640808321177559
 10
10.18117476165575
 20
9.642158687525129
  0
TEXT
  5
354
330
17
100
AcDbEntity
  8
FEATURES
100
AcDbText
 10
9.956100754354985
 20
9.816483391790024
 30
0.0
 40
0.08
  1
BUMP
 11
9.956100754354985
 21
9.816483391790024
 31
0.0
100
AcDbText
  0
LWPOLYLINE
  5
355
330
17
100
AcDbEntity
  8
GRID
100
AcDbPolyline
 90
5
 70
0
 10
9.947936323378348
 20
4.5548428333046305
 10
9.949711333398886
 20
4.80483653190407
 10
9.779715618351267
 20
4.806043538718035
 10
9.777940608330729
 20
4.556049840118596
 10
9.947936323378348
 20
4.5548428333046305
  0
TEXT
  5
356
330
17
100
AcDbEntity
  8
GRID
100
AcDbText
 10
9.863825970864808
 20
4.680443186011333
 30
0.0
 40
0.06
  1
G0
 11
9.863825970864808
 21
4.680443186011333
 31
0.0
100
AcDbText
  0
LWPOLYLINE
  5
357
330
17
100
AcDbEntity
  8
GRID
100
AcDbPolyline
 90
5
 70
0
 10
9.951336287887479
 20
5.054830933704265
 10
9.953111149195646
 20
5.30482463335955
 10
9.783115433430051
 20
5.306031539049103
 10
9.781340572121884
 20
5.056037839393818
 10
9.951336287887479
 20
5.054830933704265
  0
TEXT
  5
358
330
17
100
AcDbEntity
  8
GRID
100
AcDbText
 10
9.867225860658765
 20
5.180431236376684
 30
0.0
 40
0.06
  1
G1
 11
9.867225860658765
 21
5.180431236376684
 31
0.0
100
AcDbText
  0
LWPOLYLINE
  5
359
330
17
100
AcDbEntity
  8
GRID
100
AcDbPolyline
 90
5
 70
0
 10
9.95484175536301
 20
5.554817308067387
 10
9.956566962220652
 20
5.804811355319114
 10
9.786571010089478
 20
5.80598449598231
 10
9.784845803231836
 20
5.555990448730583
 10
9.95484175536301
 20
5.554817308067387
  0
TEXT
  5
35A
330
17
100
AcDbEntity
  8
GRID
100
AcDbText
 10
9.870706382726244
 20
5.680400902024848
 30
0.0
 40
0.06
  1
G2
 11
9.870706382726244
 21
5.680400902024848
 31
0.0
100
AcDbText
  0
LWPOLYLINE
  5
35B
330
17
100
AcDbEntity
  8
GRID
100
AcDbPolyline
 90
5
 70
0
 10
10.126637788734087
 20
4.35360423634526
 10
10.128362635247765
 20
4.603598286083456
 10
9.95836668142579
 20
4.604771181712757
 10
9.956641834912112
 20
4.3547771319745605
 10
10.126637788734087
 20
4.35360423634526
  0
TEXT
  5
35C
330
17
100
AcDbEntity
  8
GRID
100
AcDbText
 10
10.042502235079938
 20
4.479187709029008
 30
0.0
 40
0.06
  1
G3
 11
10.042502235079938
 21
4.479187709029008
 31
0.0
100
AcDbText
  0
LWPOLYLINE
  5
35D
330
17
100
AcDbEntity
  8
GRID
100
AcDbPolyline
 90
5
 70
0
 10
10.130037656648202
 20
4.853592236200995
 10
10.131762651875576
 20
5.1035862849130895
 10
9.961766698751351
 20
5.104759281667705
 10
9.960041703523977
 20
4.85476523295561
 10
10.130037656648202
 20
4.853592236200995
  0
TEXT
  5
35E
330
17
100
AcDbEntity
  8
GRID
100
AcDbText
 10
10.045902177699777
 20
4.97917575893435
 30
0.0
 40
0.06
  1
G4
 11
10.045902177699777
 21
4.97917575893435
 31
0.0
100
AcDbText
  0
LWPOLYLINE
  5
35F
330
17
100
AcDbEntity
  8
GRID
100
AcDbPolyline
 90
5
 70
0
 10
10.133437525294156
 20
5.3535802364698934
 10
10.135162669230038
 20
5.603574284155835
 10
9.965166716803598
 20
5.604747382032235
 10
9.963441572867715
 20
5.354753334346293
 10
10.133437525294156
 20
5.3535802364698934
  0
TEXT
  5
360
330
17
100
AcDbEntity
  8
GRID
100
AcDbText
 10
10.049302121048877
 20
5.479163809251064
 30
0.0
 40
0.06
  1
G5
 11
10.049302121048877
 21
5.479163809251064
 31
0.0
100
AcDbText
  0
CIRCLE
  5
361
330
17
100
AcDbEntity
  8
MARKERS
100
AcDbCircle
 10
10.320999660916797
 20
6.46600933824468
 30
0.0
 40
0.05
  0
TEXT
  5
362
330
17
100
AcDbEntity
  8
MARKERS
100
AcDbText
 10
10.420999660916797
 20
6.56600933824468
 30
0.0
 40
0.1
  1
ID0
 11
10.420999660916797
 21
6.56600933824468
 31
0.0
100
AcDbText
  0
CIRCLE
  5
363
330
17
100
AcDbEntity
  8
MARKERS
100
AcDbCircle
 10
7.955294313166617
 20
9.119214711294289
 30
0.0
 40
0.05
  0
TEXT
  5
364
330
17
100
AcDbEntity
  8
MARKERS
100
AcDbText
 10
8.055294313166618
 20
9.219214711294288
 30
0.0
 40
0.1
  1
ID20
 11
8.055294313166618
 21
9.219214711294288
 31
0.0
100
AcDbText
  0
CIRCLE
  5
365
330
17
100
AcDbEntity
  8
MARKERS
100
AcDbCircle
 10
9.60633240351336
 20
5.7822979298323425
 30
0.0
 40
0.05
  0
TEXT
  5
366
330
17
100
AcDbEntity
  8
MARKERS
100
AcDbText
 10
9.70633240351336
 20
5.882297929832342
 30
0.0
 40
0.1
  1
ID45
 11
9.70633240351336
 21
5.882297929832342
 31
0.0
100
AcDbText
  0
CIRCLE
  5
367
330
17
100
AcDbEntity
  8
MARKERS
100
AcDbCircle
 10
2.5820932331917494
 20
2.4694250494251304
 30
0.0
 40
0.05
  0
TEXT
  5
368
330
17
100
AcDbEntity
  8
MARKERS
100
AcDbText
 10
2.6820932331917495
 20
2.5694250494251305
 30
0.0
 40
0.1
  1
ID30
 11
2.6820932331917495
 21
2.5694250494251305
 31
0.0
100
AcDbText
  0
LINE
  5
369
330
17
100
AcDbEntity
  8
FEATURES
100
AcDbLine
 10
10.390999594055321
 20
6.465912588039406
 30
0.0
 11
9.541000405944677
 21
6.467087411960594
 31
0.0
  0
TEXT
  5
36A
330
17
100
AcDbEntity
  8
FEATURES
100
AcDbText
 10
9.366
 20
6.7665
 30
0.0
 40
0.12
  1
START/FINISH + TRAFFIC LIGHT
 11
9.366
 21
6.7665
 31
0.0
100
AcDbText
  0
ENDSEC
  0
SECTION
  2
OBJECTS
  0
DICTIONARY
  5
A
330
0
100
AcDbDictionary
281
1
  3
ACAD_COLOR
350
B
  3
ACAD_GROUP
350
C
  3
ACAD_LAYOUT
350
D
  3
ACAD_MATERIAL
350
E
  3
ACAD_MLEADERSTYLE
350
F
  3
ACAD_MLINESTYLE
350
10
  3
ACAD_PLOTSETTINGS
350
11
  3
ACAD_PLOTSTYLENAME
350
12
  3
ACAD_SCALELIST
350
14
  3
ACAD_TABLESTYLE
350
15
  3
ACAD_VISUALSTYLE
350
16
  3
EZDXF_META
350
2D
  0
DICTIONARY
  5
B
330
A
100
AcDbDictionary
281
1
  0
DICTIONARY
  5
C
330
A
100
AcDbDictionary
281
1
  0
DICTIONARY
  5
D
330
A
100
AcDbDictionary
281
1
  3
Model
350
1A
  3
Layout1
350
1E
  0
DICTIONARY
  5
E
330
A
100
AcDbDictionary
281
1
  3
ByBlock
350
1F
  3
ByLayer
350
20
  3
Global
350
21
  0
DICTIONARY
  5
F
330
A
100
AcDbDictionary
281
1
  3
Standard
350
2C
  0
DICTIONARY
  5
10
330
A
100
AcDbDictionary
281
1
  3
Standard
350
22
  0
DICTIONARY
  5
11
330
A
100
AcDbDictionary
281
1
  0
ACDBDICTIONARYWDFLT
  5
12
330
A
100
AcDbDictionary
281
1
  3
Normal
350
13
100
AcDbDictionaryWithDefault
340
13
  0
ACDBPLACEHOLDER
  5
13
330
12
  0
DICTIONARY
  5
14
330
A
100
AcDbDictionary
281
1
  0
DICTIONARY
  5
15
330
A
100
AcDbDictionary
281
1
  0
DICTIONARY
  5
16
330
A
100
AcDbDictionary
281
1
  3
2dWireframe
350
5A
  3
Basic
350
5B
  3
Brighten
350
5C
  3
ColorChange
350
5D
  3
Conceptual
350
5E
  3
Dim
350
5F
  3
EdgeColorOff
350
60
  3
Facepattern
350
61
  3
Flat
350
62
  3
FlatWithEdges
350
63
  3
Gouraud
350
64
  3
GouraudWithEdges
350
65
  3
Hidden
350
66
  3
JitterOff
350
67
  3
Linepattern
350
68
  3
Modeling
350
69
  3
OverhangOff
350
6A
  3
Realistic
350
6B
  3
Shaded
350
6C
  3
Shaded with edges
350
6D
  3
Shades of Gray
350
6E
  3
Sketchy
350
6F
  3
Thicken
350
70
  3
Wireframe
350
71
  3
X-Ray
350
72
  0
LAYOUT
  5
1A
330
D
100
AcDbPlotSettings
  1

  4
A3
  6

 40
7.5
 41
20.0
 42
7.5
 43
20.0
 44
420.0
 45
297.0
 46
0.0
 47
0.0
 48
0.0
 49
0.0
140
0.0
141
0.0
142
1.0
143
1.0
 70
1024
 72
1
 73
0
 74
5
  7

 75
16
 76
0
 77
2
 78
300
147
1.0
148
0.0
149
0.0
100
AcDbLayout
  1
Model
 70
1
 71
0
 10
0.0
 20
0.0
 11
420.0
 21
297.0
 12
0.0
 22
0.0
 32
0.0
 14
1e+20
 24
1e+20
 34
1e+20
 15
-1e+20
 25
-1e+20
 35
-1e+20
146
0.0
 13
0.0
 23
0.0
 33
0.0
 16
1.0
 26
0.0
 36
0.0
 17
0.0
 27
1.0
 37
0.0
 76
1
330
17
  0
LAYOUT
  5
1E
330
D
100
AcDbPlotSettings
  1

  4
A3
  6

 40
7.5
 41
20.0
 42
7.5
 43
20.0
 44
420.0
 45
297.0
 46
0.0
 47
0.0
 48
0.0
 49
0.0
140
0.0
141
0.0
142
1.0
143
1.0
 70
0
 72
1
 73
0
 74
5
  7

 75
16
 76
0
 77
2
 78
300
147
1.0
148
0.0
149
0.0
100
AcDbLayout
  1
Layout1
 70
1
 71
1
 10
0.0
 20
0.0
 11
420.0
 21
297.0
 12
0.0
 22
0.0
 32
0.0
 14
1e+20
 24
1e+20
 34
1e+20
 15
-1e+20
 25
-1e+20
 35
-1e+20
146
0.0
 13
0.0
 23
0.0
 33
0.0
 16
1.0
 26
0.0
 36
0.0
 17
0.0
 27
1.0
 37
0.0
 76
1
330
1B
  0
MATERIAL
  5
1F
102
{ACAD_REACTORS
330
E
102
}
330
E
100
AcDbMaterial
  1
ByBlock
  2

 70
0
 40
1.0
 71
1
 41
1.0
 91
-1023410177
 42
1.0
 72
1
  3

 73
1
 74
1
 75
1
 44
0.5
 73
0
 45
1.0
 46
1.0
 77
1
  4

 78
1
 79
1
170
1
 48
1.0
171
1
  6

172
1
173
1
174
1
140
1.0
141
1.0
175
1
  7

176
1
177
1
178
1
143
1.0
179
1
  8

270
1
271
1
272
1
145
1.0
146
1.0
273
1
  9

274
1
275
1
276
1
 42
1.0
 72
1
  3

 73
1
 74
1
 75
1
 94
63
  0
MATERIAL
  5
20
102
{ACAD_REACTORS
330
E
102
}
330
E
100
AcDbMaterial
  1
ByLayer
  2

 70
0
 40
1.0
 71
1
 41
1.0
 91
-1023410177
 42
1.0
 72
1
  3

 73
1
 74
1
 75
1
 44
0.5
 73
0
 45
1.0
 46
1.0
 77
1
  4

 78
1
 79
1
170
1
 48
1.0
171
1
  6

172
1
173
1
174
1
140
1.0
141
1.0
175
1
  7

176
1
177
1
178
1
143
1.0
179
1
  8

270
1
271
1
272
1
145
1.0
146
1.0
273
1
  9

274
1
275
1
276
1
 42
1.0
 72
1
  3

 73
1
 74
1
 75
1
 94
63
  0
MATERIAL
  5
21
102
{ACAD_REACTORS
330
E
102
}
330
E
100
AcDbMaterial
  1
Global
  2

 70
0
 40
1.0
 71
1
 41
1.0
 91
-1023410177
 42
1.0
 72
1
  3

 73
1
 74
1
 75
1
 44
0.5
 73
0
 45
1.0
 46
1.0
 77
1
  4

 78
1
 79
1
170
1
 48
1.0
171
1
  6

172
1
173
1
174
1
140
1.0
141
1.0
175
1
  7

176
1
177
1
178
1
143
1.0
179
1
  8

270
1
271
1
272
1
145
1.0
146
1.0
273
1
  9

274
1
275
1
276
1
 42
1.0
 72
1
  3

 73
1
 74
1
 75
1
 94
63
  0
MLINESTYLE
  5
22
102
{ACAD_REACTORS
330
10
102
}
330
10
100
AcDbMlineStyle
  2
Standard
 70
0
  3

 62
256
 51
90.0
 52
90.0
 71
2
 49
0.5
 62
256
  6
BYLAYER
 49
-0.5
 62
256
  6
BYLAYER
  0
MLEADERSTYLE
  5
2C
102
{ACAD_REACTORS
330
F
102
}
330
F
100
AcDbMLeaderStyle
179
2
170
2
171
1
172
0
 90
2
 40
0.0
 41
0.0
173
1
 91
-1056964608
 92
-2
290
1
 42
2.0
291
1
 43
8.0
  3
Standard
 44
4.0
300

342
29
174
1
175
1
176
0
178
1
 93
-1056964608
 45
4.0
292
0
297
0
 46
4.0
 94
-1056964608
 47
1.0
 49
1.0
140
1.0
294
1
141
0.0
177
0
142
1.0
295
0
296
0
143
3.75
271
0
272
9
273
9
  0
DICTIONARY
  5
2D
330
A
100
AcDbDictionary
280
1
281
1
  3
CREATED_BY_EZDXF
350
2E
  3
WRITTEN_BY_EZDXF
350
36D
  0
DICTIONARYVAR
  5
2E
330
2D
100
DictionaryVariables
280
0
  1
1.4.4 @ 2026-08-31T04:37:46.630530+00:00
  0
VISUALSTYLE
  5
5A
102
{ACAD_REACTORS
330
16
102
}
330
16
100
AcDbVisualStyle
  2
2dWireframe
 70
4
 90
0
 40
0.6
 62
7
290
0
291
0
  0
VISUALSTYLE
  5
5B
102
{ACAD_REACTORS
330
16
102
}
330
16
100
AcDbVisualStyle
  2
Basic
 70
7
 90
1
 40
0.6
 62
7
290
0
291
1
  0
VISUALSTYLE
  5
5C
102
{ACAD_REACTORS
330
16
102
}
330
16
100
AcDbVisualStyle
  2
Brighten
 70
12
 90
2
 40
0.6
 62
7
290
0
291
1
  0
VISUALSTYLE
  5
5D
102
{ACAD_REACTORS
330
16
102
}
330
16
100
AcDbVisualStyle
  2
ColorChange
 70
16
 90
2
 40
0.6
 62
8
290
0
291
1
  0
VISUALSTYLE
  5
5E
102
{ACAD_REACTORS
330
16
102
}
330
16
100
AcDbVisualStyle
  2
Conceptual
 70
9
 90
3
 40
0.6
 62
7
290
0
291
0
  0
VISUALSTYLE
  5
5F
102
{ACAD_REACTORS
330
16
102
}
330
16
100
AcDbVisualStyle
  2
Dim
 70
11
 90
2
 40
0.6
 62
7
290
0
291
1
  0
VISUALSTYLE
  5
60
102
{ACAD_REACTORS
330
16
102
}
330
16
100
AcDbVisualStyle
  2
EdgeColorOff
 70
22
 90
2
 40
0.6
 62
7
290
0
291
1
  0
VISUALSTYLE
  5
61
102
{ACAD_REACTORS
330
16
102
}
330
16
100
AcDbVisualStyle
  2
Facepattern
 70
15
 90
2
 40
0.6
 62
7
290
0
291
1
  0
VISUALSTYLE
  5
62
102
{ACAD_REACTORS
330
16
102
}
330
16
100
AcDbVisualStyle
  2
Flat
 70
0
 90
2
 40
0.6
 62
7
290
0
291
1
  0
VISUALSTYLE
  5
63
102
{ACAD_REACTORS
330
16
102
}
330
16
100
AcDbVisualStyle
  2
FlatWithEdges
 70
1
 90
2
 40
0.6
 62
7
290
0
291
1
  0
VISUALSTYLE
  5
64
102
{ACAD_REACTORS
330
16
102
}
330
16
100
AcDbVisualStyle
  2
Gouraud
 70
2
 90
2
 40
0.6
 62
7
290
0
291
1
  0
VISUALSTYLE
  5
65
102
{ACAD_REACTORS
330
16
102
}
330
16
100
AcDbVisualStyle
  2
GouraudWithEdges
 70
3
 90
2
 40
0.6
 62
7
290
0
291
1
  0
VISUALSTYLE
  5
66
102
{ACAD_REACTORS
330
16
102
}
330
16
100
AcDbVisualStyle
  2
Hidden
 70
6
 90
1
 40
0.6
 62
7
290
0
291
0
  0
VISUALSTYLE
  5
67
102
{ACAD_REACTORS
330
16
102
}
330
16
100
AcDbVisualStyle
  2
JitterOff
 70
20
 90
2
 40
0.6
 62
7
290
0
291
1
  0
VISUALSTYLE
  5
68
102
{ACAD_REACTORS
330
16
102
}
330
16
100
AcDbVisualStyle
  2
Linepattern
 70
14
 90
2
 40
0.6
 62
7
290
0
291
1
  0
VISUALSTYLE
  5
69
102
{ACAD_REACTORS
330
16
102
}
330
16
100
AcDbVisualStyle
  2
Modeling
 70
10
 90
2
 40
0.6
 62
7
290
0
291
0
  0
VISUALSTYLE
  5
6A
102
{ACAD_REACTORS
330
16
102
}
330
16
100
AcDbVisualStyle
  2
OverhangOff
 70
21
 90
2
 40
0.6
 62
7
290
0
291
1
  0
VISUALSTYLE
  5
6B
102
{ACAD_REACTORS
330
16
102
}
330
16
100
AcDbVisualStyle
  2
Realistic
 70
8
 90
2
 40
0.6
 62
7
290
0
291
0
  0
VISUALSTYLE
  5
6C
102
{ACAD_REACTORS
330
16
102
}
330
16
100
AcDbVisualStyle
  2
Shaded
 70
27
 90
2
 40
0.6
 62
7
290
0
291
0
  0
VISUALSTYLE
  5
6D
102
{ACAD_REACTORS
330
16
102
}
330
16
100
AcDbVisualStyle
  2
Shaded with edges
 70
26
 90
2
 40
0.6
 62
7
290
0
291
0
  0
VISUALSTYLE
  5
6E
102
{ACAD_REACTORS
330
16
102
}
330
16
100
AcDbVisualStyle
  2
Shades of Gray
 70
23
 90
2
 40
0.6
 62
7
290
0
291
0
  0
VISUALSTYLE
  5
6F
102
{ACAD_REACTORS
330
16
102
}
330
16
100
AcDbVisualStyle
  2
Sketchy
 70
24
 90
1
 40
0.6
 62
7
290
0
291
0
  0
VISUALSTYLE
  5
70
102
{ACAD_REACTORS
330
16
102
}
330
16
100
AcDbVisualStyle
  2
Thicken
 70
13
 90
2
 40
0.6
 62
7
290
0
291
1
  0
VISUALSTYLE
  5
71
102
{ACAD_REACTORS
330
16
102
}
330
16
100
AcDbVisualStyle
  2
Wireframe
 70
5
 90
0
 40
0.6
 62
7
290
0
291
0
  0
VISUALSTYLE
  5
72
102
{ACAD_REACTORS
330
16
102
}
330
16
100
AcDbVisualStyle
  2
X-Ray
 70
25
 90
2
 40
0.5
 62
7
290
0
291
0
  0
DICTIONARYVAR
  5
36D
330
2D
100
DictionaryVariables
280
0
  1
1.4.4 @ 2026-08-31T04:37:46.694553+00:00
  0
ENDSEC
  0
EOF
